name,age,score,active
Person_0,19,41.82617768469373,false
Person_1,50,1.5567663520995922,false
Person_2,58,12.579862846175837,true
Person_3,19,35.74618725269936,false
Person_4,76,74.0751897333731,false
Person_5,40,89.42669641442399,false
Person_6,60,84.1615750094269,false
Person_7,55,17.182300110382364,true
Person_8,21,79.11063976780659,true
Person_9,72,75.89772027706722,true
Person_10,56,36.19845349521692,false
Person_11,74,49.29319435382404,true
Person_12,55,29.805273457184832,false
Person_13,30,74.7790717066074,false
Person_14,21,93.97800041105397,false
Person_15,69,89.57151299314104,true
Person_16,50,98.7321594348518,true
Person_17,39,99.50740747268094,false
Person_18,38,41.24149694679734,true
Person_19,29,81.50175524950711,false
Person_20,59,81.08105743678193,true
Person_21,21,13.55099142350219,true
Person_22,51,6.601138901336556,false
Person_23,62,95.38314611095949,true
Person_24,21,60.16796428014809,true
Person_25,19,40.623398922287,true
Person_26,48,7.066359426517355,true
Person_27,26,96.05112523102149,false
Person_28,54,95.98950982389776,true
Person_29,72,91.75962619251946,false
Person_30,51,12.456090602298243,true
Person_31,44,38.40606885715053,true
Person_32,74,89.33088151733698,false
Person_33,73,42.81568735037117,false
Person_34,32,37.7849169300695,true
Person_35,68,80.3170664364169,true
Person_36,66,61.614467034237585,true
Person_37,79,67.53123900118172,false
Person_38,44,16.153048734209353,true
Person_39,70,77.53301473329853,false
Person_40,23,91.14441189804165,true
Person_41,72,75.22754293667525,false
Person_42,54,49.75532116061589,true
Person_43,34,51.31577420755862,true
Person_44,60,20.4080159071654,false
Person_45,44,45.00157188354118,true
Person_46,44,87.67114176571286,false
Person_47,19,85.21193417700994,false
Person_48,55,44.09570070348578,true
Person_49,56,10.704208587596808,true
Person_50,43,82.1246951960062,true
Person_51,33,84.19524752099254,false
Person_52,55,34.72936887791379,true
Person_53,41,45.01034549040466,false
Person_54,28,87.84348646992444,false
Person_55,48,3.242236936238596,false
Person_56,64,48.021599227735436,true
Person_57,57,91.55948289549937,true
Person_58,49,3.1840250882688714,false
Person_59,75,97.8059089426463,true
Person_60,54,80.09482890895374,false
Person_61,60,68.49176485265896,false
Person_62,70,73.9228135924586,false
Person_63,36,52.68413638342977,false
Person_64,25,69.85585440349146,true
Person_65,27,80.96744017521583,false
Person_66,25,58.510415514537605,false
Person_67,31,44.70615996877879,true
Person_68,31,28.30344633049824,false
Person_69,22,61.71807760055261,true
Person_70,26,18.54526323293334,false
Person_71,39,27.58986059715899,true
Person_72,65,44.48078818589261,false
Person_73,20,79.24615933975274,false
Person_74,52,40.35873143567068,true
Person_75,51,68.10328335181627,false
Person_76,18,54.80007739193421,true
Person_77,20,79.09729904983332,true
Person_78,44,32.07756534503008,false
Person_79,63,62.6171925574452,true
Person_80,28,68.64755576172202,true
Person_81,44,71.10402418329261,false
Person_82,28,75.91913537454596,true
Person_83,80,3.4204781523379246,false
Person_84,36,57.32736502616199,false
Person_85,43,93.36855024642236,false
Person_86,25,43.797355946916404,true
Person_87,24,47.90635215080707,false
Person_88,45,85.43604439119774,false
Person_89,36,72.08864988868844,true
Person_90,22,4.6110343652352785,false
Person_91,24,57.93058797775134,false
Person_92,51,93.78180399431125,true
Person_93,32,82.92074208324797,true
Person_94,75,28.13360702695169,false
Person_95,78,32.89985075614914,false
Person_96,44,41.33369038798534,true
Person_97,45,81.79133605025028,false
Person_98,26,41.695360797443946,true
Person_99,71,33.012837344712395,true
Person_100,26,0.8176603765201351,true
Person_101,46,77.34447088864496,false
Person_102,23,76.98271989102997,false
Person_103,60,52.53706693164011,false
Person_104,31,92.1674744741093,true
Person_105,59,37.63952245094392,true
Person_106,57,13.34889796992309,false
Person_107,19,96.95985455093418,true
Person_108,63,0.04291431925910194,false
Person_109,54,36.282549772025206,true
Person_110,69,52.08836916557156,true
Person_111,80,65.91415967227033,true
Person_112,18,37.937238809821515,false
Person_113,39,65.66659301138756,true
Person_114,20,56.6515498152952,false
Person_115,29,12.066624751206911,false
Person_116,66,46.42676863750618,true
Person_117,75,82.43991287947009,true
Person_118,31,23.368787198505913,true
Person_119,51,91.11811435179382,false
Person_120,55,31.566203592955443,false
Person_121,34,39.5941237006028,true
Person_122,28,84.60399300488577,true
Person_123,34,74.31844280672063,false
Person_124,62,18.71733320701322,false
Person_125,20,72.79583622116878,false
Person_126,70,7.636508871643011,false
Person_127,76,99.95560519369832,false
Person_128,56,48.51147779973929,false
Person_129,54,88.96834201373508,true
Person_130,26,32.29409924697174,false
Person_131,58,81.15774968911349,true
Person_132,44,3.4312992968436706,false
Person_133,72,78.4401426778498,false
Person_134,31,53.12096674197085,true
Person_135,40,64.27647978153306,true
Person_136,22,53.49437789184738,false
Person_137,27,45.35469073393371,true
Person_138,65,35.97092436386235,false
Person_139,68,47.71206593534612,true
Person_140,37,69.10345460858497,true
Person_141,47,77.90781790661686,true
Person_142,64,38.71412731794619,true
Person_143,44,66.3554904357992,true
Person_144,20,16.095077038094587,false
Person_145,77,21.470204139797268,true
Person_146,44,18.066338070153808,true
Person_147,33,47.773159922196264,true
Person_148,42,81.47620094502017,false
Person_149,53,61.69736400580549,false
Person_150,30,67.19467942280806,true
Person_151,55,92.88243476479518,false
Person_152,75,75.7564428695842,false
Person_153,27,94.50007156882486,false
Person_154,37,45.72860899303953,false
Person_155,19,2.0563445106970835,true
Person_156,72,40.98638916230346,false
Person_157,72,12.983570317374049,true
Person_158,27,17.8658594569549,true
Person_159,66,92.21231930424133,true
Person_160,29,48.63516615668275,false
Person_161,64,75.12033652540609,false
Person_162,24,7.422816118448939,true
Person_163,31,93.18404894164063,false
Person_164,32,17.920031335345822,false
Person_165,75,61.24504837568765,true
Person_166,25,37.21476243695422,true
Person_167,31,63.96010357061479,true
Person_168,60,98.75010270899321,true
Person_169,48,7.974920143537034,true
Person_170,48,8.801752849520694,false
Person_171,39,85.89945486953327,false
Person_172,57,61.45937528483869,true
Person_173,30,92.32610970237411,true
Person_174,47,15.671118866927813,false
Person_175,77,22.08170901156241,false
Person_176,38,47.90809614419316,false
Person_177,71,75.94844777649263,false
Person_178,37,61.71932834477122,true
Person_179,51,58.83530234258038,true
Person_180,31,5.601959431324788,true
Person_181,32,86.96442241489967,true
Person_182,59,16.27669806637664,true
Person_183,42,71.23502778546019,false
Person_184,53,82.74494750379796,false
Person_185,57,28.797250284278398,false
Person_186,37,65.15287512949976,false
Person_187,58,24.855641850037426,true
Person_188,35,2.876027576986695,true
Person_189,19,1.820495460890581,false
Person_190,35,36.11936498010904,false
Person_191,75,91.05840076371582,false
Person_192,78,44.199623154957365,true
Person_193,68,30.580156051716102,false
Person_194,79,19.217893896606817,true
Person_195,57,99.45738055863266,true
Person_196,61,11.608664311358318,true
Person_197,30,11.14225487071181,true
Person_198,74,2.6431311382815625,true
Person_199,54,63.2730125978361,true
Person_200,49,2.780887884758154,false
Person_201,53,36.55328629795633,false
Person_202,65,76.01152895343094,false
Person_203,46,25.87239459760109,false
Person_204,48,42.424579880928725,false
Person_205,47,35.97466184873637,true
Person_206,69,47.203635524857944,false
Person_207,25,74.17825749141926,false
Person_208,74,41.12953276706474,false
Person_209,25,83.4980310444316,false
Person_210,47,25.431092146672242,true
Person_211,21,80.80571444807654,true
Person_212,69,79.55813508320875,false
Person_213,70,56.598891296256035,false
Person_214,80,17.621488208695666,true
Person_215,18,48.16767710234628,false
Person_216,62,67.57736577778765,true
Person_217,50,81.94944222806303,false
Person_218,58,53.33974655548332,true
Person_219,51,81.76919762185145,true
Person_220,77,47.58994663857009,false
Person_221,43,73.72945412962783,false
Person_222,47,33.815797353152135,false
Person_223,78,30.736788126847824,true
Person_224,43,80.08329200173921,true
Person_225,79,49.48563356607342,false
Person_226,79,33.209751977973504,true
Person_227,44,57.67024886666003,true
Person_228,21,83.12093311433124,true
Person_229,76,88.94598286288745,true
Person_230,72,87.44308098445718,true
Person_231,22,57.50281838529915,true
Person_232,54,32.22422991046526,true
Person_233,29,26.245305435588918,false
Person_234,59,57.877121280506216,false
Person_235,27,27.526822688789267,true
Person_236,64,45.45639007368818,false
Person_237,24,76.55453434406157,true
Person_238,77,48.921354066465305,true
Person_239,54,10.524020651640464,true
Person_240,73,12.947880032437975,false
Person_241,79,80.47619739951156,false
Person_242,24,56.58648649623132,false
Person_243,65,63.351681224714895,false
Person_244,40,72.00141165810648,false
Person_245,27,45.211133908382806,false
Person_246,54,18.48057808430912,false
Person_247,61,33.90863470047597,false
Person_248,22,35.29432655375794,false
Person_249,76,5.501017038121558,false
Person_250,51,18.116888439271605,true
Person_251,79,11.03747431500297,false
Person_252,49,73.30405442884297,false
Person_253,54,22.40187300160916,true
Person_254,68,38.44805035264709,false
Person_255,56,98.0496386527025,true
Person_256,66,66.36187364432348,true
Person_257,19,7.355110447865021,false
Person_258,73,40.50240684523055,true
Person_259,52,2.6433978848942385,true
Person_260,39,0.01228691826308248,false
Person_261,62,96.04416289042447,false
Person_262,19,0.8500700762036795,true
Person_263,40,95.76434801494294,true
Person_264,62,60.985678138345946,false
Person_265,65,82.61738600839035,false
Person_266,28,22.76813397394587,true
Person_267,31,9.528632597454678,false
Person_268,31,95.3141800122721,true
Person_269,22,62.55468275099384,true
Person_270,65,19.464934631697282,false
Person_271,29,75.1972211897035,false
Person_272,22,12.21324760493867,true
Person_273,33,99.57456173548587,false
Person_274,22,37.71387212124496,true
Person_275,53,3.3086970059535425,true
Person_276,62,1.6479691641589356,false
Person_277,75,86.50002810572704,false
Person_278,72,74.19630212491775,false
Person_279,22,27.333901205291433,false
Person_280,53,5.70129719750061,false
Person_281,61,36.2237645271908,false
Person_282,80,34.8656289420535,true
Person_283,70,2.832089057811704,true
Person_284,20,42.555833848858086,false
Person_285,69,11.866610106632358,false
Person_286,33,62.373761850970446,false
Person_287,53,85.79663480189066,true
Person_288,20,47.08425441430557,true
Person_289,79,16.936165329720907,true
Person_290,65,14.036296924620995,false
Person_291,33,15.400299646441361,false
Person_292,74,90.6120471998852,false
Person_293,57,77.08638199008865,true
Person_294,33,3.094702148198347,false
Person_295,68,27.954800449213803,true
Person_296,23,38.25290601166847,false
Person_297,47,17.739791045593744,true
Person_298,71,50.02395892459292,false
Person_299,75,12.444691615134163,true
Person_300,75,43.70123383901399,true
Person_301,58,88.87664889517929,true
Person_302,80,23.596596640815136,false
Person_303,24,25.030250676628352,false
Person_304,38,68.99433850940942,false
Person_305,66,71.13633557117952,true
Person_306,39,95.95068080130676,false
Person_307,60,50.199669391435805,false
Person_308,49,40.821987246708105,false
Person_309,29,31.85524736858738,true
Person_310,56,64.32065160921523,false
Person_311,36,94.17474345120786,false
Person_312,80,82.63881896347199,false
Person_313,45,90.11364007502749,false
Person_314,65,53.92858824476162,false
Person_315,77,91.03064032394751,true
Person_316,21,11.672257413117071,false
Person_317,19,50.86956829259754,true
Person_318,55,39.43373012509841,false
Person_319,56,33.08857737794162,true
Person_320,78,19.73792433913022,false
Person_321,22,6.737838669688556,false
Person_322,63,66.35968862410773,true
Person_323,34,25.74659102569157,false
Person_324,62,63.717029534835035,true
Person_325,21,41.102050688014316,false
Person_326,78,46.21349601912708,false
Person_327,48,75.41514661014513,true
Person_328,71,95.46670962504305,true
Person_329,35,39.79828052280033,false
Person_330,25,40.76086500558045,false
Person_331,76,0.4494965821038033,false
Person_332,45,15.98713120801155,false
Person_333,67,58.53016065254442,true
Person_334,79,84.85247267056673,true
Person_335,39,17.23941239001058,true
Person_336,58,17.612553953312414,false
Person_337,44,40.43194005516211,false
Person_338,21,72.7316555772821,false
Person_339,64,65.88033896611297,true
Person_340,36,4.5487919315402525,true
Person_341,79,25.978524347907705,false
Person_342,64,77.38943747454714,false
Person_343,42,61.23262863008754,false
Person_344,29,55.26214782956691,true
Person_345,26,44.03820768331722,false
Person_346,39,96.85037537286085,false
Person_347,59,29.5453501124216,false
Person_348,29,34.73896068451191,true
Person_349,24,37.552173031866886,true
Person_350,42,57.86639306218579,true
Person_351,43,18.70593946750365,true
Person_352,54,16.07030040576687,false
Person_353,50,67.9384430973707,true
Person_354,63,47.44456607671078,true
Person_355,70,77.90506897685484,true
Person_356,76,54.53064114815778,false
Person_357,76,69.57619689061096,true
Person_358,38,35.2882040239593,false
Person_359,69,40.90707313511288,false
Person_360,74,98.65521534311382,true
Person_361,26,67.29224186198093,false
Person_362,57,84.72120121976158,false
Person_363,24,32.07968457299825,false
Person_364,73,93.93910438621258,true
Person_365,76,23.851702181922974,false
Person_366,80,11.271053217968497,true
Person_367,18,54.03826482903147,false
Person_368,20,97.15467408843996,true
Person_369,35,20.87974691658391,false
Person_370,53,69.73514344890356,false
Person_371,60,94.42082752732209,false
Person_372,37,5.405923462794792,true
Person_373,74,78.61755473618928,false
Person_374,24,2.80806185872422,true
Person_375,42,10.049921446994281,false
Person_376,20,13.589183209610534,false
Person_377,18,21.182488475894857,false
Person_378,41,94.97119476604176,false
Person_379,58,3.338879794680194,false
Person_380,24,99.81508060412443,false
Person_381,61,92.92456277776799,false
Person_382,45,69.12232950148751,false
Person_383,31,12.864406907426762,false
Person_384,67,22.18661914990626,true
Person_385,52,86.36061907770676,true
Person_386,54,72.00832304967234,false
Person_387,20,0.0009316532372016795,false
Person_388,73,0.9483098810866508,true
Person_389,29,59.11298561493656,false
Person_390,52,0.5585320513869729,false
Person_391,42,10.816067881013879,false
Person_392,76,31.205209840758407,false
Person_393,27,15.155955847597324,true
Person_394,60,6.508466158245407,true
Person_395,70,69.84974905220739,false
Person_396,47,25.126153314854506,true
Person_397,54,81.21368400385688,true
Person_398,35,67.49925159360875,false
Person_399,39,45.376100935048,true
Person_400,19,40.00686126094377,false
Person_401,60,20.391033838478666,true
Person_402,58,62.446112244795195,false
Person_403,41,96.32952948902833,false
Person_404,41,58.65655058718391,true
Person_405,58,76.89460633521054,true
Person_406,61,4.486244796596617,false
Person_407,75,8.902375964905861,true
Person_408,37,38.41294630898793,false
Person_409,53,96.27963530734715,true
Person_410,56,36.278832538857266,true
Person_411,30,34.098848743778234,false
Person_412,22,44.856548156796606,true
Person_413,68,91.88590904405991,true
Person_414,51,37.603749413953004,true
Person_415,53,85.4860801343396,true
Person_416,74,83.15615188730973,true
Person_417,41,61.47842778903927,true
Person_418,74,7.661477971494213,false
Person_419,47,81.71319628240917,true
Person_420,66,81.76221912272236,true
Person_421,47,40.892249023323835,true
Person_422,66,22.69811085044211,true
Person_423,39,46.69876733013055,true
Person_424,71,29.053721378966934,true
Person_425,63,7.995463249726164,false
Person_426,37,33.94166387888805,true
Person_427,23,45.98439983954597,true
Person_428,24,62.1137628387315,true
Person_429,72,8.970386578668865,false
Person_430,48,88.79650488430538,false
Person_431,19,62.33438885787758,false
Person_432,45,62.299249621717,false
Person_433,51,36.75855637199744,false
Person_434,26,84.98664975324849,false
Person_435,57,79.99693246201039,false
Person_436,36,41.909357087323386,true
Person_437,67,93.75798281655514,false
Person_438,60,12.658204331618172,false
Person_439,28,71.18947558535184,false
Person_440,18,87.10775043806666,true
Person_441,20,78.00117689838201,true
Person_442,30,17.186488453914407,false
Person_443,36,81.81690980690861,false
Person_444,31,22.739156486128486,false
Person_445,21,15.807804330249741,false
Person_446,30,53.14485663785993,true
Person_447,22,19.251230862676906,true
Person_448,68,3.0056060586443056,false
Person_449,31,36.729725008677306,false
Person_450,80,35.68417133752103,false
Person_451,32,99.69810600464152,false
Person_452,40,13.64153137368751,true
Person_453,18,7.91452966545746,false
Person_454,56,88.68422469690228,true
Person_455,54,95.7434271609858,true
Person_456,27,53.338861145304016,false
Person_457,55,31.037589019215282,false
Person_458,37,32.23664260604705,false
Person_459,41,85.36720275527352,false
Person_460,60,19.126955376223798,true
Person_461,26,55.60582692500341,true
Person_462,54,90.88869578550019,false
Person_463,74,0.47723408826747526,false
Person_464,45,94.71338889365761,false
Person_465,32,37.42550797809753,false
Person_466,60,54.558224839494706,false
Person_467,55,29.11000038568976,false
Person_468,21,27.830517035969393,false
Person_469,66,92.41900246168882,true
Person_470,35,69.33829882972319,true
Person_471,24,88.88654117065458,true
Person_472,22,37.19007103737779,false
Person_473,40,2.325702195072199,true
Person_474,50,33.6162073009041,false
Person_475,59,94.20037666402511,false
Person_476,58,73.38018906683064,true
Person_477,75,58.878390228666234,true
Person_478,69,99.5506318951394,true
Person_479,23,50.00460721822041,false
Person_480,36,45.2188814135718,false
Person_481,49,43.54680360045585,false
Person_482,22,87.43569590428483,true
Person_483,51,35.37000274712949,true
Person_484,36,15.970284472014761,false
Person_485,28,75.26955200820778,true
Person_486,27,79.91513901793616,true
Person_487,40,51.026123809167636,true
Person_488,36,38.37843345141449,false
Person_489,66,43.16560231745651,false
Person_490,68,28.01044096983245,true
Person_491,43,77.77775684316231,false
Person_492,35,22.317344756707534,true
Person_493,52,36.951085107187055,true
Person_494,22,31.27163006356517,false
Person_495,33,21.905023952956792,true
Person_496,67,0.12448369692006356,true
Person_497,28,63.21610223992421,false
Person_498,66,52.02098321750076,false
Person_499,73,33.03336453931757,true
Person_500,47,15.547396319897722,false
Person_501,70,80.30127728314326,true
Person_502,18,33.40591983376442,false
Person_503,41,90.04450371162824,false
Person_504,47,9.93142096495474,false
Person_505,20,88.22316565574349,false
Person_506,63,37.08640947034865,true
Person_507,36,21.68028147907467,true
Person_508,67,25.759517318334268,true
Person_509,34,77.24074769618767,false
Person_510,41,86.18845769354083,true
Person_511,56,51.671211089636735,false
Person_512,73,20.735235373250394,false
Person_513,41,28.139821082120896,true
Person_514,28,57.245325334021715,true
Person_515,60,66.67860213059703,false
Person_516,78,46.17321607631539,true
Person_517,68,3.606698382788287,false
Person_518,46,55.53110737182212,true
Person_519,45,87.96685040112932,true
Person_520,56,69.96567628612598,false
Person_521,20,37.438798897837025,false
Person_522,73,0.63627496587364,true
Person_523,29,52.53431829612206,true
Person_524,20,98.24218507584365,false
Person_525,53,61.11638888483346,true
Person_526,44,99.5448413260407,true
Person_527,54,14.829321078765512,true
Person_528,75,93.70790166193929,true
Person_529,78,72.54389060487257,false
Person_530,33,11.425673602682075,true
Person_531,74,38.578674694108884,false
Person_532,64,26.499827596632606,true
Person_533,23,45.798494320556735,false
Person_534,40,70.61628790936437,true
Person_535,24,22.183187855483443,false
Person_536,42,73.32887846132957,true
Person_537,56,55.675829951696635,true
Person_538,39,65.913522246904,false
Person_539,30,33.62996648600117,false
Person_540,23,85.00962541646615,true
Person_541,29,0.3674444434110469,false
Person_542,37,78.2942285783012,false
Person_543,26,71.31472701629959,true
Person_544,54,37.990050355872896,false
Person_545,39,44.97717756928586,false
Person_546,49,31.525081839770962,false
Person_547,43,80.75380534276037,true
Person_548,34,26.11932404471905,false
Person_549,37,41.98174737547069,false
Person_550,33,3.3718714674207617,true
Person_551,21,10.247261214540504,false
Person_552,51,47.944969666767264,true
Person_553,25,14.754787101136424,false
Person_554,21,13.343706776034425,true
Person_555,19,27.795277315649592,true
Person_556,30,64.66359178113181,true
Person_557,22,74.13314980965218,true
Person_558,20,65.86331023728799,true
Person_559,25,76.07515088152562,false
Person_560,47,9.72680819442725,true
Person_561,22,54.38250996297992,true
Person_562,72,41.6984977363314,true
Person_563,44,88.84225710397898,true
Person_564,76,98.35128007676806,false
Person_565,56,55.55830135539289,false
Person_566,37,70.04708135386038,false
Person_567,53,93.40654912570476,false
Person_568,78,0.6070725364558993,true
Person_569,46,8.862325937050997,true
Person_570,35,30.615599201999355,true
Person_571,69,67.4094644777942,true
Person_572,73,39.638057018642044,true
Person_573,50,41.19103764659366,false
Person_574,51,27.602503389719168,true
Person_575,38,91.64761268489723,true
Person_576,32,7.263382503652416,true
Person_577,54,32.03368411341917,true
Person_578,34,11.188402613432268,true
Person_579,75,96.90602439685748,true
Person_580,61,86.08768318552166,false
Person_581,62,91.03711976733697,false
Person_582,47,83.99486364244947,true
Person_583,21,66.10028565200525,true
Person_584,25,33.52520813397858,true
Person_585,54,12.409419234058849,false
Person_586,27,32.75828535881947,false
Person_587,80,31.461260614055654,false
Person_588,34,46.55377901460741,true
Person_589,47,71.45974840283195,false
Person_590,20,65.17823455630618,true
Person_591,28,78.61851149607467,true
Person_592,30,20.8371432358201,true
Person_593,75,42.55460446152245,false
Person_594,40,3.3645637590019817,true
Person_595,39,61.79189334710888,true
Person_596,31,42.41420866633161,true
Person_597,65,44.009534787149654,false
Person_598,40,44.851128170187096,false
Person_599,50,79.53883237177085,false
Person_600,55,49.63652535145555,false
Person_601,67,34.94560615708132,false
Person_602,50,28.335997899564447,true
Person_603,31,11.289979910357895,false
Person_604,36,1.358801827694911,false
Person_605,41,70.17797398631896,false
Person_606,46,29.03528752171065,false
Person_607,19,62.276303831810864,false
Person_608,42,18.054903213452512,false
Person_609,30,53.621521343228274,true
Person_610,40,40.26584383763178,false
Person_611,70,29.1357966984214,false
Person_612,49,98.36959036749514,true
Person_613,29,80.86755008809725,false
Person_614,27,83.6093263276874,true
Person_615,61,78.58988130985712,true
Person_616,47,93.75870648160296,true
Person_617,33,79.58827976809316,false
Person_618,51,24.472533855855396,false
Person_619,63,4.5172664821248265,true
Person_620,69,8.355686661326988,true
Person_621,62,9.553490741005854,true
Person_622,52,77.38709790139342,true
Person_623,63,79.07853688341187,true
Person_624,67,17.161583726140538,false
Person_625,31,46.458070976034136,true
Person_626,64,80.52994848779885,true
Person_627,24,0.08413385454345557,false
Person_628,73,6.018359747136293,false
Person_629,46,3.772161961448317,false
Person_630,32,65.22331284863296,true
Person_631,19,74.03910026120607,false
Person_632,72,49.36096215347542,true
Person_633,50,48.89048863337071,true
Person_634,27,15.94406360469014,false
Person_635,32,15.937502131034808,true
Person_636,67,88.15510495827473,true
Person_637,65,55.38532358550633,false
Person_638,52,5.9077369693788295,false
Person_639,36,7.8959397692644036,false
Person_640,69,78.9975172433352,false
Person_641,36,87.78259008758612,true
Person_642,78,66.96031888592253,true
Person_643,65,24.805695420033413,false
Person_644,52,7.177764938250841,true
Person_645,26,43.02698057006557,true
Person_646,55,51.22011314406745,true
Person_647,18,41.28831323188689,false
Person_648,33,3.910049188783893,false
Person_649,35,11.132616213660429,true
Person_650,47,61.7723439847582,true
Person_651,49,39.71127154877389,true
Person_652,52,87.06952527165505,true
Person_653,53,77.6218741558663,true
Person_654,54,10.636983438740632,false
Person_655,47,28.951340435937713,false
Person_656,48,99.25969344316918,false
Person_657,24,97.7361702995464,false
Person_658,31,63.14284655818426,true
Person_659,67,99.56320570141415,true
Person_660,78,11.262213716668967,false
Person_661,75,6.068585945212601,true
Person_662,42,6.519859714701271,false
Person_663,67,63.19819389391299,true
Person_664,29,50.57324902349182,false
Person_665,74,11.2898507192692,false
Person_666,52,5.313215187369213,false
Person_667,32,54.81772437772769,false
Person_668,55,0.2607312169125464,false
Person_669,80,53.93338213317779,false
Person_670,23,51.673918541304865,true
Person_671,46,54.14523443814144,true
Person_672,22,68.54840316554572,true
Person_673,28,44.20608764785898,false
Person_674,65,15.84252345990327,true
Person_675,59,63.64787869300679,true
Person_676,55,39.11019972932613,false
Person_677,47,20.198528547711714,true
Person_678,20,12.549987330284928,false
Person_679,39,10.207632398754441,true
Person_680,72,25.77748917022141,true
Person_681,41,61.718826293287584,false
Person_682,77,75.88939658132772,true
Person_683,48,35.68786350581817,false
Person_684,60,42.23191948995062,false
Person_685,34,27.33691001077726,true
Person_686,52,97.2133328993691,true
Person_687,65,72.60100945559832,true
Person_688,68,13.192546459113553,false
Person_689,31,77.3037926574642,false
Person_690,31,40.591801540909614,false
Person_691,62,0.1994005891162498,false
Person_692,61,24.432840309248537,true
Person_693,18,39.909795465696796,true
Person_694,68,68.57409101519924,true
Person_695,43,88.58909413871395,false
Person_696,41,45.43253440854066,false
Person_697,48,85.26396235966945,true
Person_698,40,8.031092714745592,true
Person_699,29,81.65772813598778,false
Person_700,53,49.02912081404624,true
Person_701,67,39.67525344352942,false
Person_702,52,49.73213776614105,true
Person_703,54,81.59058927154315,true
Person_704,47,27.011662277830872,true
Person_705,33,43.58149719130117,false
Person_706,65,83.14282556707762,true
Person_707,33,5.909439346979639,true
Person_708,43,31.73438506229035,true
Person_709,55,51.419020294102204,false
Person_710,47,93.38269252373725,false
Person_711,39,90.03618894469595,false
Person_712,64,95.579218361561,false
Person_713,68,12.960558823602907,true
Person_714,54,87.73287501836737,true
Person_715,31,9.05324801068631,false
Person_716,71,24.74506362195842,true
Person_717,46,22.789422231949487,true
Person_718,62,36.97878190772218,false
Person_719,80,81.54211425873231,false
Person_720,46,37.787324466436935,false
Person_721,60,25.86815842240766,false
Person_722,38,81.40391333831997,false
Person_723,71,20.756033613529212,false
Person_724,68,95.74353021704476,true
Person_725,55,38.90116347238119,false
Person_726,65,42.33228614360425,false
Person_727,77,68.73374216449011,true
Person_728,58,9.30075631151488,true
Person_729,77,68.39961733834835,false
Person_730,72,86.58888051457033,true
Person_731,46,12.743209880141027,false
Person_732,33,40.73375324197076,true
Person_733,36,87.07360477293649,true
Person_734,73,19.014477720337386,false
Person_735,27,93.63358749072901,false
Person_736,29,58.38542039630236,true
Person_737,49,81.07518530884815,true
Person_738,61,52.606881785634506,false
Person_739,28,39.10461967894649,false
Person_740,26,3.6358385821851136,true
Person_741,63,99.6710155700849,false
Person_742,26,71.53210369526396,true
Person_743,46,63.78148539956702,true
Person_744,78,40.00469995294842,true
Person_745,31,88.52408360590839,true
Person_746,36,10.688403771695453,true
Person_747,36,32.739007356729225,true
Person_748,55,76.52014738020078,true
Person_749,78,98.10576077495371,false
Person_750,33,40.14409005332386,true
Person_751,62,58.10600410410978,false
Person_752,77,65.68104950543834,false
Person_753,18,59.592007720590246,true
Person_754,79,23.37652159598631,true
Person_755,63,71.22201933274509,true
Person_756,49,60.43312886496258,true
Person_757,58,37.72444874437835,true
Person_758,66,41.80162192835698,true
Person_759,35,83.54154859155751,true
Person_760,70,6.921401663982907,true
Person_761,69,58.69978615297816,true
Person_762,39,27.310165353882574,false
Person_763,44,66.75425277951997,true
Person_764,63,83.84093122699787,true
Person_765,80,20.502469521019307,true
Person_766,70,64.08803785397485,false
Person_767,47,64.71365783261143,false
Person_768,47,72.17751848979965,true
Person_769,47,99.70496099057402,false
Person_770,57,20.47576988921066,false
Person_771,43,26.96928696324129,true
Person_772,62,85.02417508267249,true
Person_773,77,89.48775578737322,true
Person_774,60,64.16206575356239,false
Person_775,60,43.96608815722599,true
Person_776,58,13.306152506012946,true
Person_777,49,52.69294147856869,true
Person_778,36,45.96947240389648,false
Person_779,59,76.67274994907747,false
Person_780,20,57.74117017850992,false
Person_781,34,83.59716851833754,false
Person_782,64,90.81957947239893,false
Person_783,19,36.723178593641336,false
Person_784,35,11.20774441596235,false
Person_785,71,31.11459692152332,true
Person_786,19,30.098011685081126,false
Person_787,70,36.655155484343126,false
Person_788,56,85.23889859881363,false
Person_789,20,21.27655536578683,true
Person_790,29,38.06051309574162,true
Person_791,34,3.8617936184609847,true
Person_792,36,42.84895123149849,true
Person_793,31,8.54778175740062,true
Person_794,32,10.87315627356742,false
Person_795,26,51.86590762007407,true
Person_796,46,15.818199644909702,false
Person_797,30,11.877840711393006,false
Person_798,27,96.98609644179037,true
Person_799,50,14.87582468182077,true
Person_800,37,6.794866180333036,true
Person_801,68,47.88356843415001,false
Person_802,27,30.035176609137515,true
Person_803,71,18.681469906415092,true
Person_804,65,67.1070461681261,false
Person_805,62,16.918602847680585,true
Person_806,24,15.303989653909023,true
Person_807,57,17.24258805376363,true
Person_808,39,0.7116867871826749,false
Person_809,39,23.38110820374434,true
Person_810,18,69.26439874393756,false
Person_811,60,68.27230254345582,true
Person_812,30,69.6706138090588,false
Person_813,23,57.41513687239984,true
Person_814,74,58.6128936306745,true
Person_815,80,48.91171758370272,true
Person_816,36,33.91098121520064,false
Person_817,37,3.8498748977509045,true
Person_818,38,55.92474076556023,true
Person_819,19,99.51482948539204,true
Person_820,40,94.60758643216231,true
Person_821,34,6.864635987299728,true
Person_822,64,20.895741371770505,true
Person_823,43,67.92185790957811,true
Person_824,60,35.84378443152737,false
Person_825,66,50.92663772729099,false
Person_826,62,83.54455515504443,false
Person_827,24,4.8858621830144555,false
Person_828,66,11.203055950997454,true
Person_829,54,72.15914375132432,false
Person_830,73,95.11532549354456,false
Person_831,31,68.03339305389498,true
Person_832,44,31.667379218561543,true
Person_833,65,88.72710496330198,false
Person_834,32,44.01181239468832,false
Person_835,76,47.59298878954918,true
Person_836,25,0.3505379452828472,true
Person_837,66,64.26331438035022,true
Person_838,26,9.469377293580061,false
Person_839,74,1.3251707967011028,true
Person_840,80,18.06713972446642,false
Person_841,61,34.60142876058803,true
Person_842,55,27.90297854977607,true
Person_843,46,12.676752180803652,true
Person_844,56,86.24980219925598,true
Person_845,45,97.98432940807965,true
Person_846,72,32.21757859805986,false
Person_847,76,45.93482812916415,true
Person_848,30,7.700508127934935,true
Person_849,44,58.91924915395818,false
Person_850,53,80.94552387428595,true
Person_851,71,32.06280870253659,false
Person_852,57,15.026242651166788,true
Person_853,44,14.34770219126561,true
Person_854,67,61.90775415740431,true
Person_855,32,3.98050524079423,true
Person_856,39,12.72730132997597,true
Person_857,79,29.67056852056561,false
Person_858,26,14.4271789845705,false
Person_859,31,73.93374626395038,false
Person_860,53,32.510732781463716,false
Person_861,64,93.27449652020586,false
Person_862,58,50.9946059026812,true
Person_863,49,64.10114545601519,false
Person_864,26,45.10490783485871,true
Person_865,79,84.96643602249641,true
Person_866,48,8.46375056641513,false
Person_867,75,87.2954590339589,true
Person_868,64,62.12455614614364,false
Person_869,31,90.60927355038926,false
Person_870,49,65.51428830619187,false
Person_871,35,26.593566132748293,false
Person_872,39,25.645489307656476,true
Person_873,69,25.625996258104145,false
Person_874,27,69.82346556530946,false
Person_875,62,38.195755223707486,false
Person_876,61,34.59485567034212,false
Person_877,70,26.201286543100867,false
Person_878,48,13.602515396601845,true
Person_879,47,76.17665357609037,true
Person_880,32,58.41517577354563,false
Person_881,38,83.69134701195384,true
Person_882,42,48.69172506364432,false
Person_883,52,66.69625443896614,true
Person_884,25,8.098251027440496,false
Person_885,80,2.1369410135149036,true
Person_886,18,79.05199125969892,false
Person_887,28,28.609863520697477,true
Person_888,21,24.27274485922145,true
Person_889,25,0.5428577149144576,false
Person_890,52,98.94486137540505,true
Person_891,56,40.59883811669771,false
Person_892,69,32.99197103440555,true
Person_893,60,28.42437748689394,true
Person_894,61,82.41127276090879,true
Person_895,65,4.808126031699411,true
Person_896,24,88.79503315248212,true
Person_897,52,89.73074241554829,false
Person_898,78,61.764655716582695,false
Person_899,44,94.47951612491204,true
Person_900,54,30.97541395664656,false
Person_901,37,98.68611466665547,true
Person_902,21,66.77482303634405,true
Person_903,75,3.994299821329672,false
Person_904,38,9.204079511721474,false
Person_905,69,93.0158550744794,false
Person_906,76,10.323974775545263,false
Person_907,19,75.17406626361846,false
Person_908,56,37.53243016875396,false
Person_909,47,59.50396954288618,true
Person_910,18,46.91185437669628,true
Person_911,24,64.00561260351948,false
Person_912,43,41.16987308313759,false
Person_913,29,14.077538579194515,true
Person_914,59,10.026736271771597,true
Person_915,22,7.09170409530393,false
Person_916,61,12.155573674467101,false
Person_917,64,37.85099522246925,false
Person_918,67,53.901706092866974,true
Person_919,74,41.54098338893163,true
Person_920,65,85.46093405929832,false
Person_921,24,75.08308530379134,true
Person_922,29,90.13844426157685,false
Person_923,69,6.912449685097455,true
Person_924,54,88.88323526652957,false
Person_925,73,0.43371805313350276,false
Person_926,66,44.59528259366778,true
Person_927,80,56.122426696271496,true
Person_928,59,85.20947906969887,false
Person_929,56,46.534087033189685,false
Person_930,47,29.053972728443178,false
Person_931,74,44.95928746611101,false
Person_932,74,14.599946566347931,false
Person_933,73,72.63929479782092,false
Person_934,19,10.998611368760091,false
Person_935,69,81.85616139841783,true
Person_936,80,2.254638765376138,false
Person_937,71,34.195933496054856,true
Person_938,59,61.54108905767267,true
Person_939,22,78.91715167245748,true
Person_940,50,42.47061164265751,true
Person_941,60,99.400598756495,false
Person_942,34,26.398159725318614,true
Person_943,56,84.51011167555802,true
Person_944,48,50.252715246857996,true
Person_945,53,31.902268394424404,false
Person_946,75,88.0282829018958,true
Person_947,49,92.05728662603686,true
Person_948,48,83.07064091110831,true
Person_949,54,22.715349327829728,true
Person_950,75,10.53598180263643,true
Person_951,79,2.2769023357118168,false
Person_952,31,94.9925626502934,true
Person_953,69,72.66136892564728,false
Person_954,65,89.17864276874087,false
Person_955,58,17.193204190525215,false
Person_956,47,75.13481301566715,true
Person_957,52,73.09419051726545,true
Person_958,19,16.893546746708765,false
Person_959,69,51.29431128461667,true
Person_960,49,91.32509781511679,true
Person_961,68,83.58747190420294,false
Person_962,29,69.5795809665553,true
Person_963,68,56.728609338958,false
Person_964,62,56.728570925453994,true
Person_965,35,13.329642539806763,false
Person_966,65,84.32884147693437,true
Person_967,73,80.45593581121105,true
Person_968,76,83.42076078946127,true
Person_969,19,7.633256731079308,false
Person_970,78,80.95114846021664,true
Person_971,26,93.42630574074342,true
Person_972,50,21.875721225091226,false
Person_973,58,40.48963304660873,false
Person_974,31,1.3861766562234146,false
Person_975,68,3.6813962102093423,true
Person_976,57,54.35412002029606,false
Person_977,46,37.04840479616628,true
Person_978,48,77.57006236634545,false
Person_979,51,49.29599234657306,true
Person_980,18,60.81191368693227,true
Person_981,50,9.767183393356305,false
Person_982,78,2.9559316940817926,false
Person_983,32,78.44971207195266,false
Person_984,45,72.39660848359759,false
Person_985,39,65.06079060859427,true
Person_986,44,51.959375929493724,false
Person_987,54,80.25666083495139,true
Person_988,48,83.2504002175619,false
Person_989,69,91.2367485234032,false
Person_990,72,27.663484449281185,true
Person_991,41,27.860736250303443,false
Person_992,18,67.65367888460739,true
Person_993,20,0.8179546300132956,false
Person_994,41,4.386588261939151,true
Person_995,73,37.761141430328685,true
Person_996,76,97.71063959673621,true
Person_997,65,48.40944349036532,true
Person_998,20,7.838207443437195,false
Person_999,18,45.16166936679888,true
Person_1000,20,61.24411549487528,true
Person_1001,48,99.00473100997651,true
Person_1002,78,55.76713600353768,true
Person_1003,24,13.33229399569814,true
Person_1004,48,3.361103667221632,false
Person_1005,32,31.312120082980353,true
Person_1006,40,12.254225767329253,false
Person_1007,66,78.15836641154009,true
Person_1008,76,5.429910889433143,false
Person_1009,19,26.495807262298577,true
Person_1010,73,25.860205019298455,false
Person_1011,69,54.62288434022962,true
Person_1012,25,21.48226914702057,true
Person_1013,42,87.75502492652517,false
Person_1014,64,83.28544629690138,true
Person_1015,48,25.05430294131903,true
Person_1016,36,1.2262223997637767,true
Person_1017,25,72.05317396920286,false
Person_1018,27,46.85605736290661,true
Person_1019,23,58.66535700782073,true
Person_1020,53,37.49422360787212,true
Person_1021,62,5.652550106618815,false
Person_1022,79,20.97795315545007,false
Person_1023,56,98.67818038908858,true
Person_1024,78,60.16932614262084,true
Person_1025,76,0.3468724389438016,false
Person_1026,65,13.489636741974898,false
Person_1027,55,64.48382229065845,false
Person_1028,40,1.7539275933062703,false
Person_1029,60,89.08724363916906,true
Person_1030,24,69.1965076055065,true
Person_1031,56,70.39246380439185,false
Person_1032,72,39.205949534422636,false
Person_1033,55,84.01614454881621,false
Person_1034,52,38.50249951194626,false
Person_1035,65,87.64124143394224,true
Person_1036,69,79.68749686918903,false
Person_1037,31,96.10787718253218,true
Person_1038,40,50.71465724120243,true
Person_1039,77,84.16701125182881,true
Person_1040,23,99.63478404798951,false
Person_1041,65,87.99128884727455,false
Person_1042,78,8.026523291171117,true
Person_1043,25,97.66312999349773,true
Person_1044,36,54.66354894337487,false
Person_1045,76,17.186492736027336,true
Person_1046,19,85.34268259835996,false
Person_1047,54,38.1685584880917,false
Person_1048,46,51.674099987844535,true
Person_1049,33,46.692918063397194,true
Person_1050,21,8.679097025547245,false
Person_1051,50,25.785326164192025,false
Person_1052,70,17.122825327552004,true
Person_1053,20,8.018231078193471,true
Person_1054,80,21.912996580670708,false
Person_1055,29,56.063352566772984,false
Person_1056,42,73.35240971151731,false
Person_1057,53,78.57447848814428,false
Person_1058,76,69.20688547522515,false
Person_1059,30,85.62147511968544,true
Person_1060,27,1.0799137623352606,true
Person_1061,53,58.16398141979,true
Person_1062,31,19.734652909360918,true
Person_1063,51,46.12140316063533,true
Person_1064,49,22.261496908871116,false
Person_1065,65,65.66016380798433,true
Person_1066,38,29.590004402554072,false
Person_1067,79,20.30268156801639,true
Person_1068,18,11.637293916630288,false
Person_1069,18,48.159502275122804,true
Person_1070,34,76.12184809671383,true
Person_1071,76,6.541961117770157,true
Person_1072,28,9.501518829389443,false
Person_1073,33,16.624167089023267,true
Person_1074,18,34.567500220708155,false
Person_1075,32,25.745907233625466,false
Person_1076,77,68.08136190413389,false
Person_1077,67,33.78109793332473,false
Person_1078,20,60.172812292853365,false
Person_1079,22,40.70830616295859,true
Person_1080,32,63.646197830007665,false
Person_1081,19,24.881423708878835,true
Person_1082,77,86.82907007490013,false
Person_1083,45,67.10176293539857,false
Person_1084,62,46.10595301286969,true
Person_1085,72,66.78281534171687,true
Person_1086,31,64.97586487731257,false
Person_1087,70,99.39808660756741,false
Person_1088,67,14.96714455407766,true
Person_1089,65,53.70203266320716,false
Person_1090,34,82.80664755195576,false
Person_1091,40,2.2904918811341934,false
Person_1092,32,66.49074599459416,true
Person_1093,45,28.04666025012229,false
Person_1094,20,4.483325135820049,true
Person_1095,22,59.8669294777431,true
Person_1096,80,81.15141043417556,false
Person_1097,20,40.942878850048224,false
Person_1098,57,32.05956489421297,false
Person_1099,62,85.92932189006078,false
Person_1100,28,80.29731520314596,true
Person_1101,58,55.19405052453335,true
Person_1102,28,55.65446815510007,true
Person_1103,58,36.38636475605349,true
Person_1104,34,53.75143591006165,false
Person_1105,38,62.57490105635145,true
Person_1106,39,45.32938293556737,true
Person_1107,70,20.758519278445732,false
Person_1108,66,95.17024733543302,false
Person_1109,47,86.73461905104493,false
Person_1110,79,27.792332839992262,true
Person_1111,34,68.3951710848907,true
Person_1112,22,33.04594351332184,true
Person_1113,51,12.012095626596553,true
Person_1114,47,21.941726187969167,false
Person_1115,42,25.657481552799844,false
Person_1116,73,64.26997862496604,true
Person_1117,59,68.86027380104932,false
Person_1118,54,81.4990199943004,true
Person_1119,80,94.69051791289303,true
Person_1120,48,15.039269418168221,true
Person_1121,80,87.14102488239757,false
Person_1122,24,0.5692160959667181,true
Person_1123,57,96.74016602827137,false
Person_1124,28,70.45683689593064,false
Person_1125,57,32.57148964248449,true
Person_1126,56,39.84894068880759,true
Person_1127,47,53.093962067239765,false
Person_1128,69,72.95152273509233,false
Person_1129,28,35.246557826885294,false
Person_1130,21,37.739423202116825,false
Person_1131,23,56.90387478155229,false
Person_1132,48,86.01172952384583,true
Person_1133,54,65.43248684113944,false
Person_1134,28,99.32998540932016,true
Person_1135,24,57.27479987672426,false
Person_1136,35,29.597941031220888,true
Person_1137,61,9.944583470995482,false
Person_1138,54,25.36797363567991,false
Person_1139,60,93.42144328245384,true
Person_1140,51,36.04229067618958,false
Person_1141,20,0.7079307396544166,false
Person_1142,40,1.0772568099874147,false
Person_1143,22,72.38095117579807,false
Person_1144,36,72.1180472893976,true
Person_1145,56,25.028306239077867,true
Person_1146,58,52.870111899282655,false
Person_1147,54,68.56970736054451,false
Person_1148,29,23.530862092483662,false
Person_1149,29,1.932266141292116,true
Person_1150,20,87.21187464864961,false
Person_1151,33,30.008249495163263,true
Person_1152,18,51.33410500679818,true
Person_1153,25,22.127582267786693,true
Person_1154,55,65.1218652684106,false
Person_1155,70,91.11183206450512,true
Person_1156,73,33.47079192487874,true
Person_1157,77,73.8113109753387,false
Person_1158,48,14.917898312576018,false
Person_1159,42,86.93419437416907,false
Person_1160,44,98.8600497850381,true
Person_1161,36,74.69237511878451,true
Person_1162,22,74.33058375864692,false
Person_1163,44,64.04946228075491,true
Person_1164,58,55.84128334237376,true
Person_1165,60,6.225671098950725,true
Person_1166,19,55.44298453533719,false
Person_1167,74,23.99657038914478,true
Person_1168,31,52.19580182759634,false
Person_1169,75,10.515235538029245,true
Person_1170,27,62.09610161054757,true
Person_1171,25,26.22883909148711,true
Person_1172,42,64.02174132698256,false
Person_1173,24,29.07518772054367,false
Person_1174,77,64.22815052653785,true
Person_1175,54,78.40166145100991,true
Person_1176,65,31.710973554103273,false
Person_1177,78,26.82446036292061,false
Person_1178,56,54.18923559644815,true
Person_1179,27,3.1811588485913034,false
Person_1180,35,19.206775998375726,true
Person_1181,59,46.76753259493266,false
Person_1182,68,53.67072736595362,false
Person_1183,77,68.82876189982046,false
Person_1184,45,55.434081731618704,false
Person_1185,60,81.27954719471009,false
Person_1186,31,76.45683624042962,true
Person_1187,55,79.35520995848536,true
Person_1188,59,3.727403114016814,true
Person_1189,48,6.320582853556012,true
Person_1190,48,58.35035917166736,true
Person_1191,57,53.805053542472315,true
Person_1192,36,68.1664295847048,false
Person_1193,69,39.8768634263461,true
Person_1194,33,35.70317507699896,false
Person_1195,35,12.853190471965458,true
Person_1196,33,29.75790431356018,false
Person_1197,44,70.68406202357743,false
Person_1198,80,45.93383964279906,true
Person_1199,41,96.02811630140559,true
Person_1200,54,83.79329625078475,false
Person_1201,64,15.346315325884074,false
Person_1202,50,4.872235180592521,true
Person_1203,62,24.79171248395089,false
Person_1204,54,16.75601198919532,true
Person_1205,69,49.96570760145336,false
Person_1206,69,20.779288848804367,false
Person_1207,34,0.278551903261115,false
Person_1208,20,83.33680368395049,true
Person_1209,55,98.57179267087072,false
Person_1210,57,57.567943297770185,false
Person_1211,65,85.36203922046353,true
Person_1212,46,16.332354456057587,true
Person_1213,32,8.694524533673986,true
Person_1214,64,47.486800928955375,false
Person_1215,68,68.5396126450189,false
Person_1216,21,25.550561812342288,true
Person_1217,31,9.317020393169251,false
Person_1218,29,73.196134724025,true
Person_1219,39,89.05027005262656,false
Person_1220,34,32.27702208861647,true
Person_1221,32,23.519522293880645,false
Person_1222,40,78.76127181030074,false
Person_1223,49,91.49840736323286,true
Person_1224,39,59.41932030225402,true
Person_1225,56,38.538604220036696,false
Person_1226,52,43.45109473793771,false
Person_1227,44,89.84875944867646,true
Person_1228,42,69.04984607145039,true
Person_1229,20,60.3158856234842,true
Person_1230,67,88.93596028852706,true
Person_1231,51,1.8870273440074636,true
Person_1232,67,29.388809012561936,true
Person_1233,30,92.63750404745686,false
Person_1234,43,9.836048986675916,false
Person_1235,28,45.840267928286714,true
Person_1236,21,1.6179278016700938,false
Person_1237,59,16.360853563232926,true
Person_1238,37,54.32542447774945,true
Person_1239,68,92.10412075178954,false
Person_1240,37,39.63295351688354,true
Person_1241,35,75.20307713837846,false
Person_1242,67,47.94911035052346,true
Person_1243,45,93.46820731345585,true
Person_1244,72,14.453580343981221,true
Person_1245,44,69.31189824305211,false
Person_1246,76,90.09553230899552,true
Person_1247,62,39.50321682986705,true
Person_1248,20,47.01944260211427,true
Person_1249,40,17.049863592613747,false
Person_1250,32,7.670747189458149,true
Person_1251,61,58.111908103942866,false
Person_1252,28,1.5709340214681178,false
Person_1253,28,43.643967641824865,false
Person_1254,25,9.869409059541201,false
Person_1255,58,53.72223018469746,false
Person_1256,30,59.504465119533066,true
Person_1257,75,62.639899568780855,false
Person_1258,72,45.08316998093,true
Person_1259,39,20.1856746077971,false
Person_1260,30,29.478990587653307,true
Person_1261,70,37.06579608788771,true
Person_1262,35,96.55779534239367,false
Person_1263,20,42.71891216564878,true
Person_1264,57,17.30154411671403,false
Person_1265,34,91.48425461727928,true
Person_1266,67,30.517277117259646,true
Person_1267,23,97.30888054837635,false
Person_1268,68,6.665261691512569,true
Person_1269,30,13.973291889151362,true
Person_1270,27,13.919022697982065,true
Person_1271,39,46.48672658722091,true
Person_1272,20,29.74337613670024,false
Person_1273,50,38.91661390821993,false
Person_1274,26,74.12456440938116,false
Person_1275,33,33.28921928706915,false
Person_1276,29,60.65341439946877,false
Person_1277,75,98.73054314038703,true
Person_1278,39,35.902752100380056,true
Person_1279,18,20.33951754769163,false
Person_1280,34,76.40966499644205,false
Person_1281,37,39.53650190418402,true
Person_1282,30,25.0834913723188,true
Person_1283,41,31.797188461541115,true
Person_1284,57,52.91788381756736,true
Person_1285,57,80.81571776752051,true
Person_1286,36,31.72199884775232,false
Person_1287,40,81.0783884459877,true
Person_1288,50,61.50718408573823,true
Person_1289,41,31.353775220338342,false
Person_1290,22,65.19987428301164,true
Person_1291,28,72.76085427556626,true
Person_1292,58,51.0519608236907,false
Person_1293,80,35.22098091954972,true
Person_1294,53,10.826981260564727,false
Person_1295,34,31.683216778595714,false
Person_1296,73,89.67801069166791,true
Person_1297,52,40.814669680968684,false
Person_1298,22,71.53154982001885,false
Person_1299,75,50.795775603291474,false
Person_1300,30,84.86582154582064,true
Person_1301,60,60.72687253766451,false
Person_1302,67,42.40457702843206,false
Person_1303,30,83.22748402923527,false
Person_1304,59,95.75629767822713,false
Person_1305,44,60.2277822841987,true
Person_1306,47,3.9433932550777984,true
Person_1307,43,3.1120772862700985,true
Person_1308,59,54.072175307494255,true
Person_1309,43,21.95110197846092,true
Person_1310,70,71.57942146833982,false
Person_1311,24,76.59719122395315,false
Person_1312,57,35.64707359156715,false
Person_1313,65,67.50159667380554,true
Person_1314,40,83.36810881769648,false
Person_1315,74,52.84256552691888,false
Person_1316,49,6.748582380410939,false
Person_1317,38,78.57020521203269,false
Person_1318,35,39.943095845325104,true
Person_1319,21,57.14673011009251,false
Person_1320,20,35.80654395192487,true
Person_1321,80,45.48896235420899,false
Person_1322,27,16.19636391766106,true
Person_1323,64,49.76511725040049,true
Person_1324,47,25.247101801874607,false
Person_1325,65,61.323691880665244,true
Person_1326,71,2.682669065987886,false
Person_1327,23,23.137214356301673,true
Person_1328,40,14.162444848266354,true
Person_1329,43,99.78487298874403,false
Person_1330,26,41.83104123321997,true
Person_1331,35,24.594663674098673,true
Person_1332,32,69.17128478226923,false
Person_1333,61,57.12431659806769,true
Person_1334,50,71.13650318958521,true
Person_1335,19,12.75580905512811,false
Person_1336,26,73.03593487742268,false
Person_1337,42,39.005292038085074,false
Person_1338,20,48.39736570660652,false
Person_1339,46,55.97897150023399,true
Person_1340,62,76.54743025002622,false
Person_1341,42,73.09601463810161,false
Person_1342,56,59.7546495591608,false
Person_1343,30,53.41034630513158,false
Person_1344,30,67.91012757081683,false
Person_1345,50,21.95313255796102,true
Person_1346,30,27.478313479128968,false
Person_1347,35,26.201538697005976,false
Person_1348,76,26.026454531893606,true
Person_1349,52,32.96005825350144,false
Person_1350,66,4.797882150094246,true
Person_1351,80,51.50585774475458,false
Person_1352,61,62.671854846412565,false
Person_1353,26,58.62546937343747,false
Person_1354,68,56.8870096708623,false
Person_1355,73,50.787088426256076,true
Person_1356,69,63.0746578873521,false
Person_1357,76,50.59196174497386,false
Person_1358,39,55.747400500502174,true
Person_1359,48,45.763367755547115,false
Person_1360,79,25.3469942139531,true
Person_1361,39,27.252952071325176,false
Person_1362,77,20.355957172144358,true
Person_1363,53,97.15781566885913,true
Person_1364,25,53.58662203526957,true
Person_1365,19,41.51379653038049,true
Person_1366,77,78.44240086686408,false
Person_1367,54,97.90898917737991,false
Person_1368,68,11.262755302530126,true
Person_1369,32,37.25074038035352,true
Person_1370,30,49.932171049670714,false
Person_1371,21,78.98988526571053,false
Person_1372,70,64.45771306156027,false
Person_1373,56,4.878933126786178,false
Person_1374,21,98.74298600922593,false
Person_1375,76,80.13304310934194,false
Person_1376,39,94.40471729675734,true
Person_1377,38,73.48396366963684,true
Person_1378,19,47.24281072044596,true
Person_1379,63,19.018473125486647,false
Person_1380,67,4.0749630787280555,true
Person_1381,78,97.56339808875826,true
Person_1382,24,93.09897981938329,true
Person_1383,59,8.402604884943532,false
Person_1384,57,29.455611872391717,true
Person_1385,44,47.22852635115037,true
Person_1386,59,29.158107408096402,true
Person_1387,60,37.40840054922507,true
Person_1388,32,18.672049259631716,false
Person_1389,70,1.8787379439349716,true
Person_1390,46,23.370264341508772,false
Person_1391,26,59.70390814179032,false
Person_1392,41,5.529362233685509,true
Person_1393,67,45.36033987181416,false
Person_1394,63,35.58004039543253,true
Person_1395,62,66.2733917676936,false
Person_1396,76,31.93004228077445,false
Person_1397,30,13.979859018223827,false
Person_1398,20,24.533375375205146,true
Person_1399,72,46.943098192980905,true
Person_1400,34,19.828171856373356,false
Person_1401,51,84.14413808376304,false
Person_1402,42,0.11014925987621327,true
Person_1403,73,75.56966185037722,true
Person_1404,40,71.00367438313803,true
Person_1405,37,66.56167845835856,true
Person_1406,70,60.96190176556641,false
Person_1407,53,8.400858670080247,true
Person_1408,57,5.252779912945726,false
Person_1409,52,66.49797482373741,false
Person_1410,24,64.01768122595223,false
Person_1411,47,14.280343604210167,true
Person_1412,57,13.372247964502105,true
Person_1413,27,98.97007253809326,false
Person_1414,52,31.655964657667713,false
Person_1415,39,78.07049697280593,false
Person_1416,21,60.53659012145353,false
Person_1417,66,40.54859630357461,false
Person_1418,46,96.7265221221757,true
Person_1419,39,12.101220248086886,true
Person_1420,50,22.00865219935465,false
Person_1421,48,60.11325315319428,false
Person_1422,63,24.690072536975816,false
Person_1423,71,30.761517715827956,true
Person_1424,54,71.60579839200985,false
Person_1425,25,0.6263782432808229,true
Person_1426,74,22.20159356010005,true
Person_1427,56,55.67080652775992,true
Person_1428,42,78.09436107608964,true
Person_1429,43,86.11830306218373,false
Person_1430,75,14.775024470439757,false
Person_1431,32,27.082500265624443,true
Person_1432,78,13.392119820075743,true
Person_1433,78,55.701843402751784,true
Person_1434,26,41.650463265447904,true
Person_1435,52,23.575176846938874,true
Person_1436,38,2.497368679524048,true
Person_1437,25,45.45228773672165,false
Person_1438,61,25.329957427550585,true
Person_1439,51,93.97179072136665,false
Person_1440,52,57.64648606453513,true
Person_1441,18,17.4202798844024,true
Person_1442,63,48.33382862822037,false
Person_1443,36,19.61759912197096,false
Person_1444,36,50.873959084130796,false
Person_1445,55,57.664520320588984,true
Person_1446,55,1.0554716991709956,false
Person_1447,65,15.72035404486648,true
Person_1448,62,34.866021663494514,false
Person_1449,40,17.449261290590346,true
Person_1450,68,43.86934963480813,false
Person_1451,59,47.99834040865909,true
Person_1452,61,27.483475128911284,true
Person_1453,45,40.02634007142406,true
Person_1454,30,82.05568303200886,false
Person_1455,51,25.777742367732593,true
Person_1456,30,74.04320161157723,false
Person_1457,66,81.09883714265371,true
Person_1458,52,26.87873282873554,true
Person_1459,24,64.31691762602624,true
Person_1460,38,50.19922825153294,false
Person_1461,30,44.127249270776026,false
Person_1462,20,59.01555743505791,true
Person_1463,21,5.4411093639565085,true
Person_1464,67,39.291300958536766,false
Person_1465,26,57.84296685195349,false
Person_1466,70,18.81207716124389,true
Person_1467,47,3.1181688231635474,false
Person_1468,75,37.661318801961876,false
Person_1469,44,14.839368342349946,true
Person_1470,47,13.90204538289006,true
Person_1471,48,36.707556871165856,true
Person_1472,75,62.868121697856616,true
Person_1473,35,24.358572768437014,false
Person_1474,78,71.41174394767995,true
Person_1475,50,8.63612701551193,true
Person_1476,58,26.733626158136115,true
Person_1477,62,68.0050992286261,true
Person_1478,43,40.203538387845896,true
Person_1479,40,3.258558233664144,false
Person_1480,79,22.82411360515193,true
Person_1481,40,66.51109419118679,false
Person_1482,33,72.5594126502807,false
Person_1483,60,53.92883395858411,false
Person_1484,24,76.3198502740189,false
Person_1485,51,96.61610255637783,false
Person_1486,67,65.51677802972526,false
Person_1487,34,1.8600473755585378,false
Person_1488,72,28.233042083749403,true
Person_1489,36,80.78753107333519,true
Person_1490,40,78.79088739939058,false
Person_1491,55,84.58852841028056,false
Person_1492,70,48.21632004814498,false
Person_1493,30,66.34987407689927,true
Person_1494,22,57.48511284337256,true
Person_1495,34,24.151902062520726,false
Person_1496,78,68.03116826444133,false
Person_1497,77,28.396673343933998,true
Person_1498,59,12.142416703729763,true
Person_1499,41,98.58366553682662,false
Person_1500,77,73.38576353840774,true
Person_1501,61,17.431850653654468,true
Person_1502,38,27.397162231463724,false
Person_1503,34,88.01399100012452,false
Person_1504,30,24.518461814607306,false
Person_1505,33,57.05031628746355,true
Person_1506,78,33.55750309577593,true
Person_1507,26,81.64120643248413,true
Person_1508,70,50.093340730071766,false
Person_1509,30,20.558477552991206,false
Person_1510,43,42.67047964064977,false
Person_1511,23,54.41693292817096,true
Person_1512,45,11.739455416767608,false
Person_1513,26,72.77669525408886,false
Person_1514,77,51.60688783488763,true
Person_1515,26,6.498914348926577,true
Person_1516,18,45.396385933994566,true
Person_1517,70,42.0549015581969,true
Person_1518,36,40.96047854816665,false
Person_1519,55,37.76892510594936,false
Person_1520,30,93.78882148312154,true
Person_1521,64,76.25669077925241,true
Person_1522,73,50.87475713749258,false
Person_1523,70,34.475383903871915,false
Person_1524,61,98.25492721746552,false
Person_1525,54,73.11490714134253,false
Person_1526,44,47.28229644718542,true
Person_1527,77,49.57206327330865,false
Person_1528,20,59.75290957059616,false
Person_1529,69,79.31173180028271,true
Person_1530,25,78.18326994008396,true
Person_1531,59,49.36037271057757,true
Person_1532,75,67.59403982966184,true
Person_1533,36,85.59511723758966,true
Person_1534,32,27.382837535876213,false
Person_1535,35,73.78432463800279,true
Person_1536,64,59.7980606677639,true
Person_1537,65,14.631891758537574,false
Person_1538,42,18.717514940575708,true
Person_1539,40,2.0756271011455496,false
Person_1540,73,42.52166942237804,true
Person_1541,78,83.66953152333944,false
Person_1542,54,86.4180940494582,false
Person_1543,52,4.955592111217333,false
Person_1544,18,42.954488285118074,false
Person_1545,39,9.721058989919296,false
Person_1546,73,36.32760240951929,true
Person_1547,26,35.74472210699329,false
Person_1548,63,30.187572945520515,false
Person_1549,53,62.891042504457204,true
Person_1550,46,15.576576898427785,false
Person_1551,40,65.97252136800958,false
Person_1552,21,66.29435534067937,true
Person_1553,33,21.097850274840113,true
Person_1554,31,85.8672636807308,true
Person_1555,71,92.46880998789332,false
Person_1556,42,97.0707975106076,false
Person_1557,80,35.084694740941025,true
Person_1558,66,23.72349871615188,false
Person_1559,74,0.48704572611408814,true
Person_1560,73,70.37553819022277,false
Person_1561,19,83.22465353821465,false
Person_1562,55,27.79351120328223,true
Person_1563,64,35.002764124066445,true
Person_1564,49,84.52421612923987,false
Person_1565,74,12.85016954567163,true
Person_1566,24,21.565776002091297,true
Person_1567,55,34.302645506349286,false
Person_1568,71,56.75190046638742,false
Person_1569,25,1.6401474429480256,false
Person_1570,78,61.43690200918994,false
Person_1571,19,54.23792834537071,false
Person_1572,70,62.17121842661304,false
Person_1573,59,76.40056394913208,true
Person_1574,38,15.564162479997535,false
Person_1575,75,55.272093178219365,true
Person_1576,18,62.08860212037038,false
Person_1577,30,50.90624489804546,false
Person_1578,33,51.12375653495893,true
Person_1579,33,19.687862624080477,true
Person_1580,42,76.65426183570293,true
Person_1581,72,10.013381979481705,false
Person_1582,71,14.70886195046428,false
Person_1583,75,72.16228785113755,true
Person_1584,34,84.71233128340903,true
Person_1585,56,32.40392650402612,false
Person_1586,39,30.519381888433237,true
Person_1587,74,4.604629096366775,true
Person_1588,61,74.83877045883955,true
Person_1589,70,55.94268472500053,false
Person_1590,39,72.01561445519165,true
Person_1591,21,80.88579882677465,false
Person_1592,60,80.20585614215074,false
Person_1593,38,40.772578724478706,true
Person_1594,54,99.73973818515859,true
Person_1595,65,42.67170637031853,true
Person_1596,35,58.894841362997305,true
Person_1597,49,49.28794506686126,false
Person_1598,66,8.19011038776052,true
Person_1599,62,45.52869837692492,false
Person_1600,79,49.51187973263127,true
Person_1601,45,15.489790674549086,false
Person_1602,67,6.407884849791112,true
Person_1603,79,31.397271701031894,false
Person_1604,64,59.51346307750889,true
Person_1605,75,14.29063210797944,true
Person_1606,50,59.85661700703545,true
Person_1607,54,15.914054148949376,false
Person_1608,79,75.84773066727793,false
Person_1609,44,83.69153122130373,false
Person_1610,55,80.60547137900161,false
Person_1611,30,43.615599218829985,false
Person_1612,25,53.79432922676389,false
Person_1613,30,67.51281395192525,false
Person_1614,52,69.07370916666771,true
Person_1615,57,20.028169500472014,true
Person_1616,58,56.04706125377058,false
Person_1617,49,58.705446890392906,true
Person_1618,52,22.291809313414312,true
Person_1619,57,88.08781544219893,false
Person_1620,65,88.59468706225066,false
Person_1621,68,17.881459587198112,true
Person_1622,50,44.30946750586885,false
Person_1623,70,75.26560690094291,false
Person_1624,19,2.711632510690587,false
Person_1625,80,42.65776262487084,true
Person_1626,78,90.60752188491593,true
Person_1627,33,1.1278622433716246,true
Person_1628,80,78.09790769097842,false
Person_1629,69,15.255060598468006,true
Person_1630,31,35.566123667688565,false
Person_1631,60,25.82737614874282,false
Person_1632,76,54.53701812389934,true
Person_1633,72,18.6317730826978,false
Person_1634,61,76.25363659821612,false
Person_1635,73,54.23296980067329,true
Person_1636,65,16.065333723444255,true
Person_1637,26,83.39980270765925,true
Person_1638,56,97.223979488737,true
Person_1639,31,97.9776679130151,true
Person_1640,29,54.03357989320382,false
Person_1641,37,24.861199513246202,false
Person_1642,62,0.762279150836942,false
Person_1643,58,43.27388116648003,true
Person_1644,29,67.14578508769384,false
Person_1645,52,97.7328360802126,false
Person_1646,53,33.34915246589261,true
Person_1647,36,11.668809782670698,false
Person_1648,76,12.897750981062151,false
Person_1649,64,21.596269315641937,true
Person_1650,61,85.51125816186658,true
Person_1651,20,20.52798699246131,false
Person_1652,54,12.874912367750147,true
Person_1653,74,98.39839537846154,false
Person_1654,27,45.00350475793239,false
Person_1655,39,7.915699566622858,false
Person_1656,38,53.142442354017895,true
Person_1657,75,84.16158623406368,false
Person_1658,21,81.15405420456149,false
Person_1659,61,13.345469516045638,false
Person_1660,54,16.880459738761687,true
Person_1661,45,95.33754411051319,false
Person_1662,52,81.68866512861005,false
Person_1663,36,12.428744512478628,true
Person_1664,45,45.9976121647956,true
Person_1665,62,74.95300870835445,false
Person_1666,68,60.910085707996856,true
Person_1667,64,22.818898143824228,true
Person_1668,51,18.93218302560823,false
Person_1669,73,56.71420351019027,true
Person_1670,52,13.675306763008221,false
Person_1671,67,66.32547913798099,false
Person_1672,76,58.18957029270464,true
Person_1673,62,80.0848434349096,true
Person_1674,69,41.876471657812075,true
Person_1675,63,40.33934445296284,true
Person_1676,68,96.39314072177736,true
Person_1677,80,82.18498026897437,true
Person_1678,36,57.275318796268,true
Person_1679,38,5.6345021255841505,true
Person_1680,78,70.36959260224506,false
Person_1681,48,72.3850714548188,true
Person_1682,40,33.68970237950073,true
Person_1683,58,18.059554004221535,false
Person_1684,63,15.607424536631898,false
Person_1685,32,83.36617329806725,false
Person_1686,64,87.16856265993098,false
Person_1687,74,88.23602365990591,false
Person_1688,65,80.61508138365873,false
Person_1689,21,82.7322596565254,false
Person_1690,72,62.990326317291476,true
Person_1691,74,25.452739489460065,false
Person_1692,48,97.28630282971788,false
Person_1693,51,35.42792014146035,false
Person_1694,71,36.232924980101856,false
Person_1695,32,27.10742411439737,false
Person_1696,49,53.13521458368561,false
Person_1697,22,94.9468126166142,false
Person_1698,49,46.96560424315138,true
Person_1699,68,2.42168161752514,true
Person_1700,60,50.02146872853787,false
Person_1701,65,2.647354230343957,true
Person_1702,31,7.371179508177306,true
Person_1703,66,2.778405836574993,true
Person_1704,31,8.8208063292896,false
Person_1705,23,75.94500870178777,false
Person_1706,37,9.324826016908228,false
Person_1707,46,90.66702101247897,false
Person_1708,77,6.025243413615355,true
Person_1709,35,46.65847030583586,true
Person_1710,28,8.782124273381964,true
Person_1711,40,9.699835682908997,true
Person_1712,35,20.50620245225131,false
Person_1713,25,67.91783480785082,false
Person_1714,59,86.25507147554264,false
Person_1715,18,49.04245800828563,false
Person_1716,35,42.78999015129911,true
Person_1717,59,57.41149371245427,false
Person_1718,43,19.491832682671973,false
Person_1719,26,0.0026433720625163026,false
Person_1720,50,19.89929061347848,true
Person_1721,67,27.720055353230865,false
Person_1722,27,21.062297719621824,true
Person_1723,73,50.02202322845971,true
Person_1724,67,88.83181430185306,false
Person_1725,70,9.10215940125111,true
Person_1726,47,93.41933177699492,true
Person_1727,74,70.36241960471136,false
Person_1728,52,49.36383827020053,true
Person_1729,76,88.03655240902897,false
Person_1730,39,76.26280519441141,false
Person_1731,36,55.19183729665049,true
Person_1732,73,5.857115388018297,true
Person_1733,22,6.477408475993052,false
Person_1734,30,26.841164400144436,true
Person_1735,46,78.28912352651702,false
Person_1736,45,91.12108478682985,false
Person_1737,27,91.50454477145757,true
Person_1738,31,39.9882958798092,true
Person_1739,67,21.141816645857347,false
Person_1740,39,96.48365784587405,true
Person_1741,41,41.75263489080117,false
Person_1742,36,33.81498128769213,false
Person_1743,23,80.27386199437781,false
Person_1744,21,53.885432632101214,false
Person_1745,54,84.15451598788735,false
Person_1746,42,96.90708782326574,true
Person_1747,52,35.550030047701206,false
Person_1748,70,24.171852057246678,true
Person_1749,64,72.97031723626985,true
Person_1750,62,24.861125151732832,true
Person_1751,46,60.639135998904194,true
Person_1752,40,87.3198251485291,false
Person_1753,25,82.62807395000132,true
Person_1754,36,26.840987629104806,true
Person_1755,35,71.00868700525083,false
Person_1756,61,61.56804978937671,true
Person_1757,23,10.000700953849096,false
Person_1758,59,73.1619303132802,false
Person_1759,58,16.907060209821367,true
Person_1760,26,21.25367397870076,false
Person_1761,56,14.928568158268185,false
Person_1762,51,79.20140166274322,true
Person_1763,77,73.03464352430606,false
Person_1764,59,83.00330135831938,true
Person_1765,39,5.65336748678077,false
Person_1766,76,15.9810289945164,false
Person_1767,75,94.4422491438395,false
Person_1768,75,67.48681112171039,true
Person_1769,70,58.66802456445652,true
Person_1770,59,97.73681081786641,true
Person_1771,72,69.36242906383873,false
Person_1772,72,10.884892298954075,true
Person_1773,31,95.46872981554263,false
Person_1774,67,90.09846351270862,false
Person_1775,34,45.56423474561553,true
Person_1776,26,86.73718661984144,true
Person_1777,53,68.93576745530177,false
Person_1778,33,92.46125527123463,true
Person_1779,43,58.28334395977769,true
Person_1780,57,8.62316225748282,true
Person_1781,29,98.39342860175458,false
Person_1782,52,9.956586018576296,false
Person_1783,42,85.5731284187552,true
Person_1784,25,18.102505709150783,true
Person_1785,66,51.16198306972765,true
Person_1786,52,69.06872703278485,false
Person_1787,47,93.03055187019723,true
Person_1788,19,42.22005631736606,true
Person_1789,21,70.00747060084306,true
Person_1790,48,23.7588571637402,false
Person_1791,66,3.8272628217777993,false
Person_1792,38,71.67304722778616,true
Person_1793,32,14.090014609611046,false
Person_1794,45,39.29575169185365,false
Person_1795,27,2.670150640958324,true
Person_1796,77,16.0298809974607,true
Person_1797,37,64.82389344395304,false
Person_1798,77,32.10826488591365,false
Person_1799,70,81.87818941757112,false
Person_1800,36,28.134294217051604,false
Person_1801,31,85.24901928004218,true
Person_1802,61,30.108545122411368,false
Person_1803,68,89.95051506647026,true
Person_1804,41,7.9558218757170955,false
Person_1805,40,10.097802786508037,true
Person_1806,44,93.10938876053747,false
Person_1807,46,65.83893141476754,false
Person_1808,62,20.842128490747303,true
Person_1809,40,95.39082987857893,true
Person_1810,60,97.10155661023208,false
Person_1811,51,75.3021745228929,false
Person_1812,70,59.392638581564526,true
Person_1813,46,86.31709826178535,true
Person_1814,27,14.069064219708594,false
Person_1815,62,41.444655735095814,true
Person_1816,64,22.996622481292693,false
Person_1817,24,17.86220036424192,true
Person_1818,26,37.16023844298625,true
Person_1819,60,99.05209941175971,false
Person_1820,50,48.66165249149804,true
Person_1821,78,34.89141142785521,true
Person_1822,79,68.8735687174639,true
Person_1823,33,50.880034775675696,false
Person_1824,58,55.21840398712082,true
Person_1825,23,37.46165256396507,false
Person_1826,42,43.049060355426946,true
Person_1827,63,10.533387695818464,true
Person_1828,69,95.08040677367153,true
Person_1829,37,0.9348656293429514,false
Person_1830,42,10.581215925380372,true
Person_1831,48,11.337049078469796,false
Person_1832,30,59.853115168420025,true
Person_1833,49,91.8853852177378,true
Person_1834,27,45.871433047716046,true
Person_1835,60,51.97914935469168,true
Person_1836,36,75.17326614400372,true
Person_1837,30,97.05264694507656,false
Person_1838,47,14.881362390324904,true
Person_1839,23,86.92878369490957,true
Person_1840,75,95.20765640861303,false
Person_1841,71,92.81222346961525,false
Person_1842,18,96.56839694903464,true
Person_1843,76,70.07725573875815,false
Person_1844,63,23.880138273726658,true
Person_1845,72,59.80250294193623,false
Person_1846,41,8.072080696241379,true
Person_1847,45,84.65435934851186,true
Person_1848,63,86.11982463213414,true
Person_1849,43,91.35625909979744,true
Person_1850,74,83.8080317638298,false
Person_1851,60,46.467685976478734,true
Person_1852,26,48.12032973153882,false
Person_1853,66,4.816298622891546,true
Person_1854,19,65.6614835878236,false
Person_1855,53,47.27266091666521,false
Person_1856,78,0.9317044274438135,false
Person_1857,18,71.60364756919175,true
Person_1858,48,81.50872603979568,false
Person_1859,43,82.95240056359982,false
Person_1860,19,62.73917465770419,true
Person_1861,78,39.876233130748005,true
Person_1862,47,76.24065370624369,false
Person_1863,61,24.201019915192678,true
Person_1864,79,19.088177879881798,true
Person_1865,53,53.96097136479343,false
Person_1866,80,58.686926012495654,false
Person_1867,39,9.383804747185264,false
Person_1868,51,52.65645053865228,true
Person_1869,70,56.66629223228041,true
Person_1870,47,98.49058898311628,true
Person_1871,67,69.32635629678599,false
Person_1872,80,36.63415225608373,false
Person_1873,63,39.989979034133874,false
Person_1874,65,31.696741627292248,false
Person_1875,26,5.127611153347056,true
Person_1876,23,82.05312007327682,true
Person_1877,39,59.91495045307006,true
Person_1878,19,19.593648323794877,true
Person_1879,29,70.65627596427868,false
Person_1880,41,65.75239889973398,true
Person_1881,76,6.895942054307991,true
Person_1882,58,17.6073800991699,true
Person_1883,24,14.821353928727987,true
Person_1884,23,17.13533621167459,false
Person_1885,31,86.1555896742577,false
Person_1886,27,56.35773714121588,true
Person_1887,39,72.66484228673595,false
Person_1888,32,83.13875918777656,false
Person_1889,78,97.93465978497527,false
Person_1890,76,77.66493264886446,false
Person_1891,80,71.29886261044757,false
Person_1892,72,48.31035368538763,false
Person_1893,56,2.7901992682630605,true
Person_1894,61,26.15711973451994,true
Person_1895,38,82.3407998874761,false
Person_1896,77,90.01267814648945,true
Person_1897,80,9.034162374663435,false
Person_1898,32,24.08607034358845,true
Person_1899,19,34.18241731953759,false
Person_1900,48,40.485438167661016,true
Person_1901,62,52.486395694169865,true
Person_1902,22,74.87481868674824,false
Person_1903,59,82.99143982770943,false
Person_1904,31,88.01286973161754,false
Person_1905,46,93.43201125774794,false
Person_1906,65,82.86116477913946,false
Person_1907,35,60.63826814285197,true
Person_1908,24,45.15124234461141,false
Person_1909,40,17.828712877336784,true
Person_1910,63,45.69635261992473,true
Person_1911,57,86.13822285239262,false
Person_1912,64,28.506541395465113,false
Person_1913,40,79.11532454896718,false
Person_1914,61,34.38606601556765,true
Person_1915,51,29.309645708845434,true
Person_1916,58,93.32588925964771,false
Person_1917,53,23.442088193463128,true
Person_1918,42,24.704212582114305,false
Person_1919,49,68.63406941387956,false
Person_1920,71,39.68199257353977,false
Person_1921,47,29.594136679975737,false
Person_1922,49,53.97826294787625,false
Person_1923,38,40.97108682208954,false
Person_1924,35,64.34475405537471,false
Person_1925,46,66.98438928977595,false
Person_1926,31,93.1181718275515,false
Person_1927,22,31.347458945492612,false
Person_1928,63,77.65967509653372,false
Person_1929,46,68.93682845109248,true
Person_1930,74,70.82357499278234,true
Person_1931,38,36.67101134714618,true
Person_1932,65,28.91048148780938,false
Person_1933,67,26.2617082902891,false
Person_1934,58,41.18339134941596,false
Person_1935,74,47.409092803843656,true
Person_1936,42,34.04772516252428,false
Person_1937,18,86.85481184447384,true
Person_1938,75,70.0651349310027,false
Person_1939,42,5.298912942068224,true
Person_1940,79,13.77725921801758,false
Person_1941,77,2.102857502578659,true
Person_1942,61,38.36450118339086,false
Person_1943,48,83.0625334234432,true
Person_1944,52,54.446517739065236,false
Person_1945,50,33.08811437731095,true
Person_1946,27,54.66836333137878,false
Person_1947,72,84.75610709894332,true
Person_1948,57,12.311060731005618,true
Person_1949,51,64.97658795275038,true
Person_1950,74,85.57927585394066,false
Person_1951,40,78.40789798474829,true
Person_1952,65,34.9756450083053,false
Person_1953,64,8.59860895266843,true
Person_1954,78,46.30067271549101,false
Person_1955,59,96.21298483300731,true
Person_1956,59,59.34068427608285,false
Person_1957,65,85.33220843532632,false
Person_1958,73,37.692534457717706,false
Person_1959,40,64.059385834605,true
Person_1960,74,81.88427767324976,true
Person_1961,71,64.64903143940164,false
Person_1962,45,1.9319347790347163,false
Person_1963,33,14.757411678144406,false
Person_1964,34,45.36981452273474,true
Person_1965,58,30.72725199548175,false
Person_1966,44,51.90128167759197,true
Person_1967,50,17.045032381889737,true
Person_1968,49,81.62925459142093,false
Person_1969,51,54.31134195157454,true
Person_1970,58,49.66265688693684,true
Person_1971,49,99.24732553884009,true
Person_1972,18,66.76397406423462,true
Person_1973,73,9.789850964823888,true
Person_1974,74,62.65393692568269,true
Person_1975,41,79.70067600800928,false
Person_1976,58,5.975656597147605,false
Person_1977,65,46.63839284511953,false
Person_1978,77,13.896903267278581,false
Person_1979,18,25.4904645378626,true
Person_1980,32,65.8836012325521,true
Person_1981,79,98.82704292808742,false
Person_1982,65,43.95946116635919,true
Person_1983,25,37.82972972858346,true
Person_1984,19,52.62637860769029,false
Person_1985,43,40.5779995879569,true
Person_1986,43,38.027723254743826,true
Person_1987,70,90.03986653012991,false
Person_1988,55,43.49548603332474,false
Person_1989,80,5.5719443937270245,true
Person_1990,59,48.68403599165764,true
Person_1991,30,53.402058324675124,true
Person_1992,22,57.08519303977177,true
Person_1993,20,45.2481895825356,false
Person_1994,54,65.09008860474154,false
Person_1995,22,13.344692070057196,false
Person_1996,80,59.62861471913149,false
Person_1997,66,54.415060757873675,true
Person_1998,22,81.44740433332981,true
Person_1999,34,43.11606206552223,false
Person_2000,61,73.90203878860771,true
Person_2001,52,17.92796842903115,true
Person_2002,40,72.28221256871569,false
Person_2003,57,16.006107973065298,true
Person_2004,50,59.383483112949,true
Person_2005,62,33.572577656947,false
Person_2006,47,15.358889897158123,false
Person_2007,64,85.08256805850522,true
Person_2008,78,17.504728423220573,false
Person_2009,41,70.10224134032785,false
Person_2010,58,23.618690342446826,false
Person_2011,43,49.67978208303337,true
Person_2012,59,9.984159907582502,false
Person_2013,69,38.26818823987927,false
Person_2014,71,41.31262450132201,true
Person_2015,45,35.32327791246516,true
Person_2016,52,80.92980230476785,true
Person_2017,70,24.965576274871825,false
Person_2018,27,51.98567065212083,false
Person_2019,37,10.268115716009685,true
Person_2020,79,94.94649969735335,true
Person_2021,30,73.337858722683,true
Person_2022,31,21.356061654732837,false
Person_2023,53,7.508486320241381,false
Person_2024,68,54.99791703997741,true
Person_2025,34,79.98631557666945,true
Person_2026,35,31.770094714897823,false
Person_2027,73,33.67658949508427,true
Person_2028,35,47.280490858083226,true
Person_2029,75,29.175789340965117,true
Person_2030,55,78.13723080170458,true
Person_2031,32,76.21150770331712,true
Person_2032,31,80.82740278005558,false
Person_2033,74,27.21107597655775,true
Person_2034,79,90.3348603125406,false
Person_2035,68,48.72056842652175,false
Person_2036,42,89.50982938139596,false
Person_2037,37,25.053966765540025,true
Person_2038,20,35.81150962168781,true
Person_2039,80,33.501009095947886,true
Person_2040,52,57.93181429575567,false
Person_2041,41,38.56050361017921,true
Person_2042,36,80.59688505094388,false
Person_2043,46,69.95602166815969,false
Person_2044,30,6.985577620164996,false
Person_2045,34,12.96979913599391,false
Person_2046,70,31.24384290833585,true
Person_2047,45,59.7357273639509,true
Person_2048,71,55.28236498468887,false
Person_2049,37,17.024550694781006,false
Person_2050,77,39.23895768792839,false
Person_2051,33,34.51394391532913,true
Person_2052,46,61.980882037621974,true
Person_2053,74,21.53262823209543,false
Person_2054,54,20.929979810754574,false
Person_2055,69,98.54114843631787,true
Person_2056,55,4.4178899424431535,false
Person_2057,71,97.06814260616513,true
Person_2058,61,56.235077582665696,false
Person_2059,31,72.10093404201655,false
Person_2060,59,88.82519883012483,true
Person_2061,54,51.29846554828349,false
Person_2062,49,75.8909316632038,false
Person_2063,51,6.460608025346016,false
Person_2064,26,59.64437225364249,false
Person_2065,27,66.54813793624305,true
Person_2066,46,14.772816504168873,false
Person_2067,38,54.55268733531135,true
Person_2068,30,5.9915238571907175,true
Person_2069,31,73.5524579306008,true
Person_2070,74,78.66857326451357,true
Person_2071,67,39.79354673198284,true
Person_2072,44,76.00225921087242,true
Person_2073,26,13.291790522573098,false
Person_2074,60,26.696745848092405,false
Person_2075,47,35.75395798837747,true
Person_2076,50,31.39862060778016,true
Person_2077,70,69.52082175488596,true
Person_2078,43,29.275368996017225,true
Person_2079,54,59.410498488853136,true
Person_2080,31,5.2901369565898415,false
Person_2081,50,20.88830031223671,true
Person_2082,71,29.07966787449432,true
Person_2083,36,27.268782000699275,true
Person_2084,63,31.484297142607343,true
Person_2085,76,21.31644521006757,true
Person_2086,63,94.90512261822154,false
Person_2087,47,24.959032862437002,false
Person_2088,45,18.41513409788258,true
Person_2089,76,59.33594811557534,false
Person_2090,38,90.90639453572761,false
Person_2091,25,84.81677930594367,false
Person_2092,41,60.40698249136268,false
Person_2093,56,80.79060740657293,false
Person_2094,38,18.84717343798159,false
Person_2095,29,98.55171732681534,false
Person_2096,44,3.7167583180628183,true
Person_2097,20,26.226955187292567,true
Person_2098,55,50.46754585326507,false
Person_2099,56,65.83276641521608,true
Person_2100,63,97.44635083605557,true
Person_2101,68,18.012498172045,false
Person_2102,59,64.44387671017704,true
Person_2103,31,28.985281465083634,true
Person_2104,65,47.96199065947599,false
Person_2105,58,20.861290244946286,false
Person_2106,21,88.01143634161863,true
Person_2107,48,32.951749128693606,true
Person_2108,68,11.316853961587647,false
Person_2109,75,47.73786273915557,false
Person_2110,51,60.851279279947676,false
Person_2111,48,86.50291450845357,false
Person_2112,35,98.71323116377516,false
Person_2113,18,9.88271891306216,false
Person_2114,52,78.68667900572078,false
Person_2115,28,49.50080907290301,false
Person_2116,67,50.26569740185788,true
Person_2117,48,11.882294369916814,false
Person_2118,28,11.91234801561919,false
Person_2119,47,37.83068262421179,true
Person_2120,25,37.476936592487,true
Person_2121,56,81.76260295163517,false
Person_2122,43,9.298473809282726,true
Person_2123,25,80.46748448638802,false
Person_2124,79,1.0599579506441414,true
Person_2125,74,79.10528671503478,true
Person_2126,32,96.60478132219092,false
Person_2127,80,28.349328071268076,true
Person_2128,58,3.2179289126216704,false
Person_2129,39,15.895032669029874,false
Person_2130,59,66.40793110953915,false
Person_2131,55,58.90871503384676,false
Person_2132,46,92.4398639059505,false
Person_2133,28,16.61634247303303,false
Person_2134,63,85.10639672225597,false
Person_2135,37,44.08569450175482,false
Person_2136,46,65.05735651352565,false
Person_2137,32,58.26159184354781,true
Person_2138,28,14.982982128741185,true
Person_2139,31,39.74494361101131,false
Person_2140,26,30.597933410413614,true
Person_2141,36,64.87836956810497,true
Person_2142,46,68.2181083669771,false
Person_2143,46,30.040632546286982,false
Person_2144,19,31.020208502267753,false
Person_2145,35,1.042814827791716,false
Person_2146,73,82.9557963610037,false
Person_2147,51,1.828166304982659,false
Person_2148,51,73.31471401509324,true
Person_2149,28,43.45228199248506,false
Person_2150,63,42.60863625074363,true
Person_2151,69,84.50156946303802,false
Person_2152,51,43.615873135508664,false
Person_2153,55,75.36041791841085,true
Person_2154,35,27.036928573046538,true
Person_2155,28,15.221577221121263,false
Person_2156,38,79.89314771863238,false
Person_2157,69,56.58837956168094,false
Person_2158,24,79.19612218373915,true
Person_2159,69,65.23480026951844,false
Person_2160,23,15.579756965923108,true
Person_2161,54,32.529830365885005,false
Person_2162,39,63.493827720305404,false
Person_2163,78,69.60728847859711,false
Person_2164,72,8.981431065782763,false
Person_2165,42,92.41793206489469,false
Person_2166,79,24.00425591676756,true
Person_2167,48,45.427691314873776,true
Person_2168,68,31.312264895182395,false
Person_2169,56,99.24808276657025,true
Person_2170,70,69.8559997015504,false
Person_2171,45,15.412178505372475,true
Person_2172,61,27.475199543814878,false
Person_2173,58,52.05296130506915,true
Person_2174,19,76.23789235939738,false
Person_2175,21,67.66564378298253,true
Person_2176,38,27.742028723762857,false
Person_2177,48,62.347399710533594,false
Person_2178,80,78.63841357677055,false
Person_2179,58,56.77947749861016,true
Person_2180,19,28.701137104677688,true
Person_2181,30,81.86050473949109,true
Person_2182,61,75.05876475101309,true
Person_2183,18,63.289336742961034,false
Person_2184,20,63.621639256003206,true
Person_2185,41,93.39853309217642,true
Person_2186,58,37.30187070443499,true
Person_2187,45,50.74188315972199,false
Person_2188,39,82.94926456994817,true
Person_2189,41,68.74087007130574,false
Person_2190,26,4.2886444773371,false
Person_2191,21,2.534688121631068,true
Person_2192,77,58.06747449637736,false
Person_2193,31,85.40719579776317,true
Person_2194,52,11.029016179366147,true
Person_2195,54,63.719561314605464,false
Person_2196,24,70.07895460299628,false
Person_2197,73,79.39585666155496,false
Person_2198,44,81.76097438798087,false
Person_2199,72,77.93642276386706,true
Person_2200,37,11.458957500316135,false
Person_2201,61,27.82163876952276,false
Person_2202,61,7.266116662088351,false
Person_2203,57,18.759790418870914,true
Person_2204,63,78.28026043641701,false
Person_2205,57,1.374372926142542,true
Person_2206,41,6.091433306521599,true
Person_2207,42,79.54466811271693,false
Person_2208,35,90.39424295963873,false
Person_2209,23,19.244638235216883,false
Person_2210,75,90.66444688801326,true
Person_2211,32,60.0833272493979,true
Person_2212,62,2.4638285689575268,false
Person_2213,65,21.179662615819815,false
Person_2214,80,8.593743428709777,true
Person_2215,75,99.49503662594836,false
Person_2216,70,19.342834844405722,false
Person_2217,68,72.92794311921273,true
Person_2218,58,4.087899510245318,true
Person_2219,52,17.48101701940645,false
Person_2220,75,55.44121933707642,true
Person_2221,23,25.785949960612275,true
Person_2222,78,25.689242587970206,true
Person_2223,37,12.842872147677486,false
Person_2224,33,62.87081253214674,false
Person_2225,79,65.19215426493402,true
Person_2226,21,65.0650813768156,true
Person_2227,52,94.03697143139682,false
Person_2228,37,58.82780643415465,true
Person_2229,19,49.6827781752968,false
Person_2230,72,3.245084181639657,false
Person_2231,45,92.25830396224852,true
Person_2232,26,12.669824427513543,false
Person_2233,29,92.52724452927461,false
Person_2234,54,18.23774884740823,false
Person_2235,62,20.569192877039622,true
Person_2236,57,6.158200038975226,true
Person_2237,55,5.501516086144898,true
Person_2238,31,85.0781080455776,false
Person_2239,27,12.47723521295928,false
Person_2240,42,13.879929642484568,true
Person_2241,43,59.15941927280254,false
Person_2242,70,98.3146338057408,false
Person_2243,61,77.79535391789449,false
Person_2244,29,25.326500951624876,true
Person_2245,33,17.66412318332754,false
Person_2246,32,13.924728597996626,true
Person_2247,54,26.979392979631157,true
Person_2248,31,53.57977665927376,false
Person_2249,52,56.45300411476546,true
Person_2250,30,88.60280821288363,true
Person_2251,69,65.4411297131966,false
Person_2252,76,86.7662479025747,true
Person_2253,69,12.920241987882953,true
Person_2254,27,14.237955760491083,false
Person_2255,77,25.740688307154247,false
Person_2256,48,6.283585966679284,true
Person_2257,42,92.56031748109179,true
Person_2258,48,63.63940713542738,true
Person_2259,67,27.36722422604412,true
Person_2260,79,54.312629689547975,true
Person_2261,77,79.98609784034969,false
Person_2262,65,42.22848500308665,true
Person_2263,75,73.02357965788386,true
Person_2264,70,49.41075751654005,false
Person_2265,37,10.57768707587934,true
Person_2266,56,46.15282716219333,false
Person_2267,30,14.326374471045833,true
Person_2268,67,1.6941877589269239,true
Person_2269,19,26.641121157080605,true
Person_2270,80,7.6327273006875584,true
Person_2271,52,46.346446272021225,true
Person_2272,67,1.5072732721781779,true
Person_2273,47,19.043106377129693,true
Person_2274,24,82.07800994321912,true
Person_2275,20,67.3438188166895,false
Person_2276,78,99.60271966101014,false
Person_2277,41,30.40903903398616,false
Person_2278,36,59.559628215374104,true
Person_2279,44,90.82147447066366,false
Person_2280,19,3.520456564639718,false
Person_2281,65,45.99756194294585,true
Person_2282,61,99.5922112740509,false
Person_2283,67,96.42937752619281,false
Person_2284,43,97.67938522223044,true
Person_2285,75,85.65511292591674,false
Person_2286,25,72.37667564098427,true
Person_2287,32,57.7197202915956,true
Person_2288,20,37.318114255695676,false
Person_2289,41,45.21664584958385,true
Person_2290,65,68.53014772999938,false
Person_2291,35,26.95740301247156,false
Person_2292,78,43.87766701847239,false
Person_2293,71,16.07230435576331,false
Person_2294,49,33.21697592519103,true
Person_2295,22,52.66625475455184,false
Person_2296,60,42.49320039356475,true
Person_2297,53,30.061437160182734,false
Person_2298,37,75.02280199760276,true
Person_2299,48,70.15668544680061,false
Person_2300,27,40.41934642829742,true
Person_2301,25,47.21650333787638,true
Person_2302,73,71.1122416221959,true
Person_2303,51,40.72452766131526,false
Person_2304,77,49.348541179410596,false
Person_2305,55,69.16601829438326,true
Person_2306,59,65.29475783622384,false
Person_2307,31,66.20663601345609,false
Person_2308,64,31.320640021373812,true
Person_2309,68,75.25734198729576,false
Person_2310,21,38.41367151962095,true
Person_2311,24,58.10443494153633,true
Person_2312,43,42.89284543220314,false
Person_2313,25,5.64969722236598,true
Person_2314,29,98.40210778983335,false
Person_2315,61,49.948276895339994,false
Person_2316,20,97.55879661193123,false
Person_2317,23,84.46245286149279,true
Person_2318,77,90.16209362000707,false
Person_2319,69,9.95323039561823,false
Person_2320,61,43.14451137617381,true
Person_2321,37,56.80756786770087,false
Person_2322,70,68.7835007049258,true
Person_2323,43,74.2485955069155,false
Person_2324,63,90.4787739355572,false
Person_2325,18,49.81994585766225,false
Person_2326,68,12.424074555328236,true
Person_2327,50,44.30485233029029,false
Person_2328,73,18.9325681933993,false
Person_2329,34,56.268101423683014,false
Person_2330,63,39.989091795830035,false
Person_2331,78,67.90971273071447,false
Person_2332,23,75.67941867071369,false
Person_2333,66,63.365433028528415,false
Person_2334,29,58.11494264985827,true
Person_2335,73,8.239774953086975,false
Person_2336,61,11.108817175032648,false
Person_2337,29,81.34496937649051,true
Person_2338,46,45.85915204197296,false
Person_2339,72,35.15009616401533,false
Person_2340,21,21.94197571227068,true
Person_2341,32,32.44899781912076,false
Person_2342,49,7.715337484200058,false
Person_2343,73,85.60041164522015,true
Person_2344,26,88.62938248161976,true
Person_2345,48,33.69320119839223,false
Person_2346,67,88.32567474393991,false
Person_2347,66,84.8720646691136,true
Person_2348,78,14.866443641229864,true
Person_2349,61,82.73375557244796,true
Person_2350,69,75.74262442250118,true
Person_2351,30,56.23119631403013,false
Person_2352,21,65.20340572492239,false
Person_2353,29,24.373881118385597,false
Person_2354,49,39.55640466066197,false
Person_2355,61,98.47770935674882,true
Person_2356,48,23.045009490556833,true
Person_2357,48,88.65858439391894,true
Person_2358,77,2.8945591376206226,false
Person_2359,30,90.88278243962816,false
Person_2360,70,67.55070412856858,false
Person_2361,74,91.50174747411984,true
Person_2362,57,37.7375408839469,true
Person_2363,25,37.15765831552078,true
Person_2364,68,24.612887128896197,true
Person_2365,46,72.87740513668027,false
Person_2366,34,41.11764607323458,false
Person_2367,77,40.59955547867572,true
Person_2368,69,89.90529989563196,true
Person_2369,19,12.822626728564956,true
Person_2370,43,12.755469085450367,false
Person_2371,43,39.71252846797416,true
Person_2372,73,29.238598132582062,false
Person_2373,68,5.165826929902451,false
Person_2374,37,6.082788115696125,false
Person_2375,62,70.93996544371278,true
Person_2376,59,40.60570043415011,false
Person_2377,57,16.68712064661704,true
Person_2378,52,3.922728197315728,false
Person_2379,18,23.508062566208977,false
Person_2380,59,60.65808398474029,false
Person_2381,76,2.152046052140699,true
Person_2382,79,5.696928162625037,false
Person_2383,61,95.0631838409985,false
Person_2384,43,24.933727895154732,false
Person_2385,21,72.73124418307879,false
Person_2386,76,38.944029742742195,true
Person_2387,32,79.683766409856,true
Person_2388,77,41.463182400354896,true
Person_2389,19,46.233230421281945,true
Person_2390,70,82.98894132319322,false
Person_2391,54,52.11076860956143,false
Person_2392,65,62.72552902135207,true
Person_2393,71,67.50508264563626,false
Person_2394,27,52.42046441054781,false
Person_2395,78,93.3271409596854,false
Person_2396,41,85.24119329208489,false
Person_2397,68,93.33744618359646,false
Person_2398,63,1.2732035660637187,true
Person_2399,77,84.2570842943894,false
Person_2400,52,7.314777347337264,true
Person_2401,48,3.987660712165453,false
Person_2402,52,74.16888515835868,true
Person_2403,74,9.008771879810173,true
Person_2404,34,53.764107045171116,true
Person_2405,19,32.964387796549076,false
Person_2406,41,29.36264883492551,true
Person_2407,46,70.64059812851998,true
Person_2408,67,72.90888230664665,false
Person_2409,36,15.286185301019717,true
Person_2410,38,85.73046663789643,false
Person_2411,71,9.421421452669776,true
Person_2412,62,3.8827683213858544,true
Person_2413,31,87.68130397606538,true
Person_2414,36,77.02834188636196,false
Person_2415,57,35.65598658904106,false
Person_2416,54,36.998530886389545,true
Person_2417,22,43.08145554401528,true
Person_2418,28,33.115524320431824,false
Person_2419,62,15.605852213558059,true
Person_2420,74,18.082695982489373,true
Person_2421,42,43.22828240857947,false
Person_2422,73,8.985394953800906,false
Person_2423,35,2.6094122712437606,true
Person_2424,38,84.92896545407301,false
Person_2425,29,55.66174813482352,false
Person_2426,69,51.13529390276441,true
Person_2427,33,9.188276371992144,false
Person_2428,30,57.40671470842997,true
Person_2429,53,32.305201850260936,true
Person_2430,62,9.783319374507215,true
Person_2431,37,73.24400876823186,true
Person_2432,57,33.40778113496059,true
Person_2433,77,53.679712096829526,false
Person_2434,37,76.614989204078,false
Person_2435,33,6.221895407646693,false
Person_2436,45,79.36695989173947,false
Person_2437,71,96.468741511754,true
Person_2438,78,89.44225669290124,true
Person_2439,24,48.28571308435161,true
Person_2440,63,18.296579002326574,true
Person_2441,74,54.44495786204408,true
Person_2442,49,76.03211175729624,true
Person_2443,75,77.04745024960302,true
Person_2444,39,54.77478002966558,false
Person_2445,26,15.550932703802456,false
Person_2446,76,18.444401665394828,false
Person_2447,62,3.981568665475277,false
Person_2448,22,94.73526921410391,false
Person_2449,29,51.01051721609737,true
Person_2450,18,93.75346558744907,true
Person_2451,70,48.74957603215313,false
Person_2452,28,45.58411340245887,true
Person_2453,53,41.07684754414011,false
Person_2454,27,19.095120009579436,true
Person_2455,73,83.80135995333232,false
Person_2456,24,28.633070949998185,true
Person_2457,39,79.82492533832084,true
Person_2458,21,25.498491905040567,true
Person_2459,41,3.347298047660696,false
Person_2460,69,27.96377498374679,false
Person_2461,59,87.13315542422723,true
Person_2462,35,75.91290636382026,true
Person_2463,60,29.44613003932578,false
Person_2464,29,15.571226818948391,true
Person_2465,22,12.322193324151131,true
Person_2466,19,68.34096768599211,false
Person_2467,79,86.22613696239283,true
Person_2468,23,34.94424999599401,false
Person_2469,25,20.094380353090212,true
Person_2470,24,32.55339971954051,false
Person_2471,35,51.26213089072208,false
Person_2472,52,61.436247298141865,false
Person_2473,28,12.851166153432757,true
Person_2474,59,35.75898503353741,false
Person_2475,41,32.445497559731706,true
Person_2476,50,36.23129734593661,true
Person_2477,34,70.2929299470088,true
Person_2478,72,19.302764011346518,false
Person_2479,46,33.03524830906254,true
Person_2480,69,43.93594184905631,true
Person_2481,58,49.729695610671435,false
Person_2482,28,12.894667684688411,true
Person_2483,57,61.83872872401648,true
Person_2484,29,93.5829516401134,true
Person_2485,67,68.6918870657799,true
Person_2486,58,75.22851131594753,false
Person_2487,52,9.946520196708587,false
Person_2488,34,12.80190435442794,true
Person_2489,43,74.95590554639774,false
Person_2490,74,63.61072732322466,false
Person_2491,29,66.63964235339681,false
Person_2492,22,58.346685220070405,true
Person_2493,30,16.222970394028557,true
Person_2494,79,22.231819280374754,false
Person_2495,20,10.487191909723382,false
Person_2496,72,41.48658108891485,false
Person_2497,35,82.75657812588695,true
Person_2498,29,19.90069625466647,false
Person_2499,67,18.822186221176917,true
Person_2500,21,87.10261011828841,false
Person_2501,31,33.94746193696528,true
Person_2502,28,47.22425866614503,true
Person_2503,74,71.27843129229517,true
Person_2504,68,43.77565886072529,true
Person_2505,38,52.950704187330736,true
Person_2506,79,72.62759546653041,false
Person_2507,28,37.97768690805343,false
Person_2508,36,65.03298678694621,true
Person_2509,22,7.0592165318361655,false
Person_2510,70,12.906554191394171,false
Person_2511,54,87.33557316035883,true
Person_2512,54,74.63757826771644,false
Person_2513,27,6.755918174173803,true
Person_2514,79,26.811946304578015,true
Person_2515,55,16.148602671597324,true
Person_2516,35,25.443738440793993,true
Person_2517,60,97.06318618544472,true
Person_2518,33,7.22301942779403,false
Person_2519,64,74.53084997017861,true
Person_2520,51,9.837146292506983,false
Person_2521,46,59.669934319176136,true
Person_2522,80,2.4920045405104285,true
Person_2523,23,26.904044964097917,true
Person_2524,26,64.19565256407618,true
Person_2525,58,51.45887271451189,false
Person_2526,23,12.036425419483244,false
Person_2527,80,58.73780585772531,false
Person_2528,73,57.46157821763261,false
Person_2529,60,15.70198243456906,true
Person_2530,61,7.927690748697591,false
Person_2531,74,92.49783518875027,true
Person_2532,35,65.31354092047947,true
Person_2533,39,59.46362064682591,true
Person_2534,75,29.556614948229388,false
Person_2535,39,50.11641144006387,false
Person_2536,49,70.35925799024713,true
Person_2537,23,44.42276225407083,false
Person_2538,76,92.14215194618848,false
Person_2539,32,92.62153743384833,true
Person_2540,68,75.93356448828644,true
Person_2541,77,30.56484608534512,false
Person_2542,43,30.506385124693715,true
Person_2543,38,85.49903389715453,true
Person_2544,31,30.142272309504413,false
Person_2545,37,87.48632770018871,false
Person_2546,27,60.24703779244438,true
Person_2547,44,32.16059340606997,true
Person_2548,64,94.58613381416946,true
Person_2549,34,56.142336852760145,true
Person_2550,37,77.12781160532803,false
Person_2551,56,22.401533578416345,true
Person_2552,73,44.73307547412212,false
Person_2553,64,39.741490987977514,false
Person_2554,53,88.34259647046697,true
Person_2555,47,87.76570749090666,true
Person_2556,54,31.431185491944568,true
Person_2557,50,72.72563927910923,false
Person_2558,69,50.33237177513827,true
Person_2559,72,89.84981010054676,false
Person_2560,31,87.99301355475522,true
Person_2561,80,52.25073158458143,true
Person_2562,71,32.94285203820175,false
Person_2563,58,28.811127755014965,false
Person_2564,45,37.76122604030236,false
Person_2565,73,64.91199079561703,true
Person_2566,36,28.183135497712442,true
Person_2567,61,33.699791420367205,true
Person_2568,34,92.26759509913205,true
Person_2569,58,69.57426660851837,true
Person_2570,22,96.93380394637265,true
Person_2571,69,56.388528923220115,false
Person_2572,28,97.37410403710415,false
Person_2573,64,32.72956964842459,true
Person_2574,34,33.747472483284824,false
Person_2575,19,69.4498352980325,false
Person_2576,62,0.33057438764894087,true
Person_2577,44,16.812846977245787,false
Person_2578,26,50.8717398722329,true
Person_2579,40,40.39543158861713,false
Person_2580,54,49.376665401768186,true
Person_2581,80,34.05855835158819,false
Person_2582,73,41.966582160816856,true
Person_2583,75,6.059072879648775,false
Person_2584,59,18.77119305538979,true
Person_2585,36,66.02254756648826,false
Person_2586,47,43.360563830762956,false
Person_2587,64,32.426770927436756,false
Person_2588,57,28.13098408565854,true
Person_2589,74,86.14395435572804,false
Person_2590,75,77.62952184518545,false
Person_2591,67,39.47628881505655,true
Person_2592,29,85.4412939476616,true
Person_2593,50,17.484576119081673,false
Person_2594,75,47.87094772748832,true
Person_2595,38,18.652198699047005,false
Person_2596,56,80.56469418177356,false
Person_2597,50,67.40661953002805,false
Person_2598,64,85.25324781595631,false
Person_2599,22,56.01251220722856,false
Person_2600,45,66.11027909543414,true
Person_2601,66,35.45297478141729,false
Person_2602,41,67.29505468430507,false
Person_2603,19,68.97445147192255,true
Person_2604,55,51.132258704416834,true
Person_2605,37,54.546552650699745,true
Person_2606,28,42.42251963318429,false
Person_2607,70,68.73362362873459,false
Person_2608,21,31.923019567418077,true
Person_2609,20,27.044523752583473,true
Person_2610,77,14.341761256869301,true
Person_2611,78,58.86892606587209,true
Person_2612,77,48.710605380320885,true
Person_2613,39,8.83556657224156,false
Person_2614,29,79.53458381395892,true
Person_2615,43,96.92305475622042,true
Person_2616,77,92.02886078632861,false
Person_2617,55,68.2926305351201,true
Person_2618,49,99.56290256709018,false
Person_2619,44,55.67781680180111,false
Person_2620,36,34.60674283498923,false
Person_2621,41,38.279459630916726,false
Person_2622,52,1.5001711267534579,true
Person_2623,38,86.8174226558451,true
Person_2624,69,24.20093732662021,false
Person_2625,34,14.848366285167646,true
Person_2626,38,14.467665550455798,true
Person_2627,40,66.85798827016117,false
Person_2628,79,29.165714234474514,false
Person_2629,24,63.986089276008116,false
Person_2630,41,54.9394011158408,true
Person_2631,68,60.7685992207289,false
Person_2632,41,44.15102001298115,false
Person_2633,37,65.80159877325961,false
Person_2634,40,39.887733804403865,true
Person_2635,19,92.02487185195456,true
Person_2636,73,77.83583395013936,false
Person_2637,19,56.91956323231137,false
Person_2638,21,71.10255458860945,true
Person_2639,40,94.46118497889839,false
Person_2640,20,18.463912748592637,true
Person_2641,27,41.03057939768523,true
Person_2642,78,90.14215736844893,true
Person_2643,19,25.502146200258036,false
Person_2644,32,71.65346344024395,false
Person_2645,45,45.64648249052223,false
Person_2646,61,74.80261277651293,false
Person_2647,32,48.368010104916515,true
Person_2648,67,87.6886760645882,true
Person_2649,43,11.335560804188171,false
Person_2650,28,87.39633283855284,false
Person_2651,49,99.04161209287963,false
Person_2652,47,61.83095899836767,true
Person_2653,47,35.8239378927486,false
Person_2654,56,82.80039562806262,false
Person_2655,41,31.087592486545756,false
Person_2656,47,81.81349285447574,false
Person_2657,19,38.34463750078019,false
Person_2658,67,62.945280857909104,true
Person_2659,70,89.58732104348262,true
Person_2660,54,62.02324118540117,false
Person_2661,37,6.742643210161592,false
Person_2662,45,67.68383024634025,true
Person_2663,29,19.629996269576942,true
Person_2664,40,73.76297386801814,false
Person_2665,45,45.13927175740678,false
Person_2666,50,33.14253521825783,false
Person_2667,80,18.03524657090907,false
Person_2668,44,90.49395988322783,false
Person_2669,35,85.65998025633711,true
Person_2670,55,85.70162095696453,false
Person_2671,66,75.01630167722489,false
Person_2672,45,85.0076037149629,false
Person_2673,66,70.85932235590421,false
Person_2674,22,59.23776943646399,true
Person_2675,72,63.79028793487518,true
Person_2676,43,75.56924550055042,false
Person_2677,21,46.645348409490275,true
Person_2678,57,72.57023302667722,true
Person_2679,73,9.727485689141336,false
Person_2680,71,6.031649267345696,false
Person_2681,78,20.68859697892218,false
Person_2682,45,76.59973305274941,false
Person_2683,30,97.82559422168525,true
Person_2684,39,89.6593270100022,true
Person_2685,78,46.31296871769833,true
Person_2686,34,14.219736231974323,false
Person_2687,62,40.02916678279106,true
Person_2688,36,45.163492414661775,true
Person_2689,25,43.07250083916709,true
Person_2690,31,34.682230110905145,false
Person_2691,44,78.78021684417156,true
Person_2692,49,84.90958491143596,true
Person_2693,32,48.93208157017974,false
Person_2694,19,47.16096531509037,true
Person_2695,60,14.184586829846923,true
Person_2696,53,53.514110190845166,false
Person_2697,23,61.240377745044746,true
Person_2698,20,75.56278534293477,true
Person_2699,27,56.978991990756775,true
Person_2700,69,47.16103878646742,true
Person_2701,28,20.592281486705765,true
Person_2702,52,55.91150663095541,true
Person_2703,24,76.34910277640648,true
Person_2704,49,47.82492774338443,true
Person_2705,66,51.98466793617498,true
Person_2706,76,94.1993298753411,true
Person_2707,62,13.127502269861257,false
Person_2708,49,37.80447854677148,true
Person_2709,19,84.19979996726535,false
Person_2710,20,84.98048539869679,true
Person_2711,29,54.71856519341001,true
Person_2712,40,89.89349946205209,true
Person_2713,57,56.992881704101784,false
Person_2714,41,23.56531267294256,true
Person_2715,35,83.14085186219374,true
Person_2716,36,27.465299469788008,false
Person_2717,74,83.46684278186925,false
Person_2718,54,22.25085598452835,true
Person_2719,31,18.481420288215578,true
Person_2720,72,54.7061502517555,true
Person_2721,42,97.9479068863803,true
Person_2722,49,64.30402567791764,true
Person_2723,54,50.48114930643273,false
Person_2724,24,66.26782588534711,false
Person_2725,46,7.6133677158336415,true
Person_2726,55,49.72776627622891,true
Person_2727,49,75.73130741954296,false
Person_2728,51,56.43893025932767,false
Person_2729,55,11.128069329290147,false
Person_2730,35,38.83941586333018,false
Person_2731,57,75.73268330883013,true
Person_2732,75,95.55697907061045,false
Person_2733,37,73.29871626401362,false
Person_2734,45,84.48563097545028,false
Person_2735,31,77.9168087760128,false
Person_2736,32,33.26296233143652,true
Person_2737,68,64.56720565113898,false
Person_2738,69,60.326378246380784,true
Person_2739,71,0.12784733179549423,false
Person_2740,30,98.83063000252346,false
Person_2741,77,98.36846634521335,true
Person_2742,29,86.94869312551805,true
Person_2743,43,3.5239698745678782,false
Person_2744,75,78.19188484515797,true
Person_2745,29,34.49248428035985,true
Person_2746,23,26.001309074042368,true
Person_2747,63,90.25857023862068,true
Person_2748,59,78.16252925206679,true
Person_2749,78,88.44592426055173,true
Person_2750,63,11.635949580760062,false
Person_2751,19,45.25997209565119,true
Person_2752,31,12.068143439203794,true
Person_2753,49,17.22200595227694,false
Person_2754,25,80.46221050267211,true
Person_2755,68,52.30330776582534,false
Person_2756,45,5.17463808452926,true
Person_2757,48,56.86586703727069,false
Person_2758,60,96.32383563396992,false
Person_2759,42,32.38993849774731,false
Person_2760,47,52.95650050561213,false
Person_2761,54,13.302178084664916,false
Person_2762,27,3.6319142278097294,false
Person_2763,55,56.59309411222645,true
Person_2764,59,95.65707181951416,true
Person_2765,26,4.24194682540392,true
Person_2766,37,23.417530896938587,true
Person_2767,63,23.730516649859325,false
Person_2768,24,11.619417644634577,true
Person_2769,53,90.76479557327363,true
Person_2770,40,39.56300046785351,false
Person_2771,45,27.941571756436822,true
Person_2772,60,73.66710269295477,false
Person_2773,75,65.82220036141719,true
Person_2774,47,92.72120914416931,true
Person_2775,30,79.32973565348242,true
Person_2776,44,86.68598542208336,true
Person_2777,63,43.17206794983959,true
Person_2778,72,28.554384767172248,true
Person_2779,26,37.61002264447077,false
Person_2780,79,38.43543927072397,true
Person_2781,48,0.886372199113894,true
Person_2782,38,8.794030200318414,true
Person_2783,30,25.555998001509096,true
Person_2784,33,75.9286601469318,false
Person_2785,27,80.3000276511723,true
Person_2786,69,74.00928806673316,true
Person_2787,28,0.5296161920358311,true
Person_2788,22,95.21466369299635,false
Person_2789,53,43.70502491537343,false
Person_2790,24,64.79626733764361,true
Person_2791,18,7.314355486330992,true
Person_2792,69,75.29218333652089,false
Person_2793,26,12.09825759949168,false
Person_2794,62,83.08772272546166,true
Person_2795,54,32.608005725672676,false
Person_2796,44,31.053904700782276,false
Person_2797,59,7.063705423111244,false
Person_2798,20,29.613476778423397,true
Person_2799,73,95.08554823315478,false
Person_2800,67,39.312592743712116,false
Person_2801,32,29.63939847893605,true
Person_2802,23,95.01258507381125,true
Person_2803,71,64.76800112461623,false
Person_2804,43,38.24870048632288,false
Person_2805,55,96.29681419473629,true
Person_2806,78,56.350861347301105,false
Person_2807,36,29.857420790385593,true
Person_2808,77,30.30906659751387,true
Person_2809,64,6.102785174355607,false
Person_2810,67,55.161138052502544,true
Person_2811,77,1.7573701323501667,true
Person_2812,72,21.532846161750097,false
Person_2813,32,27.750914642149294,true
Person_2814,18,64.41852756976847,false
Person_2815,66,99.2762316113452,true
Person_2816,33,58.98296205061232,true
Person_2817,35,40.81592905003345,false
Person_2818,61,88.43712241543767,true
Person_2819,41,19.12750353147764,false
Person_2820,28,59.12761592327412,true
Person_2821,39,87.97614228769886,true
Person_2822,34,42.055198994892464,false
Person_2823,33,17.223861427847808,true
Person_2824,51,84.92780342100676,false
Person_2825,76,6.081165605718275,true
Person_2826,31,44.242623422667705,true
Person_2827,29,25.61774219823638,false
Person_2828,58,56.130148998660545,false
Person_2829,78,53.58453907718229,true
Person_2830,34,52.609918247540634,false
Person_2831,55,66.53863961967306,true
Person_2832,50,22.04678784059211,false
Person_2833,72,12.344521306292899,false
Person_2834,49,81.18566247391877,true
Person_2835,53,43.766692970831365,false
Person_2836,49,19.128900378097956,true
Person_2837,64,10.135464499778257,true
Person_2838,38,1.637515173504711,true
Person_2839,55,79.04571969484616,true
Person_2840,74,92.16463731893654,false
Person_2841,45,20.73513929189531,false
Person_2842,33,52.5858838718405,false
Person_2843,78,27.65572416005967,true
Person_2844,25,40.13572297721617,true
Person_2845,75,0.10531207977445556,false
Person_2846,78,82.93111032079368,true
Person_2847,23,34.62981675597657,true
Person_2848,64,89.05057536420858,true
Person_2849,39,44.93590125493836,false
Person_2850,22,25.969488582177604,true
Person_2851,30,15.205961410889202,false
Person_2852,44,38.64361789396914,false
Person_2853,19,99.57197324852466,true
Person_2854,73,7.475119037699995,false
Person_2855,45,3.6113608162842703,true
Person_2856,38,22.93764182504223,false
Person_2857,24,85.7452683733381,true
Person_2858,57,61.7484555022101,false
Person_2859,58,64.37001414538264,false
Person_2860,57,7.855914446726054,false
Person_2861,65,69.86373829938883,false
Person_2862,54,28.1935010094855,false
Person_2863,46,95.33842901707393,true
Person_2864,40,2.7796693957820473,true
Person_2865,34,46.245949827637865,true
Person_2866,24,39.2543019523465,true
Person_2867,29,10.02276490910684,true
Person_2868,47,14.152960288840632,true
Person_2869,23,95.40477852570027,true
Person_2870,70,37.74015796203748,true
Person_2871,35,19.420159170812113,true
Person_2872,80,27.435589146047647,true
Person_2873,61,16.320713745359594,false
Person_2874,79,72.06520803766918,true
Person_2875,60,60.07584771408223,true
Person_2876,73,7.954913041460521,true
Person_2877,40,95.86369897666532,false
Person_2878,39,9.45136179311259,false
Person_2879,44,88.66436381677148,false
Person_2880,38,66.46082991620675,true
Person_2881,32,14.28737773230414,true
Person_2882,61,40.69352449485506,true
Person_2883,27,75.74962265778414,false
Person_2884,26,45.299030467343236,true
Person_2885,45,42.97448267539393,false
Person_2886,70,58.89150607113214,false
Person_2887,19,5.234698400449367,true
Person_2888,77,4.2764119861323335,false
Person_2889,27,70.83173131142236,false
Person_2890,38,16.46192758819144,true
Person_2891,31,82.85639697758222,true
Person_2892,28,57.25520101878006,true
Person_2893,57,83.08442090421502,false
Person_2894,80,9.89852032198929,false
Person_2895,18,50.14466069956427,false
Person_2896,18,24.03945373378349,false
Person_2897,53,95.87059876259006,true
Person_2898,48,48.73753934427393,true
Person_2899,33,79.06216799031209,true
Person_2900,75,73.30501096285488,true
Person_2901,69,11.951609239607619,true
Person_2902,26,56.904703366263284,false
Person_2903,22,82.93528328790863,true
Person_2904,60,4.4227567655451665,true
Person_2905,59,23.706069166865728,false
Person_2906,47,69.83513741993929,true
Person_2907,73,54.26766597413359,true
Person_2908,62,70.93562748393718,true
Person_2909,47,50.987323823813604,true
Person_2910,50,25.778392214375135,false
Person_2911,77,77.78283557492276,true
Person_2912,55,52.96744412791179,false
Person_2913,79,25.736741002128095,false
Person_2914,69,17.302563211416768,true
Person_2915,27,16.157353306895494,false
Person_2916,42,46.245906915910986,false
Person_2917,45,43.23434909754873,false
Person_2918,54,18.453687805649942,false
Person_2919,63,22.258146614710363,false
Person_2920,43,16.770270984029068,false
Person_2921,72,16.75671009569839,true
Person_2922,48,59.238914490596336,false
Person_2923,75,34.15960498224499,true
Person_2924,34,97.54929807189694,true
Person_2925,38,98.66544977040394,true
Person_2926,56,40.83295211918079,false
Person_2927,32,30.976340865211792,true
Person_2928,23,67.57795574098603,false
Person_2929,53,84.95251254428574,true
Person_2930,59,43.84410743622812,false
Person_2931,24,0.9988973113397526,true
Person_2932,53,75.00051079294111,false
Person_2933,20,71.7597311207482,true
Person_2934,25,44.468812095132606,true
Person_2935,77,25.46490226979905,false
Person_2936,54,7.398623382101944,true
Person_2937,79,80.91184156680774,false
Person_2938,45,78.93346555620495,false
Person_2939,67,89.14506240395113,true
Person_2940,43,64.4243779131046,false
Person_2941,39,31.091344641547636,false
Person_2942,52,0.549692033435456,false
Person_2943,35,94.53095061664558,true
Person_2944,74,77.27115535296215,true
Person_2945,61,15.069556591698719,true
Person_2946,43,57.4269688506263,true
Person_2947,64,49.09205512817447,true
Person_2948,76,76.80882295756687,true
Person_2949,37,28.881747815045745,false
Person_2950,43,66.54090765692229,true
Person_2951,74,21.02198720945139,false
Person_2952,35,42.84917714463595,true
Person_2953,34,23.62020373738861,false
Person_2954,60,78.92854062348789,false
Person_2955,37,73.25634675036198,true
Person_2956,59,35.16416229493863,false
Person_2957,27,68.22207504766416,false
Person_2958,31,97.69748812079358,true
Person_2959,23,44.047482349276244,false
Person_2960,57,10.185401625077816,false
Person_2961,64,51.14655012723459,false
Person_2962,56,97.9884978034361,false
Person_2963,40,72.923595706474,true
Person_2964,78,44.19029547728758,false
Person_2965,34,53.20553564921763,false
Person_2966,29,31.481737902390783,false
Person_2967,48,52.94848340656995,true
Person_2968,29,38.60269735678248,false
Person_2969,49,29.142137136719526,true
Person_2970,63,49.160227823533084,true
Person_2971,31,81.22880014900744,false
Person_2972,51,27.653697951019986,true
Person_2973,20,50.70041944260463,false
Person_2974,34,64.19003273381469,false
Person_2975,62,7.343523118463602,true
Person_2976,77,8.265772464478982,false
Person_2977,40,47.15682844992549,false
Person_2978,37,45.201756170247755,false
Person_2979,46,29.022514405689538,true
Person_2980,29,13.60542904629648,true
Person_2981,53,73.34770675546271,true
Person_2982,52,0.552906810116871,false
Person_2983,52,26.493493948854507,false
Person_2984,32,2.8900147403931875,true
Person_2985,68,56.54764597197153,true
Person_2986,33,48.13567864691194,false
Person_2987,22,35.923693286673085,false
Person_2988,23,48.57615206214388,true
Person_2989,38,4.731167524350887,false
Person_2990,69,49.855600553025624,true
Person_2991,31,99.26927518214652,true
Person_2992,20,0.6465374959332637,true
Person_2993,24,24.499370825105892,true
Person_2994,29,25.058067567404287,true
Person_2995,32,69.20042361843174,true
Person_2996,65,86.30750848427378,false
Person_2997,40,82.42717781230776,false
Person_2998,57,9.811798932648053,false
Person_2999,47,61.32973066800589,true
Person_3000,62,68.83022322545588,false
Person_3001,25,4.719704328363006,true
Person_3002,71,71.59299956261349,true
Person_3003,19,27.672639050985293,true
Person_3004,37,16.071387779060974,true
Person_3005,78,67.83200651052958,false
Person_3006,43,65.88692912770114,false
Person_3007,73,0.38061935379850587,true
Person_3008,42,18.920099055405814,false
Person_3009,62,77.79856272628474,true
Person_3010,26,23.847742614786792,true
Person_3011,61,95.97409902005883,true
Person_3012,32,26.881669282957688,false
Person_3013,22,13.143528327228838,true
Person_3014,56,42.66273322071513,false
Person_3015,46,23.45614415250521,false
Person_3016,69,13.924124757521172,false
Person_3017,57,33.46468368932929,false
Person_3018,80,37.51300028225023,false
Person_3019,79,0.800469158623196,false
Person_3020,22,48.23217920787465,false
Person_3021,63,68.52674456954614,true
Person_3022,46,66.01040711723942,false
Person_3023,23,42.65418189828161,true
Person_3024,51,40.34062404858116,true
Person_3025,54,37.21964221145602,false
Person_3026,78,46.77742733477442,true
Person_3027,47,25.673525973397602,false
Person_3028,33,53.31743510332723,false
Person_3029,74,44.50698532079815,false
Person_3030,79,82.76561719265474,false
Person_3031,47,22.32209451538678,true
Person_3032,60,87.63336929583383,false
Person_3033,63,66.92570734404339,false
Person_3034,23,72.80859158117379,true
Person_3035,36,23.026574253333752,true
Person_3036,21,82.88225652619411,false
Person_3037,54,1.7713465983719368,false
Person_3038,63,27.97672724310415,false
Person_3039,37,50.94389418563887,true
Person_3040,30,82.22117189543772,false
Person_3041,54,47.214982149383275,false
Person_3042,38,85.0689333181297,false
Person_3043,74,56.60292545719634,true
Person_3044,27,31.093133890175682,true
Person_3045,50,14.153333698886028,true
Person_3046,43,15.60571736339298,true
Person_3047,51,22.932079354424395,false
Person_3048,72,61.48729856978292,false
Person_3049,69,50.308240647322854,false
Person_3050,25,27.08104894124036,false
Person_3051,20,38.2699313402291,false
Person_3052,45,97.73415102580839,false
Person_3053,73,0.6205186387851946,true
Person_3054,68,72.05865544585268,true
Person_3055,66,63.081744283962216,true
Person_3056,78,18.672349984791804,true
Person_3057,78,8.56868103944296,true
Person_3058,54,72.24750927514307,true
Person_3059,30,54.503720602847025,true
Person_3060,71,79.60094403248007,true
Person_3061,29,5.639211295526147,true
Person_3062,61,43.23789001852328,true
Person_3063,54,86.42151159821022,false
Person_3064,64,7.394807003388937,false
Person_3065,58,60.196224563416834,false
Person_3066,25,25.00258207181716,true
Person_3067,37,30.94199724852349,false
Person_3068,21,83.94816115783591,false
Person_3069,58,34.397715580057906,true
Person_3070,58,70.81670838968441,false
Person_3071,79,7.674476536639185,false
Person_3072,79,3.787927036780947,false
Person_3073,49,63.858400344695674,false
Person_3074,57,88.06824679738166,true
Person_3075,21,99.71205689367017,true
Person_3076,54,71.21669361012992,false
Person_3077,65,24.974587524561077,true
Person_3078,32,65.7682836682362,false
Person_3079,51,23.186557854131372,true
Person_3080,21,51.778705264352546,false
Person_3081,56,85.22629443030175,true
Person_3082,59,11.987463107723107,true
Person_3083,71,28.103468639920003,true
Person_3084,24,0.6143511794806211,true
Person_3085,49,3.3175531518739754,true
Person_3086,46,51.57049900756898,true
Person_3087,38,65.23441593990015,false
Person_3088,41,57.234524002993226,false
Person_3089,37,16.609052267699376,false
Person_3090,73,54.81551724221433,false
Person_3091,78,76.78688116780329,true
Person_3092,67,71.91698865270418,true
Person_3093,60,17.207072946765546,false
Person_3094,58,3.2023988741761267,false
Person_3095,40,82.85205556691794,true
Person_3096,71,39.17918094382466,false
Person_3097,36,18.424919329194534,true
Person_3098,49,90.8396578506806,false
Person_3099,60,78.54946557332592,false
Person_3100,80,66.24850350073342,true
Person_3101,64,22.806528072868982,false
Person_3102,29,61.78910207805767,true
Person_3103,37,80.12669924567264,false
Person_3104,37,81.87045788034764,true
Person_3105,43,12.489207754002319,false
Person_3106,45,24.91389736891193,false
Person_3107,62,57.52157837235975,false
Person_3108,20,87.39272277200743,true
Person_3109,62,38.95597458992099,true
Person_3110,42,20.936517069674533,true
Person_3111,71,88.13213160331522,false
Person_3112,37,49.963086222887384,true
Person_3113,19,92.52636763490365,false
Person_3114,78,61.855890198795734,true
Person_3115,69,58.77265180312605,false
Person_3116,31,8.2592360529536,true
Person_3117,47,74.12574803036833,false
Person_3118,63,52.152769769441576,false
Person_3119,61,50.079910586672625,false
Person_3120,52,39.163956399438085,true
Person_3121,40,41.902261174118195,false
Person_3122,20,77.18115380264607,true
Person_3123,36,35.229298980990386,false
Person_3124,77,44.193326077083704,true
Person_3125,20,38.39300481343808,false
Person_3126,18,93.43342477177346,true
Person_3127,46,46.63162651076473,false
Person_3128,45,1.4112495634881483,false
Person_3129,26,32.97092047302609,true
Person_3130,64,88.63148092904383,false
Person_3131,51,96.2812834158837,true
Person_3132,50,47.865693531989976,true
Person_3133,31,41.75712120001385,true
Person_3134,19,40.09041800457794,false
Person_3135,27,0.7180695774620771,false
Person_3136,75,19.112971802370215,true
Person_3137,22,27.21812532016764,true
Person_3138,28,95.04942638440929,true
Person_3139,61,35.2149152196078,true
Person_3140,39,43.22947796897707,false
Person_3141,45,79.66169228353442,false
Person_3142,57,83.93266137419015,false
Person_3143,53,69.6207265665976,true
Person_3144,58,11.355447762493887,false
Person_3145,45,93.83220584000402,true
Person_3146,53,53.53625482519114,true
Person_3147,76,9.730535744930613,false
Person_3148,46,73.84838767311057,true
Person_3149,47,8.52711781311113,false
Person_3150,59,69.86414994417967,false
Person_3151,59,94.33239391285673,true
Person_3152,61,11.205061158194042,true
Person_3153,56,19.916813592558434,false
Person_3154,41,75.46450426774271,false
Person_3155,62,70.8670477977948,true
Person_3156,27,18.410497249612124,true
Person_3157,36,51.589614154615596,true
Person_3158,42,87.60443471053951,false
Person_3159,79,0.27624391798486414,false
Person_3160,22,4.11062910395149,false
Person_3161,63,90.89511599332934,false
Person_3162,47,93.95771019875184,true
Person_3163,72,83.88546590269162,true
Person_3164,74,58.12254016726962,true
Person_3165,51,94.64117228724362,false
Person_3166,58,64.61296310162238,false
Person_3167,60,21.917573448396844,false
Person_3168,55,7.154124833644415,false
Person_3169,77,32.067660953988245,false
Person_3170,49,7.962110799849754,true
Person_3171,80,57.189546945344595,false
Person_3172,50,33.30348048668257,true
Person_3173,19,80.29263623355789,false
Person_3174,29,46.85323681138015,true
Person_3175,70,51.719820738484145,false
Person_3176,68,86.75800709388433,true
Person_3177,46,65.71053498760213,false
Person_3178,58,48.64210873916336,false
Person_3179,63,26.660424363257384,true
Person_3180,46,54.3120003702822,false
Person_3181,29,70.19671626315066,false
Person_3182,50,81.32905792059849,false
Person_3183,25,49.02205493695186,true
Person_3184,69,55.689777408600435,false
Person_3185,28,40.28144169326171,true
Person_3186,48,61.823118730063264,false
Person_3187,47,92.71998370478478,false
Person_3188,45,64.79175430539374,true
Person_3189,27,48.396269084358615,true
Person_3190,27,15.01239391443756,false
Person_3191,42,28.14337989623067,false
Person_3192,72,26.870890605266485,true
Person_3193,52,17.029794166158176,false
Person_3194,71,69.34026477649479,false
Person_3195,55,45.37087572257792,false
Person_3196,72,5.573779327344186,true
Person_3197,50,63.03661970432633,false
Person_3198,40,68.67086476829076,false
Person_3199,29,30.56220856104489,false
Person_3200,78,34.87330566582276,true
Person_3201,71,2.1775554237202344,true
Person_3202,29,92.74330831366167,false
Person_3203,19,60.83252655020219,false
Person_3204,64,42.645444819066,false
Person_3205,47,3.9585283234468527,false
Person_3206,44,57.80728379926916,true
Person_3207,23,33.381445747623104,true
Person_3208,43,94.888866573168,true
Person_3209,32,12.71322382393757,false
Person_3210,27,1.78482340357754,true
Person_3211,46,93.80660893879474,true
Person_3212,34,45.3518121470193,false
Person_3213,43,60.8781220069343,false
Person_3214,75,63.06367778838597,true
Person_3215,55,80.45916854082631,false
Person_3216,74,26.17051662816081,true
Person_3217,56,35.34022418100038,true
Person_3218,40,87.15576973262104,true
Person_3219,67,34.275227988093974,false
Person_3220,56,88.74952460050577,false
Person_3221,19,69.41628550309193,false
Person_3222,20,33.25106532059723,true
Person_3223,71,83.36395536815698,false
Person_3224,45,13.47736906287711,true
Person_3225,53,87.54859373114435,false
Person_3226,53,73.3036113972018,false
Person_3227,21,0.2998591836667841,true
Person_3228,58,66.42313049171393,false
Person_3229,22,92.00859956946329,true
Person_3230,42,23.39414394063314,false
Person_3231,78,43.81058519502486,false
Person_3232,36,17.730676267636646,false
Person_3233,26,40.79572791805699,true
Person_3234,31,80.25295387391151,false
Person_3235,33,70.35793260791723,false
Person_3236,69,55.835650345313184,false
Person_3237,71,9.245417898567077,true
Person_3238,43,32.75968281941849,true
Person_3239,75,16.57744035847173,false
Person_3240,27,47.86432785086432,false
Person_3241,73,62.497503372279915,true
Person_3242,74,92.48525873914035,false
Person_3243,58,40.855464069410566,false
Person_3244,70,7.598295479767591,false
Person_3245,32,11.491781523351952,true
Person_3246,30,38.35260879332284,true
Person_3247,77,63.82324413803126,false
Person_3248,77,30.756138455466008,true
Person_3249,76,28.018815674421525,false
Person_3250,76,59.64989769116053,false
Person_3251,25,37.309524756605825,true
Person_3252,24,42.923477273419884,false
Person_3253,53,82.09012458513085,true
Person_3254,77,58.07258867669019,false
Person_3255,54,87.9989472584994,true
Person_3256,37,39.97605007641045,false
Person_3257,36,4.3908220277966254,true
Person_3258,48,16.037780908408873,true
Person_3259,28,58.8787370823161,false
Person_3260,28,56.70977509015209,false
Person_3261,20,35.817699888495234,true
Person_3262,79,17.014363046118497,true
Person_3263,69,79.63274695203295,false
Person_3264,69,43.20133978622166,true
Person_3265,33,38.12908756416452,false
Person_3266,24,42.15095931964612,false
Person_3267,44,11.983583894460004,true
Person_3268,60,41.72338321923702,true
Person_3269,39,58.12038200314239,false
Person_3270,23,11.97205019809713,true
Person_3271,57,40.32766051927088,true
Person_3272,36,37.16347844335429,true
Person_3273,79,36.672121274897165,true
Person_3274,73,98.3027165697638,false
Person_3275,49,71.36587831205038,true
Person_3276,53,89.95594299530099,false
Person_3277,76,24.44071583883045,false
Person_3278,32,50.51208977854049,false
Person_3279,79,19.87862797521388,true
Person_3280,24,20.42001824036711,false
Person_3281,65,41.063200622632934,true
Person_3282,68,83.19016444546357,true
Person_3283,19,74.78301150246975,true
Person_3284,59,64.20128154144741,false
Person_3285,26,99.9906306216744,false
Person_3286,37,96.41942739158384,false
Person_3287,28,53.01331648722204,false
Person_3288,52,36.50828121512358,false
Person_3289,46,15.251142011665742,true
Person_3290,22,70.75713329807053,true
Person_3291,25,61.960962453369376,true
Person_3292,23,8.072894419614762,true
Person_3293,28,75.05723584482273,true
Person_3294,74,86.95067860634659,true
Person_3295,49,52.198451882207365,false
Person_3296,18,93.69000130018969,false
Person_3297,23,71.50097480996621,true
Person_3298,50,7.4098454284528215,false
Person_3299,38,42.758902209298235,true
Person_3300,70,91.2163621762304,true
Person_3301,20,41.98876693515802,true
Person_3302,42,56.48820647012279,true
Person_3303,78,60.688260413736785,false
Person_3304,60,93.1905127678141,true
Person_3305,80,4.02410195576981,false
Person_3306,23,30.493846677346546,false
Person_3307,77,16.754055745066697,false
Person_3308,73,27.87264580417519,true
Person_3309,67,89.23246384728816,false
Person_3310,71,58.74279705966558,false
Person_3311,69,38.155234986219014,false
Person_3312,33,38.60958936142384,true
Person_3313,61,78.36604605104398,false
Person_3314,33,4.065387366013895,false
Person_3315,49,28.583726319461523,true
Person_3316,78,24.901353483455924,true
Person_3317,18,81.17403011323309,false
Person_3318,74,9.832460158232948,false
Person_3319,32,4.700858384771811,true
Person_3320,63,91.9149037661232,false
Person_3321,50,11.65112056526616,true
Person_3322,50,77.39162005083209,false
Person_3323,18,5.762305769339693,false
Person_3324,35,38.67220768516438,false
Person_3325,45,77.0746285194876,true
Person_3326,40,37.11347181804495,true
Person_3327,58,59.4124560079154,false
Person_3328,50,75.91317146972467,false
Person_3329,59,83.6180166237156,true
Person_3330,22,14.310741737599608,true
Person_3331,28,35.864450657945426,true
Person_3332,34,65.24891117073031,false
Person_3333,29,60.85584913898695,false
Person_3334,62,48.092331030840704,false
Person_3335,39,41.499249818557225,true
Person_3336,77,12.003685356200489,false
Person_3337,55,39.245615804639854,true
Person_3338,49,44.82606080413378,false
Person_3339,46,70.73058767197494,false
Person_3340,25,22.405330071672893,true
Person_3341,46,91.63918631852637,true
Person_3342,59,34.674607269405755,false
Person_3343,72,9.539136667558456,true
Person_3344,77,56.450440245953615,true
Person_3345,61,72.55120982811873,false
Person_3346,27,62.4523183903263,true
Person_3347,61,27.987418764505545,false
Person_3348,47,77.96966790293197,true
Person_3349,77,17.79265396796764,true
Person_3350,37,61.58765436388638,false
Person_3351,26,87.46354070485343,true
Person_3352,48,63.767574184650265,true
Person_3353,74,30.97356605203897,true
Person_3354,56,17.338965973157617,false
Person_3355,42,93.10044287287181,true
Person_3356,78,39.49847605775041,false
Person_3357,65,52.22260974307659,false
Person_3358,54,23.096099257621194,false
Person_3359,79,86.24141197280333,true
Person_3360,75,20.264790848195968,false
Person_3361,28,50.665374019584085,false
Person_3362,38,6.761043643336295,true
Person_3363,40,95.23809851865434,true
Person_3364,80,18.60051522031344,false
Person_3365,68,36.578455464551695,false
Person_3366,77,28.32018286656133,false
Person_3367,20,53.2214137553902,true
Person_3368,56,17.296967905429163,true
Person_3369,42,50.23765926226129,true
Person_3370,77,40.31665565671927,false
Person_3371,46,58.58938088312169,true
Person_3372,52,83.43053841290286,false
Person_3373,46,95.25151493486867,false
Person_3374,75,72.1726228130343,true
Person_3375,47,88.15995230074743,false
Person_3376,65,82.29111672067171,false
Person_3377,36,3.302874632513708,true
Person_3378,54,49.62119686151072,false
Person_3379,30,83.6202429741642,false
Person_3380,27,63.86975216990602,true
Person_3381,33,88.15591961960342,false
Person_3382,32,39.71157125081704,false
Person_3383,58,2.084232608087677,true
Person_3384,73,31.97346105725558,true
Person_3385,33,33.282778400342,true
Person_3386,64,60.98679791128239,false
Person_3387,43,45.006117390868475,false
Person_3388,26,43.55048398312662,false
Person_3389,67,33.9352583343577,false
Person_3390,45,12.535846832832398,true
Person_3391,77,45.74641546355066,false
Person_3392,47,83.93545785344013,false
Person_3393,63,39.66048318942465,true
Person_3394,56,59.524402520320066,false
Person_3395,72,34.26676093345177,true
Person_3396,37,40.90474991617098,true
Person_3397,29,45.66469424368139,true
Person_3398,22,70.4240199013097,false
Person_3399,61,21.966184003795696,false
Person_3400,73,19.38811426930478,false
Person_3401,29,14.526744407392433,false
Person_3402,44,27.582622055823535,true
Person_3403,55,73.73988195744808,true
Person_3404,56,61.383336346784624,true
Person_3405,49,54.22889132761908,true
Person_3406,55,54.83441425564317,true
Person_3407,55,80.29747565127487,false
Person_3408,55,65.1159209083618,false
Person_3409,35,55.98291771802965,true
Person_3410,41,82.63196273147618,false
Person_3411,49,30.396530328655036,false
Person_3412,65,80.42568867936511,false
Person_3413,25,52.95974504188897,true
Person_3414,30,5.544059629796683,false
Person_3415,32,55.92055136654551,false
Person_3416,42,92.18410857082439,false
Person_3417,74,64.89166430859224,false
Person_3418,28,8.986935657040828,true
Person_3419,64,69.22053807023909,true
Person_3420,67,32.77341861102037,true
Person_3421,72,79.25846618344524,true
Person_3422,22,47.62020185171837,true
Person_3423,45,4.95153853611524,true
Person_3424,32,56.459668962317544,false
Person_3425,62,8.708883370029486,true
Person_3426,77,41.32910586630473,false
Person_3427,64,59.973887803184034,false
Person_3428,57,79.042063239488,false
Person_3429,29,77.25470672449252,false
Person_3430,35,55.250193528117755,false
Person_3431,22,40.93997150549232,true
Person_3432,61,4.6032397417613335,false
Person_3433,33,58.76677210806357,false
Person_3434,32,33.10606921683509,false
Person_3435,35,75.8641770895835,false
Person_3436,56,87.99879635345675,false
Person_3437,41,12.500802803913459,false
Person_3438,63,44.64577991447934,true
Person_3439,27,15.452826650598562,false
Person_3440,77,49.147521129945545,true
Person_3441,34,70.07164533303933,false
Person_3442,78,84.13091621678164,false
Person_3443,65,95.9207629767778,false
Person_3444,22,23.48225244480514,false
Person_3445,71,49.616782653483526,true
Person_3446,53,92.37800516339001,false
Person_3447,45,91.25872013149397,true
Person_3448,78,51.60819064112936,false
Person_3449,73,77.74807223046739,false
Person_3450,60,25.5020935785611,true
Person_3451,63,47.49037248612572,true
Person_3452,44,97.02810912884345,true
Person_3453,50,88.81946196025574,false
Person_3454,60,58.44974824684962,false
Person_3455,66,21.35337963033055,false
Person_3456,61,4.17230383984688,false
Person_3457,30,56.48656583157196,true
Person_3458,58,54.93361298245577,true
Person_3459,23,50.250359738863104,false
Person_3460,72,26.18480958232138,false
Person_3461,21,57.13903713262145,false
Person_3462,39,14.21978149648514,false
Person_3463,25,41.835731688646625,false
Person_3464,58,88.97057469214803,true
Person_3465,42,61.524901908695796,false
Person_3466,80,3.2280628154247926,false
Person_3467,25,63.535208026836074,false
Person_3468,23,39.60163447849683,false
Person_3469,60,36.880274535660064,true
Person_3470,28,20.920963753554133,false
Person_3471,49,67.34835677855197,true
Person_3472,55,35.47609589196534,true
Person_3473,20,96.89483831600778,false
Person_3474,27,61.9752288938651,false
Person_3475,30,63.46073348584138,false
Person_3476,70,18.38440226979179,true
Person_3477,36,88.20722274227519,false
Person_3478,61,72.07156964562935,false
Person_3479,40,93.42583890392913,true
Person_3480,65,88.05948711665653,false
Person_3481,27,63.20029978126287,true
Person_3482,66,90.55962511585291,true
Person_3483,49,94.55998120576356,true
Person_3484,52,29.26089767100535,false
Person_3485,34,72.37960147842195,false
Person_3486,30,56.26148721105554,false
Person_3487,80,76.57930833102907,true
Person_3488,51,38.7888842899606,false
Person_3489,51,96.49859708054566,false
Person_3490,19,60.534551809444125,false
Person_3491,34,39.37127429881063,false
Person_3492,76,80.79834086310957,true
Person_3493,42,18.53593691524572,true
Person_3494,72,14.281813302404945,true
Person_3495,29,67.31197629596332,false
Person_3496,45,0.6326811620269157,false
Person_3497,68,50.01527251201195,true
Person_3498,22,2.9527411072682863,false
Person_3499,52,71.81777703274275,true
Person_3500,22,80.25769892517614,false
Person_3501,77,97.9821695184168,false
Person_3502,36,68.62073982440954,true
Person_3503,67,46.57126361739707,false
Person_3504,69,36.06016126487177,true
Person_3505,59,34.37228961796009,true
Person_3506,30,78.26662130242035,false
Person_3507,77,4.576921492466413,false
Person_3508,73,26.34140685684242,true
Person_3509,61,58.81572913187867,true
Person_3510,55,58.75037087375728,true
Person_3511,51,16.936698131378446,false
Person_3512,69,98.81304081229007,false
Person_3513,37,97.25474125771073,true
Person_3514,54,63.14249828669066,false
Person_3515,23,32.202764186640096,true
Person_3516,80,96.30245566358032,false
Person_3517,60,93.6030963905341,false
Person_3518,63,20.299806457939273,true
Person_3519,34,92.98312184585396,true
Person_3520,71,10.563708676631622,false
Person_3521,42,76.99009990646147,false
Person_3522,66,8.669011662531311,false
Person_3523,36,92.05835696306073,false
Person_3524,53,54.695735577694506,false
Person_3525,75,70.63353196638218,true
Person_3526,44,66.10908288689686,false
Person_3527,19,59.868606722491,true
Person_3528,78,11.74982382537596,false
Person_3529,60,14.288999247414502,true
Person_3530,20,45.94556865027219,false
Person_3531,79,36.09421046237404,true
Person_3532,59,97.20003655372986,false
Person_3533,39,15.572305913669847,false
Person_3534,70,68.44388414477164,false
Person_3535,45,4.002592713725061,false
Person_3536,68,69.72299947625261,false
Person_3537,30,70.4477686410823,false
Person_3538,31,6.932587292046177,false
Person_3539,36,1.0626002879631224,false
Person_3540,65,59.556932112590474,true
Person_3541,34,79.18210480157474,true
Person_3542,60,39.07138639126778,true
Person_3543,63,90.82225586366313,true
Person_3544,59,12.26862169198556,true
Person_3545,24,70.29868188267035,true
Person_3546,54,19.88048951475627,false
Person_3547,22,42.73158247204364,true
Person_3548,23,84.8405803125242,true
Person_3549,74,70.69812380661227,true
Person_3550,75,10.661467327877727,false
Person_3551,29,95.11030182837091,true
Person_3552,55,22.315962182526295,true
Person_3553,59,18.40995690299857,false
Person_3554,71,51.874061118427385,true
Person_3555,47,83.28393633719429,false
Person_3556,50,92.71417151778483,true
Person_3557,63,68.20771719106229,true
Person_3558,34,11.521145884796468,true
Person_3559,29,36.20513794660714,true
Person_3560,18,65.95007623167801,false
Person_3561,61,79.9351086974623,true
Person_3562,48,92.9732939992017,true
Person_3563,55,40.85751042279511,false
Person_3564,74,48.65966759397319,false
Person_3565,80,83.28563929285887,false
Person_3566,74,64.23564997877452,true
Person_3567,21,66.08770808160868,false
Person_3568,31,16.20928165001192,false
Person_3569,52,15.265857196988165,true
Person_3570,33,72.96645183879501,true
Person_3571,78,57.43361017425242,false
Person_3572,67,80.34695040659085,false
Person_3573,41,46.0438087832741,true
Person_3574,74,17.855758990783965,false
Person_3575,54,70.73327355722874,true
Person_3576,43,26.162109590710536,true
Person_3577,35,32.714732043180916,false
Person_3578,31,4.245731842958955,true
Person_3579,49,7.459170459219289,true
Person_3580,44,23.398902663760424,true
Person_3581,48,55.36652651566653,true
Person_3582,80,89.44140226796577,false
Person_3583,39,54.64395511498857,false
Person_3584,75,84.23111476805009,true
Person_3585,73,3.123448400876616,false
Person_3586,44,33.04458948009007,false
Person_3587,29,91.33739620128884,true
Person_3588,68,7.993563657514391,false
Person_3589,62,26.52032190747321,true
Person_3590,55,53.298188038626606,true
Person_3591,72,9.90967120587245,true
Person_3592,66,27.339024563010273,false
Person_3593,45,2.382012872856587,true
Person_3594,22,16.73592181836655,true
Person_3595,61,26.529313524245346,false
Person_3596,79,31.14057196735731,true
Person_3597,27,68.20811435115844,false
Person_3598,62,5.4924063008325525,true
Person_3599,53,58.9885737219672,false
Person_3600,50,84.03424118740693,false
Person_3601,48,2.7284341364536946,true
Person_3602,65,18.869314895767488,true
Person_3603,46,25.838762366733093,true
Person_3604,62,67.13168179808123,false
Person_3605,46,81.94460032263056,false
Person_3606,25,75.09163541359631,true
Person_3607,19,52.95181742277174,true
Person_3608,29,63.00147835994806,false
Person_3609,54,54.97815142252074,false
Person_3610,49,53.440650982178596,false
Person_3611,74,92.67920989980666,false
Person_3612,60,99.9627190465167,true
Person_3613,80,45.10593407449055,false
Person_3614,40,82.91062754201334,true
Person_3615,55,88.69148397442198,false
Person_3616,62,11.075598293923616,false
Person_3617,34,91.37249824094333,true
Person_3618,62,15.007629814394596,true
Person_3619,37,29.737901627702623,false
Person_3620,74,41.58027171205115,false
Person_3621,76,76.73785977181376,true
Person_3622,74,86.77312529272456,true
Person_3623,65,48.0050347446028,false
Person_3624,69,80.91380314447771,true
Person_3625,31,55.48382575240262,true
Person_3626,27,66.55137975284715,true
Person_3627,43,87.59564303852852,true
Person_3628,46,60.205020416849365,false
Person_3629,54,47.48536734897312,false
Person_3630,60,9.047507559489798,true
Person_3631,54,40.462942416412105,true
Person_3632,79,0.90559208057861,true
Person_3633,61,42.823316897141,true
Person_3634,34,7.9111826658939455,false
Person_3635,55,73.28146155142704,false
Person_3636,69,77.11807850645937,true
Person_3637,22,36.46512484788445,false
Person_3638,74,34.48981855798247,true
Person_3639,39,25.644552707850654,false
Person_3640,71,9.894707327227593,true
Person_3641,32,21.730960915296283,true
Person_3642,42,58.25039029866791,false
Person_3643,52,5.154896502368123,false
Person_3644,21,67.07950324893906,false
Person_3645,32,26.0233927962496,false
Person_3646,73,68.57720936395125,false
Person_3647,41,79.27741768752466,true
Person_3648,77,25.527028249832938,true
Person_3649,67,89.5481603077719,true
Person_3650,69,61.14253929844507,false
Person_3651,30,77.30371224265012,true
Person_3652,33,88.88767335036951,false
Person_3653,57,60.2290030327207,true
Person_3654,72,91.06230404696774,false
Person_3655,33,53.000606687333054,true
Person_3656,22,38.03045945456069,true
Person_3657,78,20.324852558170125,true
Person_3658,30,71.65796309776474,true
Person_3659,44,57.39570837014058,false
Person_3660,32,20.812265459661095,true
Person_3661,65,32.296763841253664,true
Person_3662,39,75.67460401897559,true
Person_3663,40,47.377107894091786,true
Person_3664,56,59.55767230441792,false
Person_3665,80,40.17319438933047,true
Person_3666,76,88.36484002836778,true
Person_3667,20,61.92278948298626,true
Person_3668,48,76.11358139571388,true
Person_3669,54,5.088942804090168,false
Person_3670,73,15.02200545253075,false
Person_3671,20,56.076825808616135,true
Person_3672,32,15.324241541457473,false
Person_3673,53,76.9383163783738,false
Person_3674,41,51.55936285253452,true
Person_3675,24,69.30501923678246,true
Person_3676,69,4.563956466421704,false
Person_3677,51,42.770763120392054,true
Person_3678,45,17.399898000923663,false
Person_3679,70,19.84630006096343,true
Person_3680,62,50.35665819992088,true
Person_3681,58,66.87762634035776,false
Person_3682,41,8.363180725885089,false
Person_3683,76,40.81358000727604,false
Person_3684,32,40.79632142640389,true
Person_3685,71,62.40584369039478,false
Person_3686,78,34.349047792213995,false
Person_3687,68,61.59715477069355,true
Person_3688,68,90.59271757290001,false
Person_3689,49,75.06339027131523,false
Person_3690,45,84.01670170580934,true
Person_3691,63,39.05739085472288,false
Person_3692,75,40.76885146741952,false
Person_3693,25,98.31162495786458,false
Person_3694,48,17.031814836429604,false
Person_3695,58,18.42282514625274,false
Person_3696,64,29.516158144041395,true
Person_3697,80,82.32040455127787,false
Person_3698,76,21.941687335046424,true
Person_3699,51,17.401017339575166,false
Person_3700,30,80.7523898762704,false
Person_3701,46,85.46230236157889,true
Person_3702,56,47.28998977302615,true
Person_3703,75,46.51766363597023,true
Person_3704,80,52.58546192765136,true
Person_3705,29,63.71887140147317,true
Person_3706,73,46.971316066650424,false
Person_3707,78,93.5763018389976,false
Person_3708,69,7.70435727093518,false
Person_3709,38,18.94271740138883,false
Person_3710,68,37.06976969693842,false
Person_3711,44,18.066969178643443,true
Person_3712,23,99.60665176948919,true
Person_3713,54,26.052252514215635,false
Person_3714,34,40.30699361731759,false
Person_3715,49,73.9997962163679,false
Person_3716,33,8.356425915794919,true
Person_3717,20,18.810128853046592,true
Person_3718,66,51.80100361622455,true
Person_3719,34,39.626372382548794,false
Person_3720,48,95.27639957653942,false
Person_3721,60,65.13341697582194,true
Person_3722,64,48.03086323404423,true
Person_3723,46,30.696972363364118,false
Person_3724,42,21.615169390774035,false
Person_3725,30,36.371265433164055,true
Person_3726,37,44.938444513109566,true
Person_3727,48,80.1950591419225,false
Person_3728,27,78.51569124749108,false
Person_3729,57,4.59375525623662,true
Person_3730,24,60.79754624483521,false
Person_3731,36,97.43526094469533,false
Person_3732,40,22.655645353725262,true
Person_3733,39,30.931918693914962,true
Person_3734,18,1.6917223340984333,true
Person_3735,42,11.295381062774535,true
Person_3736,26,58.43408014384176,false
Person_3737,59,55.72984982422802,true
Person_3738,55,83.88378917890185,false
Person_3739,32,63.336078620289484,false
Person_3740,20,81.75497711138291,false
Person_3741,27,29.057538752035626,true
Person_3742,23,61.73766987521751,false
Person_3743,71,73.64604992983685,true
Person_3744,24,46.60290075377881,false
Person_3745,69,7.858653576897701,false
Person_3746,63,20.588429210611736,true
Person_3747,46,53.70947004845561,true
Person_3748,37,23.163737786856377,false
Person_3749,22,91.23085600513441,false
Person_3750,58,47.95321693892388,true
Person_3751,44,4.356854731827731,false
Person_3752,27,75.15038844167447,true
Person_3753,52,20.572427777757607,true
Person_3754,45,56.192280013182675,false
Person_3755,20,99.59066501128262,false
Person_3756,24,33.33817954058883,true
Person_3757,57,94.34961013252575,false
Person_3758,45,88.56665891133156,true
Person_3759,47,57.38541573293716,false
Person_3760,45,24.849987866755797,true
Person_3761,51,50.390632641299526,false
Person_3762,66,46.48601447007103,false
Person_3763,34,53.64814227328123,false
Person_3764,78,18.67922387339306,false
Person_3765,75,40.22256497668896,true
Person_3766,47,97.3951386365234,false
Person_3767,33,61.86112471623382,false
Person_3768,73,49.450254615643495,true
Person_3769,23,56.16462846014625,true
Person_3770,80,38.87250794699955,true
Person_3771,78,89.38131440372915,false
Person_3772,67,57.51587668135839,false
Person_3773,38,47.11843626635462,true
Person_3774,28,84.2535843159376,false
Person_3775,43,41.68358629006429,false
Person_3776,60,44.31982873516015,true
Person_3777,76,70.32711581156228,true
Person_3778,72,85.43045139085761,false
Person_3779,46,53.249670410956774,true
Person_3780,36,69.65840439512434,false
Person_3781,48,35.928106860340456,false
Person_3782,26,85.58589746488717,true
Person_3783,67,87.0538890138097,false
Person_3784,70,65.50899359395369,true
Person_3785,55,5.396680801512943,true
Person_3786,77,58.525879765793654,false
Person_3787,35,65.74798150318024,false
Person_3788,50,19.86712552291563,false
Person_3789,75,49.883977343248375,false
Person_3790,46,52.65241042077102,false
Person_3791,71,5.141493311145373,true
Person_3792,41,47.01224569150698,true
Person_3793,35,46.948698822918026,false
Person_3794,64,95.91722658070756,false
Person_3795,33,48.38626210619304,false
Person_3796,74,36.4932963537529,true
Person_3797,31,62.75878516079288,true
Person_3798,53,87.51409287718856,true
Person_3799,57,97.68509712174826,false
Person_3800,53,94.32982077665815,true
Person_3801,80,29.610343266021964,true
Person_3802,48,79.38254891053418,false
Person_3803,24,86.28553111223653,true
Person_3804,40,10.02494261316864,true
Person_3805,25,13.958021945127264,false
Person_3806,59,41.75211409450099,false
Person_3807,44,17.690427324224135,false
Person_3808,60,93.0625088834297,false
Person_3809,78,92.21757603172547,false
Person_3810,19,57.983175984462086,true
Person_3811,73,59.24166792503416,false
Person_3812,27,31.244531522799612,true
Person_3813,50,15.458979800394278,true
Person_3814,59,1.3107323666945336,false
Person_3815,32,93.43619568410996,true
Person_3816,32,88.73987006582999,true
Person_3817,55,5.275657564715064,true
Person_3818,46,30.24285354080215,true
Person_3819,18,28.232233167659537,false
Person_3820,24,91.3564138623996,false
Person_3821,36,52.095858941492466,true
Person_3822,69,96.04296406637694,true
Person_3823,30,85.66950336957663,false
Person_3824,75,96.99863514825113,true
Person_3825,19,35.471891220581156,true
Person_3826,18,58.841791049027684,false
Person_3827,37,48.71171041077464,false
Person_3828,51,67.14806160727758,true
Person_3829,79,12.180768008122023,true
Person_3830,71,23.81475677885786,false
Person_3831,47,26.93628863935338,true
Person_3832,33,10.80838323830614,true
Person_3833,35,33.0733629455429,false
Person_3834,72,75.22019746566518,true
Person_3835,58,64.00185351160874,false
Person_3836,45,71.25835234017809,true
Person_3837,39,72.55530158846516,false
Person_3838,19,10.593275471141562,false
Person_3839,27,51.03760871161131,false
Person_3840,56,74.19266909214042,true
Person_3841,50,30.33989509659528,false
Person_3842,27,54.845127276786634,false
Person_3843,36,98.25505010169068,false
Person_3844,59,79.13077068154875,true
Person_3845,48,60.460075123135894,true
Person_3846,42,61.893421549912695,false
Person_3847,34,56.978688581724604,false
Person_3848,66,65.96848950423691,false
Person_3849,69,24.277386951535462,false
Person_3850,61,1.5406898155487236,false
Person_3851,66,2.362863433933149,false
Person_3852,44,0.9464110328837094,true
Person_3853,55,55.957836848532594,false
Person_3854,28,48.826091322166555,true
Person_3855,69,2.280258047047401,false
Person_3856,20,54.51903663743305,true
Person_3857,78,93.65044772033671,true
Person_3858,62,71.56634398847952,true
Person_3859,42,76.45126597544923,true
Person_3860,23,19.568909150790226,false
Person_3861,49,75.57992162314518,false
Person_3862,70,98.64404374555636,false
Person_3863,72,90.1535327872149,true
Person_3864,69,2.9182588646549545,true
Person_3865,53,25.048831397928506,true
Person_3866,70,19.532863560225877,true
Person_3867,53,39.72330064850155,true
Person_3868,29,7.8602717726294795,true
Person_3869,67,68.49183276770675,false
Person_3870,74,54.22749337700999,true
Person_3871,30,30.66585514188408,true
Person_3872,48,52.17897258724739,false
Person_3873,25,48.093142564680235,true
Person_3874,75,88.61774777510604,false
Person_3875,28,0.5663833438267596,false
Person_3876,60,95.75805670709384,false
Person_3877,77,24.71069797765031,true
Person_3878,63,87.77023525918473,true
Person_3879,59,25.57420965911942,true
Person_3880,28,70.1639183481215,false
Person_3881,45,0.46829709037014,true
Person_3882,43,50.56045173775492,false
Person_3883,54,81.24514763416815,true
Person_3884,64,14.677446412651262,false
Person_3885,68,54.5870340745225,true
Person_3886,56,60.00991541744812,true
Person_3887,49,26.19455141820789,false
Person_3888,43,87.5261299324031,true
Person_3889,41,87.6674555164632,false
Person_3890,47,64.42802226427257,true
Person_3891,74,6.258523893155066,false
Person_3892,67,33.47604230973785,false
Person_3893,23,42.46745056865814,false
Person_3894,71,51.05275998419512,true
Person_3895,51,86.78414840653787,true
Person_3896,56,84.83478686031023,true
Person_3897,34,52.90314247086704,false
Person_3898,70,92.77834672772131,true
Person_3899,45,95.51865229742735,false
Person_3900,46,27.021293328477803,false
Person_3901,50,53.44105959516352,true
Person_3902,36,96.9694665680659,false
Person_3903,18,81.39857100570435,false
Person_3904,73,87.88358917186721,true
Person_3905,77,58.15382767026546,true
Person_3906,73,34.26972651021294,false
Person_3907,77,1.9710720454318764,true
Person_3908,74,28.84101336141076,false
Person_3909,68,12.625396755847628,true
Person_3910,49,70.47819212150046,false
Person_3911,49,59.95957745495777,false
Person_3912,29,53.54630996695601,true
Person_3913,42,42.833133996526605,false
Person_3914,65,49.28421936458501,true
Person_3915,36,60.0174976537565,true
Person_3916,22,63.99779437561598,true
Person_3917,21,12.82254549456211,false
Person_3918,19,52.37881297998742,false
Person_3919,64,99.58125491494486,true
Person_3920,40,29.535487180003596,false
Person_3921,74,34.926916442247304,false
Person_3922,23,28.631897403655138,false
Person_3923,52,77.51971328981956,false
Person_3924,56,2.518283731295501,false
Person_3925,29,98.14888820504538,true
Person_3926,36,99.60990611373991,false
Person_3927,19,59.38472571778441,false
Person_3928,44,68.90339488028047,true
Person_3929,27,46.78676181403723,false
Person_3930,73,61.152182528691604,false
Person_3931,27,45.47174762705034,false
Person_3932,26,0.4615975752724544,false
Person_3933,26,39.002922669206654,false
Person_3934,50,35.283768379883405,true
Person_3935,29,33.55957240784085,false
Person_3936,68,76.47202639053067,false
Person_3937,36,7.10261839011832,true
Person_3938,63,80.36848769794862,false
Person_3939,64,89.87008741415436,false
Person_3940,27,35.178392875859956,true
Person_3941,30,42.924370562840586,true
Person_3942,39,18.156389538875374,false
Person_3943,34,50.67161285794995,false
Person_3944,25,52.63259740225711,true
Person_3945,72,89.88503294081842,false
Person_3946,58,4.3576152620842805,true
Person_3947,58,8.448801070304901,false
Person_3948,36,42.16474188743589,false
Person_3949,19,43.2313444236802,false
Person_3950,50,44.53370642084881,false
Person_3951,60,18.26459266054744,false
Person_3952,18,68.09448461836584,true
Person_3953,77,41.50607257734904,false
Person_3954,18,8.623834991940926,true
Person_3955,59,38.13821269533852,false
Person_3956,76,17.50888791625479,true
Person_3957,73,49.541242766807116,false
Person_3958,44,87.84471590567456,false
Person_3959,79,70.99792089292815,false
Person_3960,62,40.78182255817073,false
Person_3961,20,63.78171071755608,false
Person_3962,32,72.48957479071375,true
Person_3963,51,87.00993643761208,false
Person_3964,35,6.690676848142962,true
Person_3965,42,61.082342241464126,false
Person_3966,70,21.312228165092538,true
Person_3967,21,79.8313450950128,true
Person_3968,27,90.11445045322814,true
Person_3969,71,15.282471560846888,false
Person_3970,65,78.03589200184432,true
Person_3971,36,69.33413629920605,false
Person_3972,78,40.46627533360238,false
Person_3973,38,65.25731292337925,true
Person_3974,57,83.84550654630779,true
Person_3975,35,15.450133978625614,false
Person_3976,39,86.42016780744753,false
Person_3977,23,18.907032695025972,false
Person_3978,73,47.266444170902,false
Person_3979,29,63.65372333836075,false
Person_3980,40,11.724281744465681,true
Person_3981,38,89.38130087786726,false
Person_3982,63,53.66515007128616,false
Person_3983,29,69.10950265170376,true
Person_3984,18,65.77040521002621,false
Person_3985,22,27.52100959329107,false
Person_3986,63,0.7554900177365265,false
Person_3987,55,86.1557657455553,true
Person_3988,37,78.17532411173998,false
Person_3989,80,4.902647568983309,true
Person_3990,69,65.43790908184639,true
Person_3991,39,51.10836480313331,true
Person_3992,26,2.765792715801285,true
Person_3993,23,81.71170331249174,true
Person_3994,75,54.844144574986146,false
Person_3995,49,19.71025793763547,true
Person_3996,25,88.50780376359467,false
Person_3997,67,55.91777465751516,true
Person_3998,66,25.95553601367724,false
Person_3999,30,38.94921270956686,false
Person_4000,29,81.12986176105358,false
Person_4001,38,20.03065035582381,false
Person_4002,19,96.04113307761646,true
Person_4003,60,70.39148436537343,true
Person_4004,23,48.96368488344373,true
Person_4005,41,71.74563104228645,true
Person_4006,24,43.17623133071583,true
Person_4007,64,53.99054227357466,false
Person_4008,24,13.85208583506925,true
Person_4009,72,40.5298498173584,true
Person_4010,47,0.568861174874058,false
Person_4011,31,69.08527976065774,false
Person_4012,58,49.97364883208775,false
Person_4013,69,64.18935619882062,true
Person_4014,30,11.386206800306786,true
Person_4015,63,49.43703859034216,true
Person_4016,61,57.34414731845453,true
Person_4017,59,46.05826935416144,true
Person_4018,24,43.59231813687563,false
Person_4019,36,55.86791567198161,false
Person_4020,65,98.80547088384989,false
Person_4021,46,43.24756981521317,true
Person_4022,74,37.709720814600736,false
Person_4023,60,88.44190478793507,true
Person_4024,47,26.689342488502056,false
Person_4025,45,55.267103939814646,false
Person_4026,66,23.785301010252134,false
Person_4027,48,57.540426831592875,false
Person_4028,79,83.01439217650965,false
Person_4029,55,42.732697277895056,false
Person_4030,61,8.939494717292007,true
Person_4031,35,74.04550873542445,true
Person_4032,49,57.5949637695664,true
Person_4033,61,70.30625811532335,false
Person_4034,72,88.40215843421599,true
Person_4035,72,74.9042990423368,false
Person_4036,49,25.102443179064014,true
Person_4037,19,63.59905076358691,true
Person_4038,25,10.760108402732904,true
Person_4039,69,68.1477891997604,false
Person_4040,62,36.91206234659026,true
Person_4041,70,90.07154364753066,true
Person_4042,18,21.512832181214158,false
Person_4043,55,28.51274438799195,true
Person_4044,65,32.66262706831562,false
Person_4045,66,13.55260088406669,false
Person_4046,49,7.804525123103656,true
Person_4047,24,16.06614314036601,true
Person_4048,60,5.37257469385456,false
Person_4049,31,65.0473136981796,true
Person_4050,34,8.133622360628646,true
Person_4051,38,1.5354436923946224,true
Person_4052,62,36.00175144753249,false
Person_4053,42,67.41013572979449,true
Person_4054,80,23.41997128568384,false
Person_4055,42,54.61278435455591,true
Person_4056,71,95.99059015916394,false
Person_4057,18,31.873366754605026,false
Person_4058,41,38.997157642770134,true
Person_4059,50,43.7948446981972,false
Person_4060,57,58.91125932428364,true
Person_4061,57,34.50493486886881,false
Person_4062,65,93.12671156480647,true
Person_4063,22,34.865286767404044,false
Person_4064,51,97.85087099323736,true
Person_4065,40,28.207795913803313,true
Person_4066,46,77.42391308918893,true
Person_4067,31,45.31040921985886,false
Person_4068,69,50.153886673302395,true
Person_4069,76,65.2042662895965,false
Person_4070,36,14.510698977010517,true
Person_4071,73,29.216594185737875,false
Person_4072,43,48.074722909848475,true
Person_4073,74,87.15048430789653,true
Person_4074,19,46.4220134631306,true
Person_4075,21,97.58288040674053,true
Person_4076,73,7.396756434144458,true
Person_4077,60,47.70368122852646,false
Person_4078,48,35.35741923065663,true
Person_4079,57,31.21684242077727,true
Person_4080,29,91.63776777749027,false
Person_4081,78,6.837818764668646,true
Person_4082,23,82.711025272289,true
Person_4083,68,5.631079331890154,true
Person_4084,26,34.98981601605593,true
Person_4085,72,11.832487106938016,false
Person_4086,46,90.22216668617521,false
Person_4087,77,79.77583161579331,true
Person_4088,59,33.71039120548587,false
Person_4089,35,54.21156063727648,true
Person_4090,28,89.89942406405018,false
Person_4091,25,30.854433343384613,false
Person_4092,48,23.79492222688837,true
Person_4093,38,27.867268139546177,false
Person_4094,23,66.82196840056758,false
Person_4095,37,60.88890270349358,true
Person_4096,65,26.442789267293808,true
Person_4097,39,13.439634307386006,false
Person_4098,20,84.86713973994536,true
Person_4099,42,0.58560331315618,true
Person_4100,49,60.88464627217505,false
Person_4101,19,39.75269819504034,true
Person_4102,61,83.76989804989455,true
Person_4103,35,93.9333953158789,false
Person_4104,80,75.27847547455202,true
Person_4105,73,5.821411707502088,true
Person_4106,75,4.304526061414215,false
Person_4107,47,69.28286765052533,true
Person_4108,43,94.4782609764792,true
Person_4109,43,67.10333886844178,false
Person_4110,20,97.8687036196545,true
Person_4111,62,82.71924972268528,false
Person_4112,66,24.96468617502112,false
Person_4113,41,95.2923285783853,true
Person_4114,69,25.568051632814036,false
Person_4115,76,34.342363703497256,true
Person_4116,55,97.82414735281601,true
Person_4117,62,26.2495353519024,false
Person_4118,34,85.3552720232021,false
Person_4119,64,18.742253177069855,false
Person_4120,71,65.90254618284473,true
Person_4121,75,93.57170095617582,true
Person_4122,36,82.81672595807767,false
Person_4123,35,30.460251476061263,true
Person_4124,52,64.92826133665804,false
Person_4125,68,2.6264207107220883,false
Person_4126,23,20.811024615599138,false
Person_4127,39,13.71361282875826,false
Person_4128,77,17.493785519099745,true
Person_4129,31,72.44124501837545,true
Person_4130,34,76.15897390987142,false
Person_4131,21,28.73931037685059,false
Person_4132,78,85.03948684497587,true
Person_4133,48,45.56981589145247,true
Person_4134,73,44.860046595021316,true
Person_4135,61,6.4834323286156685,false
Person_4136,54,17.428613890944213,false
Person_4137,41,67.55789067335469,true
Person_4138,43,42.745404880733965,false
Person_4139,57,95.68520299595156,true
Person_4140,58,28.005225235847764,true
Person_4141,44,60.667606170094416,false
Person_4142,74,8.182793053480475,true
Person_4143,47,55.83330312778296,true
Person_4144,47,36.622196587270594,true
Person_4145,63,74.32854848022741,false
Person_4146,44,28.28420506081747,false
Person_4147,51,39.98739158457626,false
Person_4148,65,62.73191830383277,true
Person_4149,57,9.648759482629977,true
Person_4150,23,62.47162287298046,true
Person_4151,18,55.716197725863125,false
Person_4152,32,43.51421618927933,true
Person_4153,78,51.30056949932549,true
Person_4154,66,67.60222699972466,false
Person_4155,22,74.43572457266134,false
Person_4156,52,77.48096506606238,true
Person_4157,26,89.38012057375754,true
Person_4158,63,23.989123064644946,true
Person_4159,46,72.46690606525262,true
Person_4160,27,90.61427305128453,true
Person_4161,52,2.2799024868815243,false
Person_4162,31,88.34263117941639,false
Person_4163,54,94.08672974491064,false
Person_4164,31,79.94142038530586,true
Person_4165,78,51.7841905721275,true
Person_4166,61,13.429717695516075,true
Person_4167,70,86.43321254891572,false
Person_4168,31,16.689757358466817,true
Person_4169,42,77.96192968469744,true
Person_4170,39,5.044630880050605,false
Person_4171,67,42.10157772314167,true
Person_4172,64,71.84260184026515,false
Person_4173,40,43.63426880531275,false
Person_4174,77,52.921680495178315,true
Person_4175,19,23.56715968467403,true
Person_4176,53,20.796684455952896,false
Person_4177,76,47.59869288169598,false
Person_4178,50,4.4296462450591605,false
Person_4179,75,69.21911169136384,false
Person_4180,26,34.30265023432683,false
Person_4181,34,75.6027114730447,false
Person_4182,57,70.1759625437849,true
Person_4183,48,77.53378776253237,true
Person_4184,25,61.51148596956465,true
Person_4185,46,37.39566310541489,false
Person_4186,61,42.851610019678176,false
Person_4187,46,31.916580160290696,true
Person_4188,68,22.657280648097,true
Person_4189,29,37.98642315631413,true
Person_4190,71,65.62266053774722,false
Person_4191,56,86.24510880222039,true
Person_4192,34,70.03060965775101,false
Person_4193,58,70.90692617261367,false
Person_4194,75,94.18862045017924,true
Person_4195,65,61.96096597287601,true
Person_4196,55,32.2470595011503,false
Person_4197,62,54.898062235263936,true
Person_4198,72,77.52623083131832,false
Person_4199,58,87.29892098725574,true
Person_4200,18,12.20592242930576,true
Person_4201,54,56.36071238130936,true
Person_4202,18,32.148662550542504,true
Person_4203,74,55.07297158549784,false
Person_4204,46,51.67284643976453,false
Person_4205,25,38.69510307919083,true
Person_4206,23,69.3586942419775,false
Person_4207,72,39.24702366715365,false
Person_4208,49,94.55056657834942,true
Person_4209,46,84.28926846058513,false
Person_4210,37,58.59173622321047,true
Person_4211,31,16.051978335762918,false
Person_4212,74,82.53997930458888,false
Person_4213,57,77.38473081109012,true
Person_4214,31,5.84143204450267,true
Person_4215,19,9.262573106935523,false
Person_4216,80,37.73341795826305,true
Person_4217,64,72.69837381026358,true
Person_4218,31,70.20071541659149,true
Person_4219,54,11.07403792878644,true
Person_4220,52,12.404343667334139,true
Person_4221,18,53.00217448068235,true
Person_4222,50,38.244834879698395,true
Person_4223,28,4.036467012453149,true
Person_4224,56,30.000405818697494,true
Person_4225,27,71.57158121951484,true
Person_4226,57,62.11898507833794,false
Person_4227,70,27.345542987752346,false
Person_4228,27,39.875883183382335,false
Person_4229,61,86.37796955566449,false
Person_4230,19,63.66241429118903,true
Person_4231,48,33.345282330937074,false
Person_4232,59,80.1550321031657,true
Person_4233,55,35.93391865911961,true
Person_4234,68,12.30060408928928,true
Person_4235,26,36.03446498228403,false
Person_4236,35,85.28269870098728,true
Person_4237,39,99.90984088802037,false
Person_4238,33,70.47602183424357,false
Person_4239,47,1.7735698089163199,false
Person_4240,48,1.062856621555608,false
Person_4241,54,69.97818525188036,true
Person_4242,31,66.78396628198821,false
Person_4243,52,60.98493313941836,false
Person_4244,41,29.310296920600553,false
Person_4245,31,33.40211874991298,true
Person_4246,19,1.3237915002447198,false
Person_4247,75,77.99099231026132,false
Person_4248,37,74.67921146601759,false
Person_4249,59,93.09447991457512,false
Person_4250,48,68.4566542762016,false
Person_4251,44,35.98289856762016,true
Person_4252,49,68.61507702091865,false
Person_4253,36,17.49930385942712,false
Person_4254,39,97.5972093069278,true
Person_4255,73,30.433281026934857,false
Person_4256,57,47.88311121309084,true
Person_4257,75,78.84991744781772,false
Person_4258,60,95.63482789656263,true
Person_4259,41,95.18029066683404,false
Person_4260,31,23.013155234874404,true
Person_4261,54,63.31732718623524,true
Person_4262,63,2.774057620365944,true
Person_4263,21,35.88745170346207,false
Person_4264,42,72.85810999196252,true
Person_4265,21,84.47944044665886,true
Person_4266,25,73.57110829870349,false
Person_4267,53,92.23899947454763,true
Person_4268,34,61.38730673068275,false
Person_4269,24,38.66138813576169,false
Person_4270,67,77.52292354109306,true
Person_4271,73,24.13803011943666,false
Person_4272,60,1.0783426052440315,true
Person_4273,76,98.58458831513383,true
Person_4274,42,44.34244106524332,false
Person_4275,44,90.9293188386774,true
Person_4276,47,75.77971755461097,true
Person_4277,68,68.73864592425373,true
Person_4278,75,4.826854707978923,true
Person_4279,53,97.58012807542612,false
Person_4280,76,6.998812748658345,true
Person_4281,65,5.726258814768315,false
Person_4282,66,67.55026364982358,false
Person_4283,23,6.648658622333592,true
Person_4284,67,81.19528015711631,false
Person_4285,25,69.06638422872156,false
Person_4286,48,93.02480066872376,true
Person_4287,58,29.74302593540439,false
Person_4288,18,58.520290669184085,false
Person_4289,80,94.03968204773004,false
Person_4290,33,87.26151239476137,false
Person_4291,74,57.54258644708082,false
Person_4292,30,66.25661125143375,false
Person_4293,25,80.07806846294869,true
Person_4294,43,87.47189364001446,true
Person_4295,29,61.78537494282209,true
Person_4296,43,70.03280260426178,true
Person_4297,76,64.99712156558324,true
Person_4298,43,20.27329295174941,true
Person_4299,48,73.26201258423902,false
Person_4300,21,6.920868480346442,true
Person_4301,47,98.61663159420478,true
Person_4302,46,66.63169489375437,false
Person_4303,28,82.02479942925827,false
Person_4304,78,46.764590070642384,true
Person_4305,63,42.151110360981946,false
Person_4306,70,27.05083685753211,false
Person_4307,66,37.186910286231324,false
Person_4308,38,28.156748640428475,false
Person_4309,49,58.40785120809553,true
Person_4310,67,28.473500725152956,false
Person_4311,57,87.83069158345108,true
Person_4312,71,52.53708352184285,true
Person_4313,62,65.33957242474227,true
Person_4314,77,64.05135985337425,true
Person_4315,73,37.10894490822049,false
Person_4316,27,25.307418869875175,true
Person_4317,68,17.04122783652433,true
Person_4318,80,22.454183895847322,false
Person_4319,75,35.97285686688638,false
Person_4320,66,21.62967192196008,true
Person_4321,18,51.31609053386094,false
Person_4322,52,38.090970579933625,false
Person_4323,71,14.05015704926752,false
Person_4324,58,84.68889383667508,false
Person_4325,55,50.28168136205531,false
Person_4326,53,37.39196229573161,false
Person_4327,46,20.20515861842923,false
Person_4328,23,17.363960745415763,true
Person_4329,45,20.815613976087167,false
Person_4330,56,14.777245792341153,false
Person_4331,71,85.30296590850445,true
Person_4332,73,11.223901382350753,false
Person_4333,54,58.839681041503766,true
Person_4334,77,52.45111629192796,false
Person_4335,69,85.19395877707976,false
Person_4336,24,69.00629652797751,true
Person_4337,67,88.27904801605739,true
Person_4338,28,41.79172403641762,false
Person_4339,63,97.75830282998366,false
Person_4340,35,82.40382751414525,true
Person_4341,35,83.73528085234004,false
Person_4342,19,20.940246902984573,false
Person_4343,42,80.75384501484484,true
Person_4344,56,70.26790432191376,true
Person_4345,67,54.757374265259216,false
Person_4346,60,92.40442462427471,false
Person_4347,29,21.868073875212733,true
Person_4348,43,87.42070454942052,true
Person_4349,18,55.52893836016916,true
Person_4350,27,73.09243225286114,true
Person_4351,78,23.697839860090355,false
Person_4352,35,25.532969033398988,false
Person_4353,56,75.26836448615649,false
Person_4354,66,79.98354107487053,true
Person_4355,53,65.15505751347429,false
Person_4356,50,63.888827209697155,false
Person_4357,68,83.73818389699761,true
Person_4358,66,39.47237064327101,true
Person_4359,57,36.01629492812488,true
Person_4360,21,50.32666505072908,false
Person_4361,75,15.06914818269447,false
Person_4362,77,86.29968577304209,true
Person_4363,18,32.4207898240625,false
Person_4364,76,64.61992287083442,true
Person_4365,45,93.13657534694723,false
Person_4366,36,71.58912970788991,true
Person_4367,61,90.03023358682829,true
Person_4368,40,92.59180998526175,true
Person_4369,62,85.15962607123167,false
Person_4370,33,91.52396157784139,true
Person_4371,75,13.011966768361727,false
Person_4372,25,2.919156994131511,true
Person_4373,39,51.99443256259091,true
Person_4374,57,94.22761103447634,true
Person_4375,22,22.333564879748636,true
Person_4376,58,68.16275980880025,true
Person_4377,71,97.87576496138468,true
Person_4378,77,22.856963434038413,false
Person_4379,73,22.925157202870995,true
Person_4380,65,51.40467307481048,true
Person_4381,45,48.89527230083617,true
Person_4382,32,94.8566435649736,true
Person_4383,59,85.41774554157011,false
Person_4384,52,3.9181892441946142,false
Person_4385,19,76.47629157850744,false
Person_4386,52,82.71571770613505,false
Person_4387,77,75.14679799115662,true
Person_4388,70,31.826571165956587,true
Person_4389,62,95.96775118431714,false
Person_4390,33,65.84670142559729,false
Person_4391,80,98.5340465816016,false
Person_4392,78,74.44354949723107,false
Person_4393,23,23.583592124803786,true
Person_4394,49,71.62574729460817,true
Person_4395,75,54.8760790705381,true
Person_4396,55,63.531141683687544,false
Person_4397,67,93.48886939583939,true
Person_4398,23,12.053137762743116,true
Person_4399,75,87.31729790431811,false
Person_4400,51,34.66908424510893,true
Person_4401,18,58.24780001388519,false
Person_4402,45,36.70794576794233,true
Person_4403,68,18.275766203287823,false
Person_4404,25,85.17345742644919,true
Person_4405,42,52.68321808541852,true
Person_4406,55,74.41031660580492,false
Person_4407,19,66.50296820352062,false
Person_4408,53,42.24243496721051,false
Person_4409,68,78.3260573534376,false
Person_4410,34,58.03811915935451,false
Person_4411,61,48.33845516155291,true
Person_4412,67,98.36352540457194,false
Person_4413,36,71.88247756373681,true
Person_4414,76,66.40189309128877,true
Person_4415,46,55.64835870979766,false
Person_4416,64,15.84268839469345,true
Person_4417,58,36.96498233120806,true
Person_4418,46,28.629718123992355,false
Person_4419,47,57.822628402229206,false
Person_4420,71,86.71298193693254,false
Person_4421,55,18.303841717450553,true
Person_4422,78,32.52467587137461,true
Person_4423,28,28.125895907249042,true
Person_4424,52,4.344423018287358,false
Person_4425,23,62.27783892915871,true
Person_4426,39,88.45798462409225,false
Person_4427,62,88.18920757544402,false
Person_4428,58,87.48665037483822,true
Person_4429,56,51.24697852018788,true
Person_4430,24,42.01697938343172,false
Person_4431,34,44.953736129289,true
Person_4432,50,17.125055497225116,true
Person_4433,30,99.55673269555952,false
Person_4434,38,86.75319923774781,false
Person_4435,64,65.90953192493913,false
Person_4436,42,86.3802281219426,true
Person_4437,52,86.72429833649976,true
Person_4438,80,90.37264625338707,false
Person_4439,35,14.234157293612126,true
Person_4440,30,14.873119178730876,false
Person_4441,54,2.3509903525304576,false
Person_4442,78,84.08190022051147,true
Person_4443,69,45.77248145200051,true
Person_4444,54,37.16802648120808,true
Person_4445,29,74.02811677144118,false
Person_4446,66,35.36968162610814,true
Person_4447,43,75.42630462653344,false
Person_4448,19,73.01470050537846,false
Person_4449,37,75.12747461533559,true
Person_4450,72,19.94374142952209,true
Person_4451,47,84.27106264785384,false
Person_4452,56,14.15534445116019,true
Person_4453,51,10.205577496712092,true
Person_4454,75,34.296792499702555,true
Person_4455,56,34.43980257060806,true
Person_4456,25,98.96513193468772,false
Person_4457,51,68.84616124295158,true
Person_4458,30,12.861555063648279,false
Person_4459,53,77.73170619431818,true
Person_4460,19,71.11529446696629,true
Person_4461,60,53.44780175821236,true
Person_4462,55,0.0651925970055367,false
Person_4463,42,27.457701984173433,true
Person_4464,65,39.189452628504085,false
Person_4465,52,96.33975576566631,false
Person_4466,25,6.974279128748828,true
Person_4467,56,55.898966998204905,true
Person_4468,57,39.95698527040411,false
Person_4469,75,87.74919529750322,true
Person_4470,52,59.983846248069895,false
Person_4471,80,3.0282986090096164,false
Person_4472,78,42.43219202832659,true
Person_4473,68,27.924847036788048,true
Person_4474,35,66.13723866653089,false
Person_4475,58,1.5869075060753968,true
Person_4476,48,0.3471711953255241,true
Person_4477,30,13.820781114492299,false
Person_4478,18,53.285658432791706,true
Person_4479,69,95.52885428177902,false
Person_4480,39,82.85132690174474,true
Person_4481,37,14.205715564396925,false
Person_4482,19,1.5230949412438632,false
Person_4483,56,87.9706128638017,false
Person_4484,71,36.37382067728855,false
Person_4485,43,71.71231401278625,false
Person_4486,27,65.53893860021691,false
Person_4487,31,47.845984371428216,true
Person_4488,79,82.62740142220758,false
Person_4489,20,82.06012290087224,true
Person_4490,40,73.44639003281512,true
Person_4491,39,25.95720627468531,false
Person_4492,56,94.14910639147791,true
Person_4493,77,88.53586426355685,true
Person_4494,33,12.307795659740172,false
Person_4495,47,17.000274519524396,false
Person_4496,19,9.448577602981633,false
Person_4497,43,14.868801132452969,true
Person_4498,31,16.323853381626428,true
Person_4499,60,56.78738775623169,false
Person_4500,43,39.63649947439877,true
Person_4501,74,9.462967540359612,true
Person_4502,41,54.8502749434999,false
Person_4503,42,87.98213475058289,true
Person_4504,49,47.665017601707646,false
Person_4505,43,18.646474348555444,false
Person_4506,31,13.174137816287413,true
Person_4507,51,59.27729302038801,true
Person_4508,71,76.9737711573043,false
Person_4509,53,42.433329290592035,false
Person_4510,60,91.0979206202141,false
Person_4511,20,44.84626206224224,true
Person_4512,67,10.136629408111187,false
Person_4513,44,63.29254512581514,true
Person_4514,68,30.711817395730222,false
Person_4515,64,95.9117159896015,true
Person_4516,53,54.0226747434099,true
Person_4517,23,60.54462643995069,false
Person_4518,40,89.24237007872402,false
Person_4519,55,80.9357782585835,true
Person_4520,63,88.76906384965665,true
Person_4521,51,48.92043085729285,false
Person_4522,54,54.722815997042375,false
Person_4523,18,79.97876750408385,true
Person_4524,38,29.818400363396858,false
Person_4525,37,33.417804691061825,false
Person_4526,62,77.69163410795457,true
Person_4527,19,82.19819609104319,true
Person_4528,24,43.79145214248326,false
Person_4529,54,8.822950889312775,true
Person_4530,45,54.45914114602126,false
Person_4531,23,50.29418540029973,false
Person_4532,32,61.58970210008029,false
Person_4533,62,97.72158160597711,false
Person_4534,45,92.39470430508179,true
Person_4535,58,65.46239865734248,true
Person_4536,29,8.432194703000118,true
Person_4537,32,54.1651267494554,true
Person_4538,35,16.618978848757713,true
Person_4539,29,64.47724852749323,true
Person_4540,47,71.27246990851766,false
Person_4541,35,28.439022480361164,false
Person_4542,33,85.49518350323856,false
Person_4543,18,62.45826325777528,true
Person_4544,80,46.04370305707675,false
Person_4545,49,96.35466260199337,true
Person_4546,53,40.966558402627385,false
Person_4547,37,7.048354651589217,true
Person_4548,30,94.87829909330812,false
Person_4549,60,54.27305416130953,false
Person_4550,20,70.1719391923871,true
Person_4551,57,65.4735322688427,false
Person_4552,65,48.15846686532589,true
Person_4553,50,10.481531293294942,true
Person_4554,51,4.363794549256472,true
Person_4555,70,14.98099589637567,false
Person_4556,30,70.11607529905903,false
Person_4557,77,38.492267916552336,false
Person_4558,73,28.24895314142265,false
Person_4559,57,19.190085783300738,false
Person_4560,63,72.22111819142859,true
Person_4561,25,56.88351447754051,false
Person_4562,30,38.01940203134973,true
Person_4563,36,42.311329705768145,true
Person_4564,19,43.686434416485845,true
Person_4565,75,9.906764538393231,true
Person_4566,24,59.813311893654785,true
Person_4567,36,75.14263444179551,false
Person_4568,25,0.20723699317669597,true
Person_4569,43,77.32144902384928,false
Person_4570,72,66.9813285452848,true
Person_4571,54,58.62298749180065,true
Person_4572,39,79.25830702842346,true
Person_4573,49,75.10668331687158,true
Person_4574,69,15.860855485859327,false
Person_4575,18,20.57216387039571,true
Person_4576,31,22.56746766171116,true
Person_4577,67,41.56017999492783,true
Person_4578,59,19.34706270564055,true
Person_4579,75,95.39889064818253,true
Person_4580,65,71.87978812407924,true
Person_4581,58,8.600772548091317,true
Person_4582,53,99.56447243252241,false
Person_4583,61,12.740758027495126,false
Person_4584,40,65.2723616336842,false
Person_4585,72,61.75432341353899,true
Person_4586,69,21.01642758975598,true
Person_4587,35,71.86846411925018,true
Person_4588,59,45.62391801027296,true
Person_4589,72,52.00395019557201,false
Person_4590,61,66.27151646586498,false
Person_4591,26,86.49985520229933,true
Person_4592,40,85.154825300175,false
Person_4593,59,70.64888480775045,false
Person_4594,20,76.68961899360886,true
Person_4595,31,51.7616674117327,true
Person_4596,21,4.192074695939329,true
Person_4597,51,78.2628297231433,false
Person_4598,58,72.68358889847025,true
Person_4599,67,8.456139427716547,false
Person_4600,37,94.24083708708434,true
Person_4601,67,75.03856159318751,false
Person_4602,74,45.512923862206875,true
Person_4603,40,83.805552652156,false
Person_4604,74,49.72122297518467,true
Person_4605,55,63.69227872421761,false
Person_4606,49,11.1146321246133,true
Person_4607,54,18.986327574600203,true
Person_4608,21,70.00782904230691,true
Person_4609,40,12.679834168945249,false
Person_4610,32,20.968629787762026,true
Person_4611,71,12.396757970409977,true
Person_4612,21,83.31905639639186,false
Person_4613,73,55.90512592399796,true
Person_4614,25,41.15593568523527,true
Person_4615,47,60.16227894185723,false
Person_4616,69,16.720615764724656,true
Person_4617,34,54.27759678785782,true
Person_4618,35,96.16090971788712,false
Person_4619,50,99.18444333719914,true
Person_4620,64,53.57951100787566,false
Person_4621,57,48.99933925559178,false
Person_4622,56,63.48624078037671,true
Person_4623,32,21.005961306998554,false
Person_4624,71,26.717859325017212,true
Person_4625,71,62.459582128821125,false
Person_4626,79,76.83122701424077,false
Person_4627,58,74.72079800326973,true
Person_4628,35,99.6600264388351,true
Person_4629,58,93.61226112894366,false
Person_4630,61,57.32041846090765,false
Person_4631,32,30.580828928464243,false
Person_4632,28,94.33939132452174,true
Person_4633,60,76.2463632030086,true
Person_4634,45,20.15021293829492,false
Person_4635,62,43.388443505189535,true
Person_4636,42,44.19693535794123,false
Person_4637,24,89.89152787867117,true
Person_4638,41,49.18555184432141,true
Person_4639,73,50.893850291655596,false
Person_4640,54,10.429291108303506,true
Person_4641,41,83.154032275111,true
Person_4642,56,67.16308869373276,false
Person_4643,51,47.12395285225567,false
Person_4644,74,3.9509850293463655,true
Person_4645,50,99.61540449523346,true
Person_4646,30,33.894734289169726,true
Person_4647,58,24.832507520066972,false
Person_4648,19,29.73403585589104,false
Person_4649,32,66.82591805691612,false
Person_4650,51,64.75501664513617,false
Person_4651,23,23.05206742291307,false
Person_4652,76,70.42430355678492,false
Person_4653,73,22.410354409325052,true
Person_4654,19,72.10362869010649,true
Person_4655,67,9.951162608006515,false
Person_4656,21,79.73199332061037,false
Person_4657,27,44.159614066288036,true
Person_4658,64,26.482761039354862,false
Person_4659,45,57.23940520540914,false
Person_4660,77,51.30815866564079,true
Person_4661,39,48.677392455561034,false
Person_4662,36,60.550737356604735,true
Person_4663,51,52.48484168780576,true
Person_4664,33,32.649649776417114,false
Person_4665,46,72.17626824989564,true
Person_4666,25,60.584230554360005,true
Person_4667,19,23.02826289650425,true
Person_4668,75,23.08881453596856,true
Person_4669,72,6.3339002687094474,false
Person_4670,27,43.10800650542871,true
Person_4671,63,9.253283300369619,true
Person_4672,56,89.2102855674229,true
Person_4673,41,35.36117120735278,true
Person_4674,64,76.7614728296393,true
Person_4675,33,51.225665583319724,false
Person_4676,67,45.98604828382429,false
Person_4677,31,87.42860703367538,true
Person_4678,60,85.43440476045015,true
Person_4679,58,39.48543728575201,true
Person_4680,63,28.938657176080596,true
Person_4681,21,51.955086893625804,false
Person_4682,49,5.370360765919157,true
Person_4683,45,5.464051893091448,true
Person_4684,22,17.56652192923437,true
Person_4685,74,82.93814732669516,true
Person_4686,66,39.817492261821954,true
Person_4687,78,23.29562074648216,true
Person_4688,34,34.80108811412194,true
Person_4689,31,25.829971447031962,false
Person_4690,59,91.51645761424332,true
Person_4691,41,12.836143656301013,true
Person_4692,25,78.29165889410781,false
Person_4693,77,1.145000755565584,false
Person_4694,47,88.92182716551447,false
Person_4695,47,47.45090218592251,false
Person_4696,71,66.87194752820957,false
Person_4697,30,10.539410545306694,true
Person_4698,75,3.4654057320877896,false
Person_4699,23,85.24132961024313,false
Person_4700,31,78.79041998930681,false
Person_4701,64,2.343502471267367,true
Person_4702,47,4.179485588305387,false
Person_4703,18,26.00745702799977,false
Person_4704,74,73.5008015759384,false
Person_4705,77,26.690445606285774,true
Person_4706,74,30.573296038472442,false
Person_4707,47,22.124918241009706,true
Person_4708,22,35.344948868118585,true
Person_4709,30,53.070144364033226,true
Person_4710,30,12.843154388524159,true
Person_4711,66,59.87888488924582,false
Person_4712,28,31.36301314122344,true
Person_4713,76,59.20263435791261,false
Person_4714,72,49.35331974656375,true
Person_4715,68,49.62402074691828,false
Person_4716,43,17.640471237942414,false
Person_4717,76,13.533251635098853,true
Person_4718,37,91.20039582646126,false
Person_4719,22,69.0062052190731,false
Person_4720,76,13.346275088683546,true
Person_4721,50,27.866005724188746,false
Person_4722,68,17.158283254379125,true
Person_4723,38,1.9771942884008298,false
Person_4724,30,14.536770962311408,true
Person_4725,63,31.67281266309072,false
Person_4726,73,51.04350152505444,false
Person_4727,63,35.59460132637749,true
Person_4728,51,29.22991917812977,true
Person_4729,79,75.62996937048894,false
Person_4730,52,82.88520953056587,true
Person_4731,24,61.0877694431989,true
Person_4732,71,65.9369810771257,true
Person_4733,76,79.37701524311262,false
Person_4734,43,94.1224501455508,false
Person_4735,32,84.06582103462762,true
Person_4736,76,91.8249351178409,false
Person_4737,47,51.30868939287334,true
Person_4738,52,33.71432863882641,true
Person_4739,25,70.77816133989576,true
Person_4740,46,57.24196651766419,true
Person_4741,21,17.696294064112152,true
Person_4742,41,30.228887084096723,false
Person_4743,67,36.415232293770494,true
Person_4744,47,63.57435825953429,false
Person_4745,48,39.67489823913041,false
Person_4746,55,27.30650490617217,false
Person_4747,38,51.9350792053073,false
Person_4748,71,24.880812203341208,false
Person_4749,37,12.513472746393306,false
Person_4750,59,97.83444425488081,false
Person_4751,71,33.43340240117541,true
Person_4752,39,64.80884899765007,true
Person_4753,68,41.9191589322361,true
Person_4754,52,22.649660298453156,true
Person_4755,32,5.057197447591255,false
Person_4756,34,76.48680549677745,false
Person_4757,29,32.53307572980163,false
Person_4758,43,9.309162756625177,true
Person_4759,27,87.41150355999655,false
Person_4760,45,66.54840727560646,false
Person_4761,30,16.583682601375173,false
Person_4762,33,96.61673648980657,true
Person_4763,40,61.76489621837342,false
Person_4764,43,57.37744737740685,false
Person_4765,79,63.50146691329318,true
Person_4766,47,80.2610460909737,true
Person_4767,24,25.86972094107449,true
Person_4768,45,12.908521208406675,true
Person_4769,28,49.71989666539144,true
Person_4770,47,48.13861439481797,false
Person_4771,31,29.689333024652743,false
Person_4772,59,89.83202345527077,true
Person_4773,38,47.397521888282334,true
Person_4774,59,24.790853723202144,false
Person_4775,47,88.96575429322515,false
Person_4776,43,6.494394500703537,false
Person_4777,38,52.877997553766285,true
Person_4778,60,33.79453080341621,true
Person_4779,30,64.60564091860827,true
Person_4780,58,78.8417534868503,false
Person_4781,21,30.703240421510493,true
Person_4782,21,15.297223755774958,false
Person_4783,58,24.270362973197678,true
Person_4784,70,55.23934314224277,true
Person_4785,24,53.129607627049644,false
Person_4786,47,31.74895581409498,true
Person_4787,62,42.90176024673056,false
Person_4788,25,52.335309572832585,false
Person_4789,18,29.55098241642159,true
Person_4790,34,26.600622858111755,false
Person_4791,69,71.69958030368987,true
Person_4792,57,16.755093939321153,true
Person_4793,48,82.58836592315403,false
Person_4794,24,35.053671251299875,false
Person_4795,72,4.389881827970498,false
Person_4796,32,40.547309913657706,false
Person_4797,19,68.22869415580104,true
Person_4798,27,38.393397948094275,true
Person_4799,54,37.81527646819549,true
Person_4800,21,8.957025957356757,true
Person_4801,21,36.41535904772396,false
Person_4802,45,15.501914174183284,false
Person_4803,63,65.28154215587637,true
Person_4804,31,92.55546338219887,true
Person_4805,70,47.38509426771398,false
Person_4806,32,74.71583077335707,true
Person_4807,20,14.111874955232938,false
Person_4808,69,64.91365484032735,true
Person_4809,48,8.698268593370596,false
Person_4810,65,51.28640493305296,false
Person_4811,60,76.54646971013636,true
Person_4812,22,78.13811790027992,false
Person_4813,52,19.006181787988318,true
Person_4814,33,50.12653587886267,false
Person_4815,66,61.11170586977869,true
Person_4816,24,31.24296672773088,false
Person_4817,57,51.679715523735624,false
Person_4818,46,66.01310876612456,true
Person_4819,79,46.099664599459636,true
Person_4820,38,97.34833468039614,true
Person_4821,43,23.28842267125869,true
Person_4822,63,22.48026019072531,true
Person_4823,29,52.91812115388028,false
Person_4824,79,0.5595446584280794,true
Person_4825,49,41.604640092688214,false
Person_4826,54,19.366166629009264,true
Person_4827,20,36.29883770840783,false
Person_4828,62,57.13964519660657,false
Person_4829,30,83.29633910192248,true
Person_4830,43,23.338177930315318,false
Person_4831,43,76.19034180500624,false
Person_4832,50,34.16371068850717,false
Person_4833,37,36.496737605119044,true
Person_4834,62,15.730583292347934,true
Person_4835,62,66.86656255982226,true
Person_4836,56,78.02402880947447,true
Person_4837,66,81.81676661499624,false
Person_4838,70,92.26586871547904,true
Person_4839,62,77.16677224807574,false
Person_4840,19,10.927253133562365,false
Person_4841,38,41.67917026025574,false
Person_4842,63,6.298728652586528,true
Person_4843,19,28.811229760512003,true
Person_4844,41,34.320530018458626,false
Person_4845,58,39.215481538926134,true
Person_4846,62,32.8339048924674,false
Person_4847,28,79.98485922187331,true
Person_4848,50,64.46142508975103,true
Person_4849,32,15.942060851701246,false
Person_4850,57,58.23530400709074,true
Person_4851,22,96.42922897145347,true
Person_4852,62,11.060590590962116,true
Person_4853,73,84.51185140094408,false
Person_4854,64,39.81305982007424,true
Person_4855,69,25.223350901203467,true
Person_4856,37,73.1393947569185,true
Person_4857,57,71.44602046382687,true
Person_4858,53,34.69599576727014,false
Person_4859,47,99.23701645282486,true
Person_4860,65,10.054252582301048,true
Person_4861,56,40.177179203305826,false
Person_4862,56,25.019707903454368,true
Person_4863,74,64.98719252232128,true
Person_4864,71,18.553132311595665,false
Person_4865,80,56.737658623233564,true
Person_4866,25,65.80721484354727,false
Person_4867,53,86.11649751004968,false
Person_4868,47,74.12958451457668,false
Person_4869,67,51.76022702139165,true
Person_4870,25,60.560040036107885,true
Person_4871,51,5.316435386117213,false
Person_4872,54,43.299098518201674,true
Person_4873,60,75.61715945911942,false
Person_4874,59,83.57874391002318,true
Person_4875,68,44.35602490935049,false
Person_4876,75,57.64090374143689,true
Person_4877,76,37.901402606853416,false
Person_4878,67,43.37619615003262,false
Person_4879,58,82.37527017360236,false
Person_4880,70,77.0668039539311,false
Person_4881,41,14.816115703832311,false
Person_4882,49,17.773307070503307,false
Person_4883,23,89.33122521693535,true
Person_4884,47,41.59823310810533,false
Person_4885,40,32.41196649786225,true
Person_4886,53,4.77176324673162,false
Person_4887,23,78.65945894385678,false
Person_4888,45,52.15059310580289,false
Person_4889,76,78.3218556164714,false
Person_4890,25,23.134192421666334,true
Person_4891,52,28.44942970832972,false
Person_4892,63,22.502462118683255,true
Person_4893,80,70.93679155806628,true
Person_4894,19,61.62633737248731,false
Person_4895,28,84.94882043052431,false
Person_4896,60,8.745673878711468,true
Person_4897,68,82.63211535516591,true
Person_4898,64,93.86707587686992,true
Person_4899,78,43.31237702070093,true
Person_4900,49,21.85133911225926,false
Person_4901,44,51.61949910022492,false
Person_4902,75,91.89841395846894,false
Person_4903,56,51.392073600951626,false
Person_4904,62,28.446495090988265,true
Person_4905,56,90.60108588356745,true
Person_4906,60,25.75091214603773,true
Person_4907,26,89.61820693000813,true
Person_4908,21,65.0776692639373,true
Person_4909,66,67.4914999921022,true
Person_4910,24,86.64112678729305,true
Person_4911,63,47.57813118614612,false
Person_4912,66,47.136651802591075,true
Person_4913,80,63.44418809533165,false
Person_4914,30,61.176523068555,false
Person_4915,56,28.356919482366106,false
Person_4916,76,18.13326007212477,true
Person_4917,79,93.3022055519254,false
Person_4918,19,36.96419731631254,true
Person_4919,52,99.74172613809593,false
Person_4920,26,97.13521473874773,true
Person_4921,62,34.497376579818464,true
Person_4922,19,1.7749389186926368,true
Person_4923,43,38.66051917854787,true
Person_4924,34,53.210050483003194,false
Person_4925,25,6.9673476720908845,true
Person_4926,25,31.5130886224237,true
Person_4927,21,31.860521981083334,false
Person_4928,22,98.06650414176012,true
Person_4929,53,37.1619331065561,false
Person_4930,75,38.421547880179794,false
Person_4931,44,0.5427206075953039,true
Person_4932,67,47.9303107283834,false
Person_4933,47,63.85742148309084,true
Person_4934,39,7.466041526941991,false
Person_4935,67,43.13236474518267,false
Person_4936,35,51.892225008418706,true
Person_4937,28,86.65450883077247,true
Person_4938,35,47.31902048784814,true
Person_4939,23,4.017602402953447,false
Person_4940,28,74.72029750160017,true
Person_4941,64,62.59261970734037,false
Person_4942,19,96.01469680304852,false
Person_4943,62,6.8793483413785435,false
Person_4944,59,90.15764854860345,false
Person_4945,69,69.41017666140273,false
Person_4946,37,73.6664691272884,false
Person_4947,42,78.85870313955405,true
Person_4948,23,1.4174713952580076,true
Person_4949,51,2.770391250564097,false
Person_4950,55,14.255605638747292,true
Person_4951,59,9.84396280568508,true
Person_4952,54,13.864557606320005,false
Person_4953,52,10.909334714092411,true
Person_4954,24,73.95636856101567,true
Person_4955,49,18.639854674663393,true
Person_4956,48,85.67259798786276,true
Person_4957,27,36.90723051176461,false
Person_4958,77,47.94738188649711,false
Person_4959,77,39.59021712992127,true
Person_4960,25,84.78903231318581,true
Person_4961,46,11.878081668307349,false
Person_4962,28,38.1059627478506,false
Person_4963,25,21.957055407237135,true
Person_4964,75,90.34067298550099,false
Person_4965,42,35.77769239343894,true
Person_4966,57,11.227753200881295,true
Person_4967,57,64.02981584132256,true
Person_4968,26,13.361827581939089,false
Person_4969,60,80.16150721629228,false
Person_4970,43,21.81060742902552,false
Person_4971,26,9.72414053706454,false
Person_4972,60,37.54978941169772,true
Person_4973,58,34.37467854867515,true
Person_4974,53,44.8401633502929,false
Person_4975,59,97.58135210516302,false
Person_4976,49,47.05978342233475,true
Person_4977,79,14.041890018571923,true
Person_4978,27,20.3493372815987,false
Person_4979,65,31.32518910280898,false
Person_4980,36,1.602242002518539,true
Person_4981,64,28.56041245587553,false
Person_4982,33,11.924659772029077,true
Person_4983,60,94.05128214722836,false
Person_4984,46,73.84350322656773,true
Person_4985,53,58.813967148670955,false
Person_4986,38,68.04855519263171,true
Person_4987,80,32.47613110414898,true
Person_4988,50,68.71555242395873,false
Person_4989,21,82.67708138721146,false
Person_4990,40,25.594771531004824,false
Person_4991,68,94.64913997762658,true
Person_4992,28,2.40110856552862,true
Person_4993,60,23.47344290493094,true
Person_4994,30,98.94385968479601,true
Person_4995,56,67.37334232815148,false
Person_4996,65,84.37008455368641,true
Person_4997,45,35.4545881057872,true
Person_4998,47,12.263453635320632,true
Person_4999,44,26.345244634161336,true
Person_5000,54,37.288096709519955,false
Person_5001,46,99.87488613945229,false
Person_5002,48,5.129609794776313,false
Person_5003,53,51.07154023921188,false
Person_5004,30,83.61208142567722,false
Person_5005,41,75.98233819358586,true
Person_5006,69,98.76056068298314,false
Person_5007,59,88.6393830187555,false
Person_5008,38,8.27668074705744,true
Person_5009,22,50.1495096481278,true
Person_5010,25,56.62394436014281,true
Person_5011,44,85.18885115439636,false
Person_5012,36,29.281950893809316,false
Person_5013,37,12.856456675064209,false
Person_5014,29,43.96099619014889,true
Person_5015,48,28.3575972940462,true
Person_5016,80,17.56697264224899,true
Person_5017,33,67.79864172419153,true
Person_5018,76,39.988376255986466,true
Person_5019,24,76.71285951521766,false
Person_5020,24,44.78900923526299,true
Person_5021,20,72.14637525574005,false
Person_5022,60,62.56805604284337,false
Person_5023,52,21.66840599690918,false
Person_5024,51,18.114161253196027,false
Person_5025,51,75.7960159876191,true
Person_5026,51,84.14040286968596,false
Person_5027,61,91.29858696179173,false
Person_5028,74,70.16315790545967,false
Person_5029,46,7.319114072363475,true
Person_5030,45,26.351919143646395,true
Person_5031,64,32.795155283026766,true
Person_5032,79,7.649429488035664,false
Person_5033,49,65.50552642415532,false
Person_5034,56,49.226938922658526,false
Person_5035,78,70.20164311782868,true
Person_5036,53,60.43063093801657,false
Person_5037,38,91.61864275909745,true
Person_5038,48,15.06508811427587,true
Person_5039,68,71.45816250064834,false
Person_5040,80,15.767690466881811,false
Person_5041,19,29.96510621376183,true
Person_5042,23,96.18130601163884,true
Person_5043,38,36.41403286334138,true
Person_5044,30,23.120302036732554,false
Person_5045,53,55.292570772910565,true
Person_5046,76,66.74713141631327,false
Person_5047,32,67.48358190555189,true
Person_5048,26,33.28515489152214,false
Person_5049,32,47.64176735769858,true
Person_5050,43,35.12221298608358,false
Person_5051,27,96.59069529010634,true
Person_5052,32,42.83869225543492,true
Person_5053,79,92.3449962118174,false
Person_5054,62,34.50360122782339,false
Person_5055,58,15.570256922611625,false
Person_5056,78,14.47293401481855,false
Person_5057,56,54.475345135560794,false
Person_5058,58,21.975653982218645,false
Person_5059,48,17.206268193070105,false
Person_5060,53,37.97330430037277,true
Person_5061,20,62.340331067951126,false
Person_5062,78,76.08586408551427,false
Person_5063,48,21.140802251468806,false
Person_5064,79,45.80857153261635,true
Person_5065,69,48.669777293417184,false
Person_5066,24,95.29382354210263,true
Person_5067,46,15.809422571378228,true
Person_5068,34,38.516321702533865,true
Person_5069,76,81.42976144326694,false
Person_5070,70,92.38950034912799,true
Person_5071,55,20.637339155476685,false
Person_5072,36,58.5726098659789,true
Person_5073,21,23.540443120052057,false
Person_5074,33,37.54620044771442,true
Person_5075,58,69.4038650639817,true
Person_5076,62,31.72296662654074,true
Person_5077,67,69.28594020881384,false
Person_5078,76,49.4930621274346,true
Person_5079,72,99.75306470149908,false
Person_5080,69,30.03501872996237,true
Person_5081,23,75.1043396939537,false
Person_5082,34,64.08689464576925,false
Person_5083,37,53.43365608341023,false
Person_5084,32,7.133224097217051,true
Person_5085,79,19.80989730573839,false
Person_5086,71,36.905973428927275,false
Person_5087,18,8.841586813265057,true
Person_5088,64,26.58064043870909,true
Person_5089,49,15.24503829098618,false
Person_5090,23,5.354087759352,true
Person_5091,29,53.782941925304705,true
Person_5092,61,79.27829397917651,false
Person_5093,51,63.027189127766405,true
Person_5094,65,93.45734298647929,false
Person_5095,33,86.11747132463617,true
Person_5096,48,28.27248703231363,true
Person_5097,45,13.124408037222201,true
Person_5098,68,7.775102959358593,true
Person_5099,33,25.67402290516261,false
Person_5100,34,54.838366699621346,true
Person_5101,56,92.46685323033181,false
Person_5102,43,13.509358142628148,false
Person_5103,38,5.405113156653907,true
Person_5104,65,46.535031827010165,true
Person_5105,19,2.10502444872408,true
Person_5106,74,5.997432703188266,false
Person_5107,37,88.8151336178834,false
Person_5108,34,39.45390698781055,true
Person_5109,25,8.680394437287642,true
Person_5110,46,3.8300752454351383,true
Person_5111,68,70.49487120867126,true
Person_5112,53,19.7772976759526,false
Person_5113,76,90.60315792901629,true
Person_5114,70,91.30692639188032,false
Person_5115,72,96.14160713998503,true
Person_5116,63,78.67310115127492,false
Person_5117,26,92.85814123975929,false
Person_5118,69,66.03707597382898,true
Person_5119,49,19.5617667954475,true
Person_5120,58,21.3999092203117,true
Person_5121,74,55.58927023004861,false
Person_5122,26,3.7987847879801917,false
Person_5123,30,61.738341620889635,true
Person_5124,72,4.6071973741269145,false
Person_5125,55,54.83394294699212,true
Person_5126,41,11.186339705628,true
Person_5127,40,72.7737435878156,false
Person_5128,24,0.05338354514996535,false
Person_5129,80,84.49277162985508,false
Person_5130,75,21.833559072242824,true
Person_5131,44,50.09461381033214,true
Person_5132,70,17.850028257580707,true
Person_5133,32,3.7132516484000955,false
Person_5134,32,34.52846308610072,false
Person_5135,50,50.45800759355641,false
Person_5136,60,52.53817419692462,true
Person_5137,44,45.85048869956323,false
Person_5138,39,15.264381037886388,false
Person_5139,18,27.174927930595583,false
Person_5140,50,98.64300947536702,false
Person_5141,58,6.426947451460263,true
Person_5142,19,93.17630567968018,false
Person_5143,58,1.620420118591659,false
Person_5144,18,25.87053018431831,true
Person_5145,75,89.28667416523766,false
Person_5146,76,36.28004318443926,true
Person_5147,27,87.38032334505613,false
Person_5148,73,74.48181219778495,false
Person_5149,60,90.0492635917577,true
Person_5150,63,26.64120241157456,true
Person_5151,24,70.2191801874715,true
Person_5152,56,81.41000381413468,true
Person_5153,57,70.2805946514925,true
Person_5154,38,5.310141095890497,true
Person_5155,67,7.457247185955063,false
Person_5156,41,64.2398805817021,true
Person_5157,46,84.57646610635989,false
Person_5158,63,60.3499117984405,false
Person_5159,78,66.30098204546447,true
Person_5160,37,24.21759719995702,false
Person_5161,73,80.89637856856525,false
Person_5162,19,96.75575329213576,true
Person_5163,58,23.165522718773012,false
Person_5164,46,60.42645310826773,false
Person_5165,66,42.799666587951066,true
Person_5166,33,35.02655981749832,false
Person_5167,31,90.57060609119993,true
Person_5168,32,4.039168498094725,true
Person_5169,58,82.15209844587619,true
Person_5170,77,40.54842457817808,true
Person_5171,42,97.61876753599908,false
Person_5172,73,78.13881695306473,false
Person_5173,32,96.08883075308525,false
Person_5174,19,68.22472285868415,false
Person_5175,30,80.89194915012197,true
Person_5176,67,33.98316175030157,false
Person_5177,73,65.05199625192046,false
Person_5178,22,90.38797168406931,true
Person_5179,24,37.320645963670074,false
Person_5180,24,68.36332506467977,true
Person_5181,19,23.326637618029466,false
Person_5182,43,96.69406397818594,false
Person_5183,21,86.12292864441527,true
Person_5184,23,7.696987862049943,false
Person_5185,19,48.24913050931655,true
Person_5186,66,71.23777213632239,true
Person_5187,60,49.22891808408954,true
Person_5188,42,74.28781230925287,false
Person_5189,22,19.572401404858432,false
Person_5190,48,67.18660327087278,false
Person_5191,70,49.489287571464814,false
Person_5192,67,26.45532000637588,true
Person_5193,75,62.90884541760852,true
Person_5194,66,52.727446876863716,true
Person_5195,40,9.731332526026703,false
Person_5196,78,34.028253125288145,true
Person_5197,53,80.36860346106637,true
Person_5198,75,51.38311857185626,false
Person_5199,41,74.01950414242161,false
Person_5200,45,46.57558027558997,true
Person_5201,73,75.92574017404291,true
Person_5202,28,9.732115110173522,true
Person_5203,28,99.96299482539546,true
Person_5204,24,75.25445010797554,true
Person_5205,49,16.94183644362748,false
Person_5206,64,90.53922407587633,false
Person_5207,50,46.775693689186014,false
Person_5208,52,76.34748122287425,true
Person_5209,46,49.00548197880828,true
Person_5210,54,84.58652960095802,false
Person_5211,19,75.87910466155473,true
Person_5212,20,23.13727408155508,false
Person_5213,23,25.199178126210764,false
Person_5214,48,52.81096712191131,true
Person_5215,48,33.837048819310944,false
Person_5216,29,82.11667625297304,true
Person_5217,73,92.57005284550158,false
Person_5218,46,20.301491653548155,false
Person_5219,44,73.69635270769737,false
Person_5220,50,59.56427203885203,true
Person_5221,19,34.230816764205144,false
Person_5222,79,12.441731395582156,false
Person_5223,57,99.24585058404723,true
Person_5224,46,17.401025519208414,true
Person_5225,25,73.48640156865427,true
Person_5226,54,65.79798695941815,true
Person_5227,76,17.228990909612506,true
Person_5228,79,28.703518112707627,false
Person_5229,31,4.723307252642373,true
Person_5230,35,70.05255769043364,false
Person_5231,42,5.87128972968779,false
Person_5232,32,35.33525410312966,true
Person_5233,51,95.08410020394908,true
Person_5234,18,30.303911362527046,false
Person_5235,64,70.7011316001339,false
Person_5236,34,56.7574921448916,true
Person_5237,22,7.935306462215763,true
Person_5238,45,0.9349413268362361,true
Person_5239,55,98.58568980501772,false
Person_5240,76,48.53112441303856,false
Person_5241,36,39.78655884255138,true
Person_5242,72,97.87096276741057,true
Person_5243,40,27.30821124132091,false
Person_5244,67,42.47081799807736,true
Person_5245,62,85.44572213303822,false
Person_5246,69,5.658249027498674,true
Person_5247,77,92.55845124114819,false
Person_5248,80,18.093522473022215,false
Person_5249,66,70.67901596713378,true
Person_5250,48,45.80837219799964,false
Person_5251,23,90.30850027640419,false
Person_5252,55,2.493495060876072,false
Person_5253,37,37.52444414107874,false
Person_5254,59,60.141294854800265,true
Person_5255,67,79.37905593055704,true
Person_5256,51,94.49190621864044,true
Person_5257,79,16.45287683922775,true
Person_5258,21,0.8082262258404582,true
Person_5259,62,99.01014595328546,false
Person_5260,19,50.28251366260174,true
Person_5261,70,67.29884414153587,false
Person_5262,74,72.91933706726475,false
Person_5263,37,96.23106390748111,false
Person_5264,31,3.980826516495406,true
Person_5265,71,82.16499321417307,false
Person_5266,68,1.8397771607242097,true
Person_5267,26,40.77469803645105,true
Person_5268,73,64.22619958739443,true
Person_5269,54,52.07827430650131,true
Person_5270,37,68.45981899932995,false
Person_5271,33,48.38837723287133,false
Person_5272,47,86.60343541745206,false
Person_5273,77,67.25802044058182,false
Person_5274,20,20.941185978171127,false
Person_5275,80,17.332756436578055,true
Person_5276,35,19.837684265327972,false
Person_5277,53,76.44318050992148,false
Person_5278,34,34.45959686161266,true
Person_5279,72,24.46922996981359,true
Person_5280,41,98.73960668670215,false
Person_5281,35,59.51785561467054,true
Person_5282,78,37.30577575492992,true
Person_5283,62,8.820446800133553,false
Person_5284,23,91.00937448795945,true
Person_5285,30,22.906976150603874,true
Person_5286,34,29.650311373190853,false
Person_5287,32,23.260322808833532,true
Person_5288,18,93.01583044164215,false
Person_5289,30,93.52059453188484,true
Person_5290,48,54.30586089080509,false
Person_5291,22,31.73722412808695,false
Person_5292,57,86.41332545222343,true
Person_5293,36,44.17417525148098,false
Person_5294,38,91.84895760763906,true
Person_5295,50,84.71129151220525,true
Person_5296,49,58.63501623991625,true
Person_5297,75,70.4080683880028,true
Person_5298,46,93.599861989693,true
Person_5299,73,67.73126875445126,true
Person_5300,24,11.7947674223309,false
Person_5301,80,50.82063921344895,true
Person_5302,62,25.471557116032216,true
Person_5303,44,92.41839063587169,false
Person_5304,54,73.14012282937419,false
Person_5305,68,28.806924216122244,true
Person_5306,21,83.65993021218927,true
Person_5307,51,45.152130096845156,true
Person_5308,62,3.4522716515419494,false
Person_5309,73,61.36311521882334,true
Person_5310,80,96.84021245550215,true
Person_5311,33,31.670709582383328,true
Person_5312,53,86.35965477573262,true
Person_5313,23,61.920429059733536,false
Person_5314,61,25.51635611773162,false
Person_5315,23,42.08170241310194,true
Person_5316,19,45.015184458373284,true
Person_5317,79,99.38198338514019,false
Person_5318,30,83.5855492665877,true
Person_5319,44,4.699066491068871,false
Person_5320,56,7.748933849378437,false
Person_5321,56,35.414179359593454,true
Person_5322,57,33.862634642239485,false
Person_5323,47,95.46724275851524,false
Person_5324,30,40.47952412966567,true
Person_5325,66,18.620844442011997,true
Person_5326,36,58.015342138274406,true
Person_5327,64,84.80528633763822,false
Person_5328,70,77.58974432833668,true
Person_5329,46,82.00968379749756,false
Person_5330,20,15.582962065057526,true
Person_5331,68,69.92986546240189,true
Person_5332,25,86.04890657488258,false
Person_5333,71,84.58050307467816,true
Person_5334,59,32.85944780738013,false
Person_5335,80,12.293994567965594,false
Person_5336,63,8.380490694752496,true
Person_5337,23,40.43974736045376,true
Person_5338,77,13.173453506991684,true
Person_5339,27,77.02272862128892,false
Person_5340,78,86.23828992625594,true
Person_5341,26,48.17130380500599,false
Person_5342,35,65.4930391643002,true
Person_5343,80,71.20815648708034,true
Person_5344,35,79.23164326142347,true
Person_5345,51,99.5514424490415,true
Person_5346,77,97.40005091291276,false
Person_5347,78,90.29510173290151,true
Person_5348,47,34.73964609962731,false
Person_5349,31,39.085222244539366,true
Person_5350,48,68.29821579717793,false
Person_5351,34,5.063767576552236,true
Person_5352,67,96.69092663558297,true
Person_5353,65,84.90591755599279,true
Person_5354,78,56.86532846072506,true
Person_5355,70,26.517086700347225,true
Person_5356,44,61.0734097583469,true
Person_5357,69,83.14498285571969,true
Person_5358,27,24.20325774799038,true
Person_5359,42,28.167034604591368,false
Person_5360,21,67.25066396787992,false
Person_5361,80,85.3238594049678,true
Person_5362,39,62.612099904653086,true
Person_5363,61,45.26360684397055,false
Person_5364,31,37.07519629282119,false
Person_5365,36,53.02964369460456,false
Person_5366,27,79.67897258786779,true
Person_5367,49,12.513807039077706,false
Person_5368,33,82.24064876462958,true
Person_5369,24,54.620363029928185,false
Person_5370,66,35.10633499665959,true
Person_5371,31,3.984497318294089,true
Person_5372,51,77.77231475691455,true
Person_5373,49,58.58732389575645,true
Person_5374,48,5.746976049762065,false
Person_5375,48,86.59450967011414,false
Person_5376,42,59.2645439358755,true
Person_5377,36,28.593813452680216,false
Person_5378,80,64.04731302416698,true
Person_5379,49,81.97139658066826,true
Person_5380,66,26.033695549433833,true
Person_5381,47,40.380016426551634,false
Person_5382,51,67.35408610525889,false
Person_5383,70,13.473616395227495,false
Person_5384,39,51.194195455308844,true
Person_5385,20,26.34481713354857,true
Person_5386,42,43.432464645790716,false
Person_5387,19,58.13098117399448,false
Person_5388,60,64.90962309656733,false
Person_5389,40,11.14444467009924,true
Person_5390,22,34.791395096584964,false
Person_5391,64,27.402170738594634,false
Person_5392,26,96.84436333335331,true
Person_5393,71,20.975272803432233,false
Person_5394,20,91.53524918227646,false
Person_5395,18,15.570098136436005,false
Person_5396,40,76.17479789965077,true
Person_5397,62,54.03427908455718,false
Person_5398,39,0.7606700485357165,false
Person_5399,80,51.22469247592415,false
Person_5400,34,12.559435182369317,true
Person_5401,46,63.864489630697896,false
Person_5402,55,20.350813666207767,true
Person_5403,78,7.265977609888075,false
Person_5404,28,4.9538608018938834,true
Person_5405,50,93.33649678980773,false
Person_5406,71,59.63786002865484,true
Person_5407,77,17.589587559233046,true
Person_5408,60,15.112069484735159,true
Person_5409,64,25.697894518539776,true
Person_5410,32,7.282989505929905,false
Person_5411,24,44.934201650348705,false
Person_5412,73,51.58611735605599,false
Person_5413,74,78.99288774630435,false
Person_5414,49,99.22147702977986,true
Person_5415,37,27.4278585719797,false
Person_5416,28,9.28914932390219,true
Person_5417,25,17.517723130544393,false
Person_5418,22,53.07605389513419,false
Person_5419,75,94.41820529084782,false
Person_5420,44,36.08039079627082,true
Person_5421,50,48.32550301718774,true
Person_5422,54,0.6939064801598338,false
Person_5423,68,23.42847290270642,true
Person_5424,49,53.122854153393384,true
Person_5425,56,5.457817580281854,false
Person_5426,38,47.11563993901482,false
Person_5427,26,57.28978375935265,true
Person_5428,21,21.47850701220596,false
Person_5429,23,30.299655343547837,true
Person_5430,51,51.70836813438719,true
Person_5431,31,13.26206311564524,true
Person_5432,29,12.643996525071877,true
Person_5433,23,76.04278859687099,false
Person_5434,70,87.80777892103121,false
Person_5435,73,62.37217460983585,true
Person_5436,66,58.88555591471013,false
Person_5437,78,64.683727079601,true
Person_5438,54,74.71256084226968,true
Person_5439,63,79.13515727529308,false
Person_5440,20,91.55267783452307,false
Person_5441,22,77.21626002518045,true
Person_5442,19,50.900160598744314,false
Person_5443,76,83.67063715955804,false
Person_5444,35,79.44804566138517,false
Person_5445,70,88.67460978447963,true
Person_5446,34,56.049332249800784,true
Person_5447,55,6.553714438734604,true
Person_5448,36,15.279701530727408,false
Person_5449,70,97.8583959050356,false
Person_5450,63,22.257125341935936,true
Person_5451,62,29.92642316431009,true
Person_5452,54,31.72782831287153,true
Person_5453,75,83.42749556020033,false
Person_5454,74,25.322679030176975,false
Person_5455,40,41.88942810651599,false
Person_5456,50,96.33882318412847,true
Person_5457,58,67.5776843522704,true
Person_5458,29,11.116467502100736,false
Person_5459,65,20.925113845002798,false
Person_5460,27,31.731147752211996,false
Person_5461,41,73.51448594500476,true
Person_5462,76,17.622893061604938,true
Person_5463,59,0.9814192349061779,false
Person_5464,20,92.9934828708067,true
Person_5465,23,80.76912843373424,false
Person_5466,47,31.076590378042635,true
Person_5467,67,2.9254389626427124,true
Person_5468,18,79.08280317176623,false
Person_5469,50,77.84030256739955,false
Person_5470,55,70.35676734270619,false
Person_5471,74,51.93024106354941,true
Person_5472,33,6.109209500360125,false
Person_5473,52,70.57719101055548,true
Person_5474,39,79.68546831698447,true
Person_5475,35,65.07084131407271,true
Person_5476,50,44.15835502460875,true
Person_5477,79,68.46602406666206,true
Person_5478,34,2.1943088376098707,false
Person_5479,71,15.033468133451489,true
Person_5480,54,93.5506983335868,false
Person_5481,57,41.22488941784801,true
Person_5482,48,32.81812855354214,true
Person_5483,31,33.137925302081264,true
Person_5484,27,68.0581105015149,true
Person_5485,72,65.37232487727597,true
Person_5486,75,84.56405230438043,false
Person_5487,33,16.862185009752075,true
Person_5488,73,84.89281669641566,true
Person_5489,61,57.33669294461199,true
Person_5490,72,99.47612901771295,false
Person_5491,69,24.104649969942905,true
Person_5492,74,10.42973772568807,false
Person_5493,66,9.162339795630448,false
Person_5494,26,8.701827610860736,true
Person_5495,72,59.83008603412209,true
Person_5496,39,89.34190599577406,true
Person_5497,18,38.216700968877234,false
Person_5498,49,99.43291801976495,false
Person_5499,58,38.06380014185039,true
Person_5500,21,20.732502957851594,false
Person_5501,45,46.511642084985496,true
Person_5502,56,7.0625025736185005,true
Person_5503,27,16.967563759690897,false
Person_5504,27,22.44439689528064,false
Person_5505,80,86.59430762695047,false
Person_5506,35,42.18216399900925,false
Person_5507,30,17.975745754277295,true
Person_5508,46,22.012752960573668,true
Person_5509,28,62.83495753834188,false
Person_5510,22,9.781391901415294,true
Person_5511,22,79.01776361877354,true
Person_5512,46,15.322862665699999,false
Person_5513,73,34.88097181108509,true
Person_5514,32,30.504198212942825,true
Person_5515,61,67.58178491713176,true
Person_5516,34,19.626203127361574,true
Person_5517,56,64.97344051310567,true
Person_5518,80,76.32938832129477,false
Person_5519,68,17.00181397033753,false
Person_5520,33,54.444097833653906,false
Person_5521,63,17.169897602805396,true
Person_5522,28,46.48135328349423,false
Person_5523,31,64.67053737084471,false
Person_5524,46,15.35334792652938,false
Person_5525,77,88.07879526804886,true
Person_5526,27,68.48609732737316,true
Person_5527,49,15.847578246359017,false
Person_5528,43,47.031707760514074,true
Person_5529,36,23.115921179783516,false
Person_5530,42,67.56772084597891,false
Person_5531,78,54.717672329382935,false
Person_5532,57,5.929694839493105,false
Person_5533,32,6.591452692857802,true
Person_5534,70,85.35821940704801,false
Person_5535,34,42.1158572479851,false
Person_5536,67,55.71562072206066,true
Person_5537,65,70.13098104754776,true
Person_5538,39,37.901407906105774,true
Person_5539,40,22.824424466297664,false
Person_5540,69,0.13017395533678755,true
Person_5541,67,88.18198535283403,false
Person_5542,42,13.878458135382122,false
Person_5543,65,13.13089899976978,true
Person_5544,21,76.67499571811614,true
Person_5545,57,80.31820435701546,false
Person_5546,78,49.900846545238586,false
Person_5547,58,84.04510579722162,false
Person_5548,48,93.03727109646901,false
Person_5549,21,72.81740248278591,true
Person_5550,41,6.322800385540783,true
Person_5551,26,89.18860154954275,true
Person_5552,61,88.81855953167468,true
Person_5553,30,48.71803969324405,false
Person_5554,66,57.73621155691059,true
Person_5555,77,23.82579815248308,true
Person_5556,45,95.90759808464998,false
Person_5557,52,50.53059550591671,false
Person_5558,50,64.12871753693713,true
Person_5559,18,38.60974802918705,false
Person_5560,77,56.32572780743341,true
Person_5561,41,99.10948662152603,false
Person_5562,48,65.80772778518603,false
Person_5563,23,77.07531285634153,false
Person_5564,57,50.602379324950874,true
Person_5565,30,48.89174711431898,true
Person_5566,20,91.77966238417633,true
Person_5567,72,28.67956752736709,true
Person_5568,18,11.628098993804537,false
Person_5569,58,67.84389534945726,true
Person_5570,55,18.719440844047185,true
Person_5571,72,34.008269740871846,false
Person_5572,68,42.37339426828834,true
Person_5573,80,29.515354991729094,false
Person_5574,35,85.0889256934467,false
Person_5575,56,16.058943580076445,false
Person_5576,57,35.83522270030856,false
Person_5577,68,87.9209147344564,true
Person_5578,69,97.44257460445837,true
Person_5579,60,14.192792976575252,true
Person_5580,21,86.87984047686153,true
Person_5581,56,6.613269004148725,false
Person_5582,63,35.55625330791058,false
Person_5583,20,24.39660337818982,true
Person_5584,30,33.65346686843077,true
Person_5585,75,52.18284137234973,false
Person_5586,65,64.78913079680166,true
Person_5587,38,55.76726629199351,true
Person_5588,63,15.893921890975626,false
Person_5589,49,79.83780146279695,false
Person_5590,21,89.64489359813965,false
Person_5591,43,12.498065486347532,true
Person_5592,35,6.898123233532994,false
Person_5593,72,88.55372265112061,true
Person_5594,74,53.066477926029435,true
Person_5595,75,47.97384414617317,true
Person_5596,54,90.89069430138845,false
Person_5597,76,45.03559442674,false
Person_5598,57,88.66054830915934,false
Person_5599,38,43.14945285713512,true
Person_5600,49,29.858735084889567,false
Person_5601,39,55.46034189858542,false
Person_5602,69,26.037836923141622,false
Person_5603,32,77.51474017527426,true
Person_5604,77,34.28162126316573,false
Person_5605,66,94.0023738807851,true
Person_5606,27,52.30306495553185,true
Person_5607,36,59.78126887678689,true
Person_5608,60,18.99993368456251,false
Person_5609,34,55.789369379437815,true
Person_5610,54,70.67077029255793,false
Person_5611,51,24.935694954395238,true
Person_5612,51,93.19017058538287,true
Person_5613,66,0.7522484576783728,true
Person_5614,32,17.72312394715606,false
Person_5615,52,11.775101990718618,true
Person_5616,73,6.791046313199612,false
Person_5617,62,75.74812844520814,false
Person_5618,46,69.51522311697988,true
Person_5619,79,37.85457432850943,true
Person_5620,73,22.245795100708044,true
Person_5621,19,24.812255605462795,false
Person_5622,61,93.47523044281257,true
Person_5623,66,71.48268153435974,true
Person_5624,52,5.3114824673564875,false
Person_5625,47,78.18119604058384,false
Person_5626,61,88.51639343413346,true
Person_5627,25,67.05862690925085,false
Person_5628,56,16.074024667109434,false
Person_5629,67,51.528408446308795,true
Person_5630,61,60.47373939042902,false
Person_5631,43,11.65679187255776,false
Person_5632,34,42.83123987064933,true
Person_5633,43,12.54850031756025,true
Person_5634,79,74.87790376424964,false
Person_5635,53,6.006949025051123,true
Person_5636,59,22.856935608156135,true
Person_5637,74,62.88979246042488,true
Person_5638,73,47.240326823377124,true
Person_5639,36,56.563147314108534,false
Person_5640,74,41.164143049690374,false
Person_5641,23,73.23530242852532,false
Person_5642,40,6.058705748817483,true
Person_5643,57,64.94001324657616,false
Person_5644,20,69.08749953161092,false
Person_5645,32,37.38796098402253,false
Person_5646,54,76.23406032485424,true
Person_5647,53,23.385621993863094,false
Person_5648,68,60.616849756909964,true
Person_5649,72,84.80542949219702,false
Person_5650,37,63.0533975280706,false
Person_5651,80,81.64920767350851,false
Person_5652,26,77.48865325121011,false
Person_5653,45,8.550669017987788,false
Person_5654,51,99.82465901324495,false
Person_5655,39,18.05399593539061,true
Person_5656,73,46.715335391996845,true
Person_5657,66,21.050970521339806,true
Person_5658,44,70.68505859830441,true
Person_5659,43,67.64919560655724,false
Person_5660,57,74.95680862121952,false
Person_5661,43,6.324491448350633,true
Person_5662,52,44.356120230363835,false
Person_5663,48,43.49730427743679,false
Person_5664,19,46.3113975663631,false
Person_5665,23,79.7308167687929,true
Person_5666,61,99.46926015165495,false
Person_5667,77,38.61006814206739,false
Person_5668,19,59.319969107332845,false
Person_5669,37,7.124255285172287,false
Person_5670,25,60.37107208758996,true
Person_5671,52,99.2405598096606,true
Person_5672,66,1.7484236249722507,false
Person_5673,75,75.72888067193738,true
Person_5674,67,21.34932305644517,false
Person_5675,53,50.11939195056656,true
Person_5676,76,76.05187303011046,true
Person_5677,61,92.09091029493405,false
Person_5678,37,69.58911249406701,true
Person_5679,34,80.44497218383468,false
Person_5680,55,49.52918348099264,true
Person_5681,68,46.45656922176907,true
Person_5682,49,0.20323407699315288,true
Person_5683,68,46.45465272314293,false
Person_5684,24,89.96096381841339,false
Person_5685,25,88.02392771017286,true
Person_5686,60,18.003977611591694,true
Person_5687,60,14.453443162268053,false
Person_5688,53,36.398326863279394,false
Person_5689,70,90.16694764536294,true
Person_5690,62,32.95757259843622,true
Person_5691,38,27.08894622164355,true
Person_5692,37,21.21774823953999,true
Person_5693,51,51.05015227783811,true
Person_5694,57,50.85758433299357,false
Person_5695,24,44.92917955326177,false
Person_5696,32,23.441269400426958,true
Person_5697,38,88.0944999266309,true
Person_5698,22,87.22035166089326,false
Person_5699,27,55.323639543485584,false
Person_5700,67,53.899434148219186,false
Person_5701,72,43.39676797952695,true
Person_5702,74,92.39757149565364,true
Person_5703,44,34.44743130447379,false
Person_5704,20,46.49417895094628,true
Person_5705,66,76.12569158519243,false
Person_5706,36,77.37423435304939,false
Person_5707,77,64.0917873263793,false
Person_5708,65,79.25819424195247,false
Person_5709,73,27.754847856153564,false
Person_5710,75,56.11497062116935,true
Person_5711,79,28.043227103424016,true
Person_5712,34,59.209748041567835,true
Person_5713,47,48.567295369714735,false
Person_5714,58,84.71874680196751,true
Person_5715,70,63.1829566514727,true
Person_5716,78,6.608678417338442,false
Person_5717,55,43.27892364031164,true
Person_5718,59,49.83408663390508,false
Person_5719,50,45.72354126071776,true
Person_5720,68,68.76029922416816,false
Person_5721,55,65.00826748940608,true
Person_5722,63,37.242638916257405,true
Person_5723,37,93.8121619737203,true
Person_5724,57,36.68751966672513,false
Person_5725,36,6.923816886878765,false
Person_5726,76,45.87329174853701,false
Person_5727,23,9.252088516805667,false
Person_5728,66,76.55054475171322,true
Person_5729,23,43.293557692863835,true
Person_5730,63,93.0462148741808,false
Person_5731,30,63.44592306675211,false
Person_5732,79,71.34222413168422,false
Person_5733,40,66.83646778776632,true
Person_5734,80,37.243227480207366,true
Person_5735,19,11.207666547229955,true
Person_5736,64,61.34108745014834,true
Person_5737,31,76.01591192928538,true
Person_5738,43,65.3242793644197,true
Person_5739,52,2.466187684403287,false
Person_5740,52,96.84516483015464,true
Person_5741,26,50.15097480587458,false
Person_5742,28,37.479238486947565,false
Person_5743,46,76.85201566110004,false
Person_5744,59,35.07866047971846,true
Person_5745,43,78.99478441415965,true
Person_5746,47,91.40510394914408,true
Person_5747,63,18.300131949187215,true
Person_5748,30,92.53763182816314,false
Person_5749,52,61.384229220076115,true
Person_5750,37,97.09993835970778,true
Person_5751,47,57.268835618922374,false
Person_5752,55,28.483601206857976,true
Person_5753,62,58.96229790936695,false
Person_5754,57,80.1250901217773,true
Person_5755,33,42.93695372353934,true
Person_5756,33,5.741206116761832,false
Person_5757,40,9.828503677582557,true
Person_5758,61,15.671750286460728,false
Person_5759,24,71.30348999157722,false
Person_5760,64,72.71950782543033,true
Person_5761,71,54.738304688840444,true
Person_5762,30,83.54472640778016,false
Person_5763,51,82.6028195793253,true
Person_5764,59,83.29002892326793,true
Person_5765,57,79.7247145710172,true
Person_5766,55,49.115662945273954,true
Person_5767,49,78.91468418837624,true
Person_5768,45,11.047058169758806,true
Person_5769,51,90.03870701170014,true
Person_5770,42,72.0124051111211,true
Person_5771,59,6.479504943033443,false
Person_5772,35,23.792178869048907,false
Person_5773,44,35.49544502604114,false
Person_5774,22,76.20602389658521,false
Person_5775,27,17.93636380211313,false
Person_5776,38,51.37280634093507,false
Person_5777,70,56.3325950842983,false
Person_5778,49,34.26907901701179,false
Person_5779,43,74.42735901599366,false
Person_5780,49,5.7215765414170505,false
Person_5781,32,44.98441326347018,true
Person_5782,55,84.20004358247954,true
Person_5783,45,82.50406809743738,false
Person_5784,66,33.13007474599174,true
Person_5785,60,78.30726000182491,true
Person_5786,53,17.060039157827823,true
Person_5787,67,23.600950281161246,false
Person_5788,48,33.056419826863745,true
Person_5789,73,17.483372840857548,true
Person_5790,32,29.7753206915243,false
Person_5791,40,81.02471691080628,true
Person_5792,29,61.22887671106114,false
Person_5793,24,47.95293033826725,true
Person_5794,41,94.37785765372261,false
Person_5795,28,37.9517616906973,true
Person_5796,19,83.52989041647409,false
Person_5797,40,29.887080510879905,true
Person_5798,63,88.42674020524049,true
Person_5799,63,97.3472450889366,true
Person_5800,26,99.44602231798973,true
Person_5801,26,52.48107127112187,false
Person_5802,75,34.30689194647605,false
Person_5803,41,35.98300256254288,true
Person_5804,30,0.5749186005305384,true
Person_5805,40,52.13086358315382,true
Person_5806,47,69.62477633391579,false
Person_5807,18,23.3353839255265,false
Person_5808,66,31.769261710456618,true
Person_5809,49,75.36275671910559,true
Person_5810,72,23.347602874308038,false
Person_5811,55,69.50727068207317,true
Person_5812,76,24.074732541801215,true
Person_5813,70,3.900110133812973,true
Person_5814,59,72.62924092357669,true
Person_5815,62,67.30534093396871,false
Person_5816,39,83.12666366920062,true
Person_5817,36,57.01995404532837,false
Person_5818,58,52.603790852485844,true
Person_5819,60,13.114130030729987,true
Person_5820,52,59.457308404860164,true
Person_5821,57,83.83659463067484,true
Person_5822,59,46.686166400304664,true
Person_5823,52,51.05604980936362,true
Person_5824,25,66.55994795887673,true
Person_5825,49,6.246927762312482,false
Person_5826,35,72.09746249200167,true
Person_5827,64,59.56287544046188,true
Person_5828,80,84.86426655374179,false
Person_5829,45,33.12278219830229,false
Person_5830,41,21.27358855674354,true
Person_5831,21,12.081663361565331,true
Person_5832,49,6.34323222297567,false
Person_5833,80,14.622616018579803,true
Person_5834,65,73.3078126556716,true
Person_5835,73,33.69242655800823,false
Person_5836,70,52.67601809646034,false
Person_5837,43,44.469305908088394,false
Person_5838,76,79.71329736120337,true
Person_5839,73,27.08229418167901,true
Person_5840,64,36.66107156013372,true
Person_5841,19,72.58265736883797,true
Person_5842,55,14.978356483626776,true
Person_5843,60,20.301713097468653,true
Person_5844,21,45.448317390334545,true
Person_5845,77,48.93106222686271,true
Person_5846,66,71.81483482300956,false
Person_5847,19,70.73545975252962,true
Person_5848,71,25.03066041709008,true
Person_5849,46,41.585383651743946,true
Person_5850,50,10.600009783079035,false
Person_5851,79,25.312809071045272,false
Person_5852,53,35.309645838409345,true
Person_5853,18,25.781934750959266,true
Person_5854,30,27.852824478545244,false
Person_5855,39,48.66537913306702,true
Person_5856,39,0.3644149816459885,false
Person_5857,67,66.2586172739256,true
Person_5858,25,14.065343355300419,true
Person_5859,38,77.15639707434677,true
Person_5860,32,71.99684352872858,true
Person_5861,57,28.45530677159267,true
Person_5862,58,88.46957439733875,true
Person_5863,45,65.02608893195699,false
Person_5864,32,43.88815114996177,false
Person_5865,41,28.87257851348638,true
Person_5866,61,30.10214261219578,true
Person_5867,40,56.055907868427056,false
Person_5868,56,49.640254295155714,true
Person_5869,78,93.3245379060018,false
Person_5870,78,58.47559160592994,false
Person_5871,50,96.3724924492814,true
Person_5872,23,32.23794629031755,false
Person_5873,30,66.20449206980578,false
Person_5874,65,75.51078097257705,false
Person_5875,67,27.836047306173185,false
Person_5876,57,6.84070952949406,true
Person_5877,50,20.241230677766787,true
Person_5878,68,53.800131275270324,true
Person_5879,32,44.868165852870135,true
Person_5880,30,25.63888550532891,true
Person_5881,63,15.662499997957868,true
Person_5882,58,21.82148343541107,true
Person_5883,66,59.768727403692004,false
Person_5884,30,53.6354679999802,true
Person_5885,80,1.449793400299726,false
Person_5886,79,76.17684906794315,false
Person_5887,74,8.035693802106325,true
Person_5888,43,44.12855024827446,true
Person_5889,75,8.271942388415965,false
Person_5890,23,91.26279198475228,true
Person_5891,46,54.10498532436687,false
Person_5892,56,47.83100182681944,true
Person_5893,65,60.21665964027705,true
Person_5894,19,91.09812754408519,false
Person_5895,26,72.59685455111824,true
Person_5896,28,68.30322820997992,true
Person_5897,68,86.57206232365856,false
Person_5898,28,4.974817700929012,false
Person_5899,78,39.57250296674798,false
Person_5900,56,87.27538627412173,true
Person_5901,43,39.83374428756734,false
Person_5902,46,0.633340243428604,true
Person_5903,22,22.660984007504215,true
Person_5904,70,63.5646641249218,true
Person_5905,25,46.95097614765215,false
Person_5906,48,96.9028131011119,true
Person_5907,59,26.866542208635515,false
Person_5908,53,94.88988141175223,false
Person_5909,26,45.21990308569003,true
Person_5910,65,67.93353801941144,false
Person_5911,32,85.07443262273821,false
Person_5912,42,67.40231997180035,false
Person_5913,75,82.14938298993255,true
Person_5914,76,71.87497119334597,false
Person_5915,21,94.90388377037277,true
Person_5916,18,36.79972152250275,false
Person_5917,23,95.0532901225823,false
Person_5918,31,21.640526949807636,true
Person_5919,37,26.963807560608856,true
Person_5920,38,50.318761570985785,false
Person_5921,74,37.803105127974035,false
Person_5922,80,93.27941145302873,false
Person_5923,63,38.45210988546002,true
Person_5924,31,63.9587574956421,false
Person_5925,56,21.04455878079522,false
Person_5926,27,95.30690234792576,true
Person_5927,43,23.397148842298975,false
Person_5928,47,12.982232750331102,true
Person_5929,64,75.28190562538954,true
Person_5930,73,70.96179582334025,true
Person_5931,33,37.338091925400086,true
Person_5932,32,87.06827262949045,true
Person_5933,52,43.26254121413514,false
Person_5934,26,32.79712046223039,false
Person_5935,34,44.8522725638795,true
Person_5936,45,67.51489765259096,true
Person_5937,28,5.570763430214054,true
Person_5938,62,78.72436428043339,true
Person_5939,67,87.11324266422864,false
Person_5940,57,96.83583548801501,true
Person_5941,41,88.79997158223287,false
Person_5942,64,1.0934622688998585,false
Person_5943,33,89.45252411258001,true
Person_5944,60,3.2405718609695766,false
Person_5945,77,91.64968183034338,true
Person_5946,78,99.29319848543294,false
Person_5947,54,53.35558436184552,true
Person_5948,75,80.4604797254133,true
Person_5949,33,35.41610256846782,true
Person_5950,40,11.45680279813025,true
Person_5951,65,36.01026264205295,false
Person_5952,27,85.44087580025337,false
Person_5953,45,31.397898569420324,true
Person_5954,20,32.05799664640624,true
Person_5955,67,17.661716128544658,false
Person_5956,50,79.65430747173221,true
Person_5957,24,0.22697332220068533,false
Person_5958,76,78.53773583318045,false
Person_5959,80,44.55052940918554,false
Person_5960,62,97.19713892727732,true
Person_5961,33,69.57934328453332,true
Person_5962,41,81.41752038787514,true
Person_5963,53,89.6138610558575,true
Person_5964,77,5.921155738643535,false
Person_5965,78,79.17473642100232,false
Person_5966,62,2.8347267719379343,true
Person_5967,71,16.997698182181566,false
Person_5968,71,48.14657220781794,true
Person_5969,57,43.10762150873303,true
Person_5970,74,80.88101073402011,true
Person_5971,35,67.2838368665878,false
Person_5972,18,40.8589822944253,false
Person_5973,53,75.17120607040702,true
Person_5974,71,49.20064918543476,false
Person_5975,49,58.467989167083026,false
Person_5976,66,38.70719562106923,false
Person_5977,61,2.06549475391018,false
Person_5978,43,87.574049637342,true
Person_5979,41,24.28290997237996,true
Person_5980,61,44.861699878685954,true
Person_5981,45,91.60779523334992,true
Person_5982,52,51.182898998195334,false
Person_5983,24,98.30519758641992,true
Person_5984,71,59.999385885363154,false
Person_5985,72,43.465221477781014,false
Person_5986,71,20.20376150926707,false
Person_5987,67,4.28377255243737,false
Person_5988,68,62.20362854729133,false
Person_5989,42,0.3509221808334573,true
Person_5990,61,54.117635030658676,true
Person_5991,22,68.8988562632971,true
Person_5992,38,46.79399964302517,true
Person_5993,43,40.46729852943152,true
Person_5994,51,56.71439240411987,false
Person_5995,70,52.376337541346864,false
Person_5996,54,56.66150469475433,true
Person_5997,29,22.86582239096109,true
Person_5998,23,30.95338577318294,false
Person_5999,64,55.60484521285976,true
Person_6000,47,59.1638449737548,true
Person_6001,77,87.87590616931303,true
Person_6002,25,22.050833104799704,false
Person_6003,73,79.46753396547498,true
Person_6004,22,65.79377287576152,false
Person_6005,80,33.28718046233712,false
Person_6006,28,18.681064956606942,true
Person_6007,44,37.02582105687028,true
Person_6008,79,79.15299086707552,false
Person_6009,60,50.45979595509389,false
Person_6010,69,46.52514653206067,false
Person_6011,69,64.32369623591737,false
Person_6012,74,9.75766150903511,false
Person_6013,58,63.64671434812066,false
Person_6014,79,96.60184888916629,false
Person_6015,33,67.47454019557414,true
Person_6016,50,95.51060068205321,true
Person_6017,47,19.44539965293689,false
Person_6018,42,54.41106700574147,true
Person_6019,34,71.059333387526,true
Person_6020,60,0.3113328017478323,true
Person_6021,20,89.97917270709614,true
Person_6022,29,52.93809168035422,false
Person_6023,35,17.004327819385377,false
Person_6024,65,68.66147671564397,true
Person_6025,57,4.8998693273972,true
Person_6026,47,64.58056904363366,false
Person_6027,51,3.254528403842738,false
Person_6028,69,97.22003536724166,false
Person_6029,25,36.03762309897567,true
Person_6030,40,40.771551530969795,true
Person_6031,34,18.59660285936866,false
Person_6032,50,90.37879743623323,false
Person_6033,22,19.538836144420102,false
Person_6034,39,13.356052315942858,false
Person_6035,27,64.63169448843614,false
Person_6036,21,46.68344236110736,true
Person_6037,62,75.50836003973224,true
Person_6038,59,96.73046660085026,true
Person_6039,33,93.77395813623683,false
Person_6040,33,20.920863226181176,true
Person_6041,18,68.25047680047649,true
Person_6042,46,76.0254423781287,false
Person_6043,19,83.11597998307185,true
Person_6044,65,51.426538568434054,true
Person_6045,48,2.1443185596594305,false
Person_6046,52,61.33415641895158,true
Person_6047,69,57.744342521050186,false
Person_6048,56,88.19072764034698,true
Person_6049,77,94.22854479771954,true
Person_6050,43,1.0145086488460353,false
Person_6051,21,17.527034227978145,true
Person_6052,26,97.69208733534812,false
Person_6053,46,29.984378387043765,true
Person_6054,20,91.25993910037454,true
Person_6055,33,90.17378536750851,false
Person_6056,31,48.414636901722965,true
Person_6057,28,40.010075111094935,false
Person_6058,47,50.828144766361085,true
Person_6059,68,82.00257807852361,false
Person_6060,28,12.189017672130076,true
Person_6061,58,24.735563199967903,false
Person_6062,33,55.30938914606356,false
Person_6063,34,38.96270520857984,true
Person_6064,50,41.9492073097542,false
Person_6065,61,58.81626227365769,false
Person_6066,29,6.087565382982952,false
Person_6067,53,60.53562353751813,true
Person_6068,59,74.3354464044673,true
Person_6069,54,3.1723427248879776,false
Person_6070,33,92.05064240768104,true
Person_6071,59,14.204977215031944,true
Person_6072,63,89.79889519232093,true
Person_6073,43,80.2628727827587,false
Person_6074,27,93.48572773973561,true
Person_6075,37,80.60159996290476,true
Person_6076,21,7.151200460459995,true
Person_6077,77,37.24917096699316,false
Person_6078,69,39.57987698710248,false
Person_6079,45,75.01879612486681,true
Person_6080,64,14.716304023017502,false
Person_6081,70,46.33572752724267,true
Person_6082,26,79.2737698060714,true
Person_6083,23,83.98047131362219,true
Person_6084,37,73.7487969712282,false
Person_6085,20,67.91359246987692,false
Person_6086,79,4.883098954443199,true
Person_6087,26,11.648533927308957,true
Person_6088,66,93.67317628823052,false
Person_6089,41,54.87040424435489,false
Person_6090,69,52.37954965887792,false
Person_6091,20,36.595311293467745,false
Person_6092,59,62.52814016957794,false
Person_6093,44,4.550989538957229,true
Person_6094,28,93.18807960657138,true
Person_6095,28,18.666077868944154,false
Person_6096,22,85.22683333200136,false
Person_6097,25,27.321179285160536,true
Person_6098,43,67.64812021084164,true
Person_6099,47,95.74179937597127,true
Person_6100,43,91.64072595537941,true
Person_6101,39,42.51108611054166,false
Person_6102,61,14.71894200155911,false
Person_6103,38,50.23350425806785,false
Person_6104,34,23.76283444084808,true
Person_6105,56,4.17672029126156,true
Person_6106,23,19.53433204180961,false
Person_6107,80,49.28385412051891,false
Person_6108,74,29.440395535446985,true
Person_6109,33,39.647780228068676,true
Person_6110,74,9.710948402250974,true
Person_6111,63,65.06444350688147,true
Person_6112,21,42.08578749873697,false
Person_6113,60,84.56632479498776,true
Person_6114,44,30.842388655326538,true
Person_6115,73,12.269691293942909,false
Person_6116,42,26.064672755916273,false
Person_6117,69,76.11371246871057,false
Person_6118,72,73.77791902089783,true
Person_6119,41,30.359833335711873,true
Person_6120,45,63.67339814337119,true
Person_6121,72,4.243197524839159,false
Person_6122,33,66.90346193452655,true
Person_6123,58,83.88790232467231,false
Person_6124,32,91.60251875242844,true
Person_6125,74,2.888446873902617,true
Person_6126,78,40.922207991107605,false
Person_6127,63,77.67578817756092,false
Person_6128,57,3.388390534260921,true
Person_6129,60,58.88769967920358,false
Person_6130,55,16.556775267706758,false
Person_6131,72,8.832835506875913,false
Person_6132,36,91.86115611838605,false
Person_6133,20,68.94290411695584,false
Person_6134,68,49.705871799889955,false
Person_6135,60,73.18438108328145,false
Person_6136,72,77.81740968267849,false
Person_6137,19,97.25697464128982,false
Person_6138,66,48.050775710046715,false
Person_6139,56,89.4012268150272,true
Person_6140,26,54.21219856818363,true
Person_6141,49,23.920597440844027,true
Person_6142,55,84.40875279887233,true
Person_6143,36,5.164855512689092,false
Person_6144,60,37.465753634465095,false
Person_6145,49,27.023185372074455,false
Person_6146,24,67.18568721888609,false
Person_6147,71,23.12258715046427,true
Person_6148,80,83.5989481945511,false
Person_6149,43,21.00028126732304,false
Person_6150,75,76.79347175946589,false
Person_6151,65,1.0037755888216315,false
Person_6152,59,41.35726161852222,false
Person_6153,62,38.99866116183173,false
Person_6154,19,87.37581381748896,true
Person_6155,62,25.6760251229042,true
Person_6156,42,33.2569009902182,false
Person_6157,74,5.171905530729049,true
Person_6158,49,34.15368863309036,true
Person_6159,25,24.330599058282576,false
Person_6160,51,63.43378004857196,false
Person_6161,60,9.919674153581514,false
Person_6162,56,45.629278979911994,true
Person_6163,23,95.1131563296926,false
Person_6164,31,4.278961364035972,true
Person_6165,58,29.378253534736864,false
Person_6166,51,20.192072250076265,true
Person_6167,25,2.2817018430258074,false
Person_6168,40,98.31839075685723,false
Person_6169,49,33.17876439234462,false
Person_6170,77,9.91866823839892,false
Person_6171,73,47.43807677205814,false
Person_6172,45,5.130868030315705,true
Person_6173,41,38.38279450552855,true
Person_6174,32,79.09426748141814,false
Person_6175,47,59.92873273015533,true
Person_6176,66,6.3681946650606225,true
Person_6177,50,80.24263755370137,false
Person_6178,35,60.08209944771966,true
Person_6179,38,34.68449657384001,true
Person_6180,28,7.31689909636315,true
Person_6181,52,85.37001093631766,true
Person_6182,42,81.12724507605297,false
Person_6183,26,62.14327525748886,true
Person_6184,44,42.08885545799056,true
Person_6185,42,77.13158372847505,false
Person_6186,46,32.763458338355655,false
Person_6187,28,10.020617341524229,false
Person_6188,33,7.059920579463141,false
Person_6189,55,66.84651174750117,true
Person_6190,69,14.125365259187994,false
Person_6191,28,5.45593525344239,false
Person_6192,46,90.1221756692573,true
Person_6193,36,56.856450138960156,true
Person_6194,25,51.179841414268765,true
Person_6195,33,23.20075741736173,false
Person_6196,50,66.55960714772777,false
Person_6197,28,36.84541303048531,true
Person_6198,36,0.9188231458054252,false
Person_6199,60,79.69487426696331,false
Person_6200,35,85.19541621289358,false
Person_6201,66,66.7512550401356,false
Person_6202,33,76.32792000825916,true
Person_6203,59,55.0142557385133,true
Person_6204,22,30.841932504124713,false
Person_6205,73,43.93587953758292,false
Person_6206,70,25.200813451542547,false
Person_6207,73,51.870958984792956,false
Person_6208,72,11.962556220393362,false
Person_6209,32,0.7079756854072028,false
Person_6210,27,91.31453932395588,false
Person_6211,76,75.0427990871191,true
Person_6212,67,3.877253633962141,true
Person_6213,22,57.99525936884977,true
Person_6214,74,74.61840185942874,false
Person_6215,22,63.894409900340634,false
Person_6216,77,91.44037274438045,false
Person_6217,60,38.54685004229081,false
Person_6218,18,9.2118272116277,true
Person_6219,66,18.822820566541033,false
Person_6220,42,35.1181417449181,true
Person_6221,78,81.05759022584212,true
Person_6222,32,81.22655641675556,false
Person_6223,26,4.834309875879594,true
Person_6224,61,72.67370019125948,true
Person_6225,27,81.72943403356537,false
Person_6226,73,15.20942068827501,true
Person_6227,53,42.88066726646622,false
Person_6228,27,97.9189446575909,true
Person_6229,30,27.71130900877804,false
Person_6230,64,17.242246454903032,false
Person_6231,67,74.94731857048068,false
Person_6232,75,69.34606754184412,true
Person_6233,50,58.118393396261006,false
Person_6234,40,17.472751065810055,true
Person_6235,62,68.54619080123923,false
Person_6236,50,27.999603369043633,false
Person_6237,67,69.91932582103789,true
Person_6238,27,52.022026938889496,false
Person_6239,24,83.97323441045172,false
Person_6240,47,54.454362292717185,true
Person_6241,68,3.234247832394044,true
Person_6242,47,21.60100079051085,true
Person_6243,76,41.35625199143922,false
Person_6244,70,88.27980045921298,true
Person_6245,29,97.24722656658969,false
Person_6246,18,21.23632241765183,false
Person_6247,35,46.48817056286254,false
Person_6248,22,64.37112499781193,true
Person_6249,60,26.631666021955212,true
Person_6250,53,97.998625292207,false
Person_6251,65,41.582347548624284,false
Person_6252,76,12.993849318316775,true
Person_6253,25,65.41701096539181,true
Person_6254,57,3.36975549510955,true
Person_6255,41,87.28046073883398,true
Person_6256,32,72.8589457536679,false
Person_6257,36,63.76273223687154,false
Person_6258,24,48.50354411455756,true
Person_6259,52,19.625690224420154,false
Person_6260,61,80.44537985679564,true
Person_6261,46,77.61320948521775,true
Person_6262,62,75.01641071291847,false
Person_6263,65,68.64093514368628,true
Person_6264,38,82.86391955547437,false
Person_6265,28,94.66490431466816,false
Person_6266,18,10.823555743132474,false
Person_6267,66,49.69681632744718,false
Person_6268,80,84.80534084442328,true
Person_6269,24,47.830252178761626,false
Person_6270,54,87.8034247480967,true
Person_6271,24,41.82603634491435,false
Person_6272,45,98.37884264255732,false
Person_6273,39,79.14513301371963,true
Person_6274,51,1.6540184678789704,true
Person_6275,77,90.54507774619374,false
Person_6276,68,49.27398740060539,true
Person_6277,69,35.09211562671395,false
Person_6278,60,81.05664701331571,false
Person_6279,78,96.21243243916109,true
Person_6280,42,80.58502913909588,true
Person_6281,47,38.91369787858407,true
Person_6282,72,21.85456565324869,false
Person_6283,72,93.0515985801265,true
Person_6284,35,41.90373199172572,false
Person_6285,38,94.37563727148672,false
Person_6286,71,47.743309924618835,true
Person_6287,21,33.783673058100185,true
Person_6288,78,9.783641591866587,false
Person_6289,50,76.77655199970148,true
Person_6290,19,23.89779884683707,false
Person_6291,19,19.200908509297186,true
Person_6292,39,28.392426854795104,true
Person_6293,31,1.8313725050937646,true
Person_6294,56,85.1228622793694,true
Person_6295,41,27.05080418814516,false
Person_6296,19,70.74586733277609,true
Person_6297,73,13.123412939055578,true
Person_6298,28,31.012986402238763,false
Person_6299,59,67.12742838497363,false
Person_6300,31,73.54806417209754,false
Person_6301,36,47.43157347037668,false
Person_6302,33,1.4483048428772793,false
Person_6303,57,12.18155733868026,false
Person_6304,26,91.075528750696,true
Person_6305,24,89.9907291642997,true
Person_6306,52,0.7120986995767131,true
Person_6307,40,16.365449199915073,false
Person_6308,75,76.42917782123621,true
Person_6309,24,73.55976873125287,false
Person_6310,72,68.40330752030678,false
Person_6311,30,80.15796415971525,true
Person_6312,37,89.16598508888934,true
Person_6313,58,86.97809589118658,true
Person_6314,66,16.883211525793318,false
Person_6315,20,33.9779215252011,true
Person_6316,60,29.88831976525994,false
Person_6317,29,77.14111554325159,true
Person_6318,20,43.14019844733774,false
Person_6319,74,45.967862886662246,true
Person_6320,61,58.57961493473233,false
Person_6321,33,40.3433324204155,true
Person_6322,72,25.44125343482121,false
Person_6323,66,67.70367364143642,true
Person_6324,25,28.160127044561932,true
Person_6325,51,41.32037693537708,false
Person_6326,45,76.55686986893842,true
Person_6327,79,42.72513157455619,true
Person_6328,56,67.11213830089547,true
Person_6329,65,63.964386502085915,false
Person_6330,46,90.72884794112414,false
Person_6331,51,14.109350710705272,false
Person_6332,28,97.26749088015427,false
Person_6333,63,78.47654120090247,false
Person_6334,56,72.84860078864115,false
Person_6335,19,72.86894350043973,false
Person_6336,53,12.058707986424677,true
Person_6337,49,39.91343419679541,false
Person_6338,59,93.0923730365218,true
Person_6339,52,88.12627950723505,true
Person_6340,74,11.100721955503555,true
Person_6341,38,28.465849239296826,true
Person_6342,30,42.99843637776415,false
Person_6343,42,82.24922943336918,true
Person_6344,75,15.34279513561625,false
Person_6345,65,35.47260911060328,true
Person_6346,35,77.41681629210014,true
Person_6347,71,15.561478284388496,false
Person_6348,70,43.50511739708346,false
Person_6349,53,12.73061838593218,true
Person_6350,75,45.12716679375792,false
Person_6351,30,53.35428827047946,false
Person_6352,69,15.15596759584158,true
Person_6353,23,52.30524354266821,false
Person_6354,54,3.1954006135480273,true
Person_6355,19,38.77264419157815,false
Person_6356,33,64.40296460892027,true
Person_6357,32,83.5516846667702,false
Person_6358,66,39.567714616461316,false
Person_6359,63,50.08442224725541,false
Person_6360,71,20.901783276832088,true
Person_6361,73,62.36195781099112,true
Person_6362,44,42.892133813510924,true
Person_6363,43,11.634772050319242,false
Person_6364,39,92.0694715491905,true
Person_6365,45,97.39318479613561,true
Person_6366,34,52.29420426114368,false
Person_6367,39,62.682205161875714,true
Person_6368,48,37.9931505434357,true
Person_6369,65,28.851872604411575,false
Person_6370,33,82.54331306232365,false
Person_6371,53,61.39962807564658,true
Person_6372,32,53.97953154235628,false
Person_6373,38,20.655630353254672,true
Person_6374,75,30.522014926919184,false
Person_6375,51,93.69526796375517,true
Person_6376,34,63.16375134065194,false
Person_6377,35,69.5454491586554,true
Person_6378,69,89.60936184417568,true
Person_6379,30,7.83440925949953,true
Person_6380,47,55.16375918374538,true
Person_6381,40,39.05672404598429,false
Person_6382,21,64.06377340184777,false
Person_6383,47,44.041673395160096,false
Person_6384,25,4.5529814433530325,true
Person_6385,58,73.86575232801621,true
Person_6386,51,71.69716633980315,false
Person_6387,41,80.1875237310798,false
Person_6388,27,21.33281745344826,false
Person_6389,25,0.2655654384467354,true
Person_6390,72,25.343868694665737,false
Person_6391,39,46.958430740346046,true
Person_6392,37,9.140272630549017,false
Person_6393,29,77.73598419299832,false
Person_6394,31,76.58183934090407,true
Person_6395,45,40.85968311064943,true
Person_6396,56,48.329258075389205,false
Person_6397,58,21.934320659396768,true
Person_6398,62,39.55313269424722,false
Person_6399,65,41.17617643711424,false
Person_6400,55,25.17771157616758,false
Person_6401,42,44.15717085494693,true
Person_6402,42,0.0076274923444197285,false
Person_6403,78,32.04326605745314,true
Person_6404,73,86.23843258991832,true
Person_6405,70,6.993287921151714,true
Person_6406,26,40.42110428959897,true
Person_6407,37,56.67736274321131,true
Person_6408,55,75.66685721633387,false
Person_6409,25,15.69583000272271,false
Person_6410,74,93.51354628612316,false
Person_6411,19,68.4820739829726,false
Person_6412,52,31.097976617965607,true
Person_6413,61,64.18842984045772,false
Person_6414,50,29.508271082870785,false
Person_6415,62,47.9235287723809,true
Person_6416,27,69.99658048827362,false
Person_6417,61,21.686663407108554,false
Person_6418,35,23.27816409434975,false
Person_6419,65,25.116904789327123,false
Person_6420,68,81.924393379819,true
Person_6421,29,91.47331732584453,true
Person_6422,77,73.2528840968605,false
Person_6423,70,14.11576314273204,false
Person_6424,40,25.863634039625893,true
Person_6425,78,34.87196815808318,false
Person_6426,67,38.67352617777793,true
Person_6427,70,59.63023359607597,true
Person_6428,45,63.041700162797866,false
Person_6429,71,64.07561822662156,true
Person_6430,62,99.7593897000851,false
Person_6431,50,7.097470237850889,false
Person_6432,23,49.60805232279819,true
Person_6433,72,85.88492112170115,false
Person_6434,70,94.54004131687448,false
Person_6435,66,80.60196104061578,false
Person_6436,23,69.23840281469563,false
Person_6437,61,49.269778113885344,false
Person_6438,76,23.698280021769424,true
Person_6439,35,34.62375088062784,true
Person_6440,49,9.397772235307677,true
Person_6441,35,29.947843121970973,true
Person_6442,20,6.1344997235698635,false
Person_6443,69,83.72372102530022,false
Person_6444,69,81.13258131236101,true
Person_6445,20,87.38739125581317,false
Person_6446,20,89.33575663907715,true
Person_6447,30,73.9285098197663,false
Person_6448,47,84.48056610744958,false
Person_6449,70,45.72960262392496,true
Person_6450,32,7.779382510427291,false
Person_6451,41,82.05842872127592,false
Person_6452,74,51.905965705358206,false
Person_6453,47,19.713857053383244,false
Person_6454,34,42.39521012683252,true
Person_6455,36,11.971692896678555,true
Person_6456,25,77.95025281483649,false
Person_6457,33,23.396795665385618,true
Person_6458,49,20.758884934527778,true
Person_6459,47,36.95612216513363,false
Person_6460,45,59.460774398527946,false
Person_6461,55,3.9478535579897,true
Person_6462,44,91.84650238747439,false
Person_6463,62,47.87971629142687,true
Person_6464,55,23.587900939355666,false
Person_6465,75,97.98028974729677,true
Person_6466,36,31.631883307600106,true
Person_6467,60,19.477457218236506,true
Person_6468,57,98.53289992677082,true
Person_6469,28,42.19110803229832,true
Person_6470,35,72.93890726721986,false
Person_6471,72,45.53273332634201,false
Person_6472,44,26.394346578563322,true
Person_6473,67,25.093897047451108,false
Person_6474,71,19.738230310249506,false
Person_6475,74,68.89085244702959,false
Person_6476,35,82.13147040292435,false
Person_6477,45,33.9308347118203,false
Person_6478,52,85.54726600162739,true
Person_6479,39,69.90830136872896,false
Person_6480,52,45.53904736703114,false
Person_6481,44,74.10458512632495,false
Person_6482,24,17.351193831524515,true
Person_6483,75,10.007895803286814,true
Person_6484,32,46.02734787552812,false
Person_6485,52,88.98196164814958,true
Person_6486,75,5.628737781857995,false
Person_6487,19,76.74557328781925,true
Person_6488,21,42.047566364935854,false
Person_6489,69,88.29119640485035,true
Person_6490,75,10.456831156368274,true
Person_6491,61,66.84318502767414,true
Person_6492,53,68.86220362583131,false
Person_6493,71,6.952982481781622,true
Person_6494,18,19.166934240800725,true
Person_6495,64,66.18446565587033,false
Person_6496,23,57.57757898243724,true
Person_6497,75,98.11215725533812,false
Person_6498,22,70.81604479055108,false
Person_6499,64,31.8808526044702,true
Person_6500,71,26.04475715160427,false
Person_6501,33,31.858224982071846,true
Person_6502,69,12.612460740393283,true
Person_6503,73,86.77744010765429,false
Person_6504,25,54.49108990749371,true
Person_6505,59,74.956153686847,true
Person_6506,79,71.21397200093014,false
Person_6507,49,7.585353994127397,true
Person_6508,23,42.75345905157024,false
Person_6509,44,28.77736412735764,false
Person_6510,46,36.46545426208748,false
Person_6511,42,6.151971136857171,false
Person_6512,80,52.19294648490095,false
Person_6513,56,26.55122964789498,false
Person_6514,38,29.872869213907027,false
Person_6515,47,79.03722875301688,true
Person_6516,80,86.46429437664105,false
Person_6517,40,21.81201384096576,true
Person_6518,47,92.95887361156286,false
Person_6519,54,20.20817404336508,false
Person_6520,57,61.94284865791965,true
Person_6521,49,58.37164677175881,true
Person_6522,30,3.140017113938842,true
Person_6523,74,57.25412684515404,false
Person_6524,56,29.197245557919484,false
Person_6525,59,81.42735088481818,true
Person_6526,59,38.09308224081024,false
Person_6527,61,16.519225424501805,false
Person_6528,70,96.44340039565024,true
Person_6529,78,26.487679102064487,false
Person_6530,34,17.876180304430235,false
Person_6531,65,10.108158133648114,true
Person_6532,28,63.261758177244,true
Person_6533,18,30.344750164373856,true
Person_6534,77,87.32267788295928,false
Person_6535,54,69.6533304822481,true
Person_6536,67,50.00769950509846,true
Person_6537,29,81.47915186732197,true
Person_6538,23,29.79330738397624,false
Person_6539,48,31.066866353108857,true
Person_6540,44,36.42595415799691,true
Person_6541,49,9.81762463067738,true
Person_6542,71,76.3263591913864,true
Person_6543,44,48.640352545281814,true
Person_6544,50,86.9092917524468,true
Person_6545,73,22.808559883545865,false
Person_6546,31,87.30796715051768,true
Person_6547,34,98.6908117349612,false
Person_6548,26,98.33977339133756,false
Person_6549,61,38.77316010352326,true
Person_6550,62,60.87922902948544,false
Person_6551,27,49.24532901038021,false
Person_6552,38,28.8062785253974,false
Person_6553,33,46.3014922126332,true
Person_6554,33,63.50060092171121,true
Person_6555,30,29.416734583372197,true
Person_6556,28,31.894071983018012,false
Person_6557,19,84.80380253726607,false
Person_6558,25,7.62609477345827,true
Person_6559,67,52.273274351527746,false
Person_6560,76,32.625025166045674,true
Person_6561,58,8.561642563720874,false
Person_6562,59,68.05001490869842,false
Person_6563,52,17.88122345592923,false
Person_6564,55,32.31087511447169,false
Person_6565,31,49.93578233005661,true
Person_6566,41,4.632251294665801,true
Person_6567,24,75.99382198561067,false
Person_6568,28,14.844475213890796,false
Person_6569,73,74.15245486018065,true
Person_6570,54,95.25877215495075,true
Person_6571,32,52.18459452713831,false
Person_6572,48,17.546497286750864,false
Person_6573,53,93.18902327962473,true
Person_6574,29,11.443818866661303,false
Person_6575,51,64.2000004472879,true
Person_6576,78,97.32100172699595,true
Person_6577,54,17.275605514869874,true
Person_6578,66,41.398419100313134,false
Person_6579,75,40.687772404453185,false
Person_6580,59,11.813833844654198,true
Person_6581,74,93.74263956013117,true
Person_6582,69,24.05176938576433,true
Person_6583,34,66.37095173289336,true
Person_6584,45,15.33643272437093,true
Person_6585,57,96.56047962247895,false
Person_6586,40,28.66153981448959,true
Person_6587,41,55.102601502496306,true
Person_6588,44,88.30903731179593,false
Person_6589,51,71.8214496374901,true
Person_6590,63,49.39170594215271,false
Person_6591,52,52.48999554449235,true
Person_6592,36,23.006656021969608,true
Person_6593,46,87.70425488303593,false
Person_6594,78,10.872781367778906,false
Person_6595,27,99.45402889816859,false
Person_6596,79,50.41010080335393,true
Person_6597,27,98.12421918771774,false
Person_6598,64,45.3199803731537,false
Person_6599,22,98.5396338744086,true
Person_6600,49,94.85495662799613,false
Person_6601,77,83.92477297250069,false
Person_6602,20,53.10350818534696,true
Person_6603,25,4.720524237013879,true
Person_6604,48,88.49867211434128,true
Person_6605,40,70.04403769251752,false
Person_6606,29,65.83696442173745,true
Person_6607,74,14.249325821483449,false
Person_6608,74,78.5131942868034,true
Person_6609,62,60.22795960688481,true
Person_6610,49,93.10238020843275,false
Person_6611,65,97.45489162635002,true
Person_6612,46,23.985751027387025,false
Person_6613,54,67.07420782535097,true
Person_6614,36,43.75478188176242,false
Person_6615,22,11.511666720710922,false
Person_6616,57,50.47371501201398,false
Person_6617,61,31.831746089669466,false
Person_6618,31,29.996548540335855,true
Person_6619,38,42.886351503662645,true
Person_6620,19,43.96711204495739,false
Person_6621,28,82.84506015380269,true
Person_6622,76,46.632587960723924,true
Person_6623,66,13.40493774326248,true
Person_6624,25,3.2822767661608188,true
Person_6625,33,92.45261682796323,false
Person_6626,33,43.902828002420414,false
Person_6627,33,65.40088461904153,false
Person_6628,73,86.96657880433698,true
Person_6629,51,0.6265695208310773,true
Person_6630,56,98.59592510626358,false
Person_6631,18,36.11640698194088,false
Person_6632,68,42.392627773041234,true
Person_6633,29,66.60024708279211,false
Person_6634,68,1.6793835064102702,true
Person_6635,34,82.84194866612728,true
Person_6636,40,45.756983199950575,false
Person_6637,60,13.80800888539515,true
Person_6638,56,26.192106654704883,true
Person_6639,50,43.18435166797235,true
Person_6640,26,14.249878585350684,true
Person_6641,29,91.81870945284058,true
Person_6642,45,75.60243856350556,true
Person_6643,58,95.58386891163563,false
Person_6644,50,53.46914392946156,false
Person_6645,64,31.39309486164207,true
Person_6646,79,46.28015807222712,true
Person_6647,60,43.98051720198267,false
Person_6648,37,92.21013944081116,false
Person_6649,64,46.066860619977824,true
Person_6650,48,15.608081253053774,true
Person_6651,50,55.41332492603848,true
Person_6652,71,61.92907514735333,true
Person_6653,69,86.20903301792117,false
Person_6654,53,72.27803239853485,true
Person_6655,61,36.7965913605518,true
Person_6656,25,30.2915985484577,false
Person_6657,30,49.1766479309675,true
Person_6658,39,63.93534558009033,true
Person_6659,80,13.679404041437227,false
Person_6660,70,36.49747222174046,true
Person_6661,57,72.55540116277392,false
Person_6662,67,57.71096040742635,true
Person_6663,39,54.56910828758165,true
Person_6664,67,11.239495812987165,true
Person_6665,52,98.62502604232893,true
Person_6666,27,48.71662265001989,false
Person_6667,50,70.07404045473055,true
Person_6668,80,31.206185775100227,false
Person_6669,56,55.84835502035052,true
Person_6670,18,61.0940355429077,true
Person_6671,34,90.40694160488461,false
Person_6672,24,76.5297986589497,true
Person_6673,72,58.0336942157766,true
Person_6674,49,21.9665398454,false
Person_6675,40,82.61204164371169,true
Person_6676,46,52.900757165632065,true
Person_6677,46,26.158261582611974,true
Person_6678,20,82.1767540215238,false
Person_6679,70,27.435629243744042,false
Person_6680,59,49.28543096617444,false
Person_6681,42,32.77775608065938,false
Person_6682,75,27.979809153051594,true
Person_6683,76,49.36520313337529,false
Person_6684,70,95.76992148822907,false
Person_6685,27,72.94856587328822,false
Person_6686,70,85.06870621147569,true
Person_6687,33,39.21770474781212,false
Person_6688,78,93.69995981497284,false
Person_6689,31,36.86998763296134,true
Person_6690,30,67.47902838016644,true
Person_6691,70,76.22286849413845,true
Person_6692,68,76.84330820296769,true
Person_6693,51,84.04559553881545,false
Person_6694,72,77.9182589639414,true
Person_6695,57,96.78350951448698,false
Person_6696,66,25.478601802329525,false
Person_6697,22,46.64397023788077,true
Person_6698,62,1.3193404480135396,false
Person_6699,63,41.103999164277624,true
Person_6700,60,10.485006006628538,false
Person_6701,36,51.53198307353151,false
Person_6702,36,5.179993836306307,true
Person_6703,65,47.06836328107787,false
Person_6704,37,53.512962048192804,false
Person_6705,38,77.47929033668771,true
Person_6706,77,31.84706418414651,false
Person_6707,77,85.73347009609623,true
Person_6708,45,82.54325612500804,false
Person_6709,34,76.40197643877457,true
Person_6710,39,94.08304705044559,true
Person_6711,57,69.17875561636029,false
Person_6712,36,84.96309136400444,true
Person_6713,67,57.988351599464806,true
Person_6714,42,38.95992103526746,false
Person_6715,79,9.477082372893653,false
Person_6716,58,26.198578155258456,true
Person_6717,31,8.955740764750864,true
Person_6718,24,49.640825483951126,false
Person_6719,33,24.50064454796084,true
Person_6720,27,85.73587266139937,true
Person_6721,38,94.09085684461954,true
Person_6722,65,86.56011326291147,true
Person_6723,70,23.567364259594992,true
Person_6724,30,60.527673098316505,false
Person_6725,50,76.52452900267755,false
Person_6726,51,75.60273743357283,false
Person_6727,35,52.85214908976198,true
Person_6728,43,35.06527207216214,false
Person_6729,35,72.51351477529977,false
Person_6730,27,37.26724163185132,true
Person_6731,41,84.4204383412294,true
Person_6732,63,58.07860819096422,false
Person_6733,59,98.3671673334816,false
Person_6734,45,32.786658238964186,false
Person_6735,43,44.14211373933128,true
Person_6736,51,7.871602608398776,true
Person_6737,71,38.318756633132956,true
Person_6738,62,47.860871044806196,false
Person_6739,39,68.08111687050256,true
Person_6740,32,62.472219384630364,true
Person_6741,56,6.508277966121556,false
Person_6742,26,60.000077592332524,false
Person_6743,53,73.62065320185415,false
Person_6744,68,72.95367123848735,false
Person_6745,56,77.490879281219,false
Person_6746,59,70.30214703402186,true
Person_6747,60,37.955954821506964,false
Person_6748,79,81.11894828571451,false
Person_6749,18,39.93293190068135,false
Person_6750,29,55.883358249667644,true
Person_6751,78,57.101173392198824,true
Person_6752,80,4.5790229466022625,false
Person_6753,43,33.85305623295043,false
Person_6754,57,83.99540086710051,false
Person_6755,21,2.9711962902692957,true
Person_6756,24,58.77492641873009,false
Person_6757,77,55.32165225262706,true
Person_6758,44,6.748098303926597,false
Person_6759,61,64.2483705588568,true
Person_6760,55,14.403680173979394,false
Person_6761,27,0.8611009458397767,false
Person_6762,66,38.651074281178545,true
Person_6763,59,25.18637281052756,false
Person_6764,59,44.53926924226852,false
Person_6765,65,59.13023201137708,false
Person_6766,46,82.81941025982043,true
Person_6767,28,22.966148455643488,true
Person_6768,47,46.79688460131732,false
Person_6769,52,30.705910551791217,true
Person_6770,66,38.59631443252655,false
Person_6771,74,56.07142056959117,false
Person_6772,33,86.09725421787243,false
Person_6773,24,43.958325434500686,false
Person_6774,45,31.527498437752943,false
Person_6775,70,11.501072692295743,false
Person_6776,54,86.84414245729342,false
Person_6777,70,89.59694099662126,false
Person_6778,22,39.098533149786505,true
Person_6779,52,93.93275396119336,true
Person_6780,76,24.838350528926036,false
Person_6781,35,34.386113769998595,true
Person_6782,72,71.46772889806341,true
Person_6783,72,88.71862701471902,true
Person_6784,29,1.7710907711756319,true
Person_6785,39,73.96272441973429,false
Person_6786,40,77.4223092032459,false
Person_6787,24,80.0527630868261,false
Person_6788,60,43.280333051952525,false
Person_6789,41,56.82114777841646,false
Person_6790,57,66.07432364607287,true
Person_6791,18,28.47067777983865,true
Person_6792,42,99.57119235448026,true
Person_6793,21,96.72819595811457,false
Person_6794,38,57.393288651473476,true
Person_6795,29,89.96258542732669,true
Person_6796,44,0.44796906734098085,true
Person_6797,52,2.5422312079883547,false
Person_6798,28,90.90214900509689,false
Person_6799,66,52.72832852711365,false
Person_6800,31,78.23580018050028,false
Person_6801,30,83.93387815473122,false
Person_6802,64,23.745833716414776,false
Person_6803,29,7.030824329156271,true
Person_6804,30,3.4052824839271634,true
Person_6805,56,13.389908189970923,true
Person_6806,24,63.76504743684388,false
Person_6807,18,10.863843898238379,false
Person_6808,56,89.24006529368732,false
Person_6809,57,57.66534715347266,true
Person_6810,45,40.8341160904103,true
Person_6811,55,18.517971758642517,false
Person_6812,63,78.7486660146025,true
Person_6813,58,13.534646676449814,true
Person_6814,60,45.54712185829847,false
Person_6815,51,70.3394123519797,true
Person_6816,53,99.72125547755968,true
Person_6817,61,88.11598957464273,false
Person_6818,37,10.001276033035156,false
Person_6819,45,42.72066469116103,true
Person_6820,50,87.67476543906386,true
Person_6821,33,3.68948724534911,true
Person_6822,31,60.54563770966715,true
Person_6823,27,90.62728739317765,true
Person_6824,28,29.98097007701549,true
Person_6825,80,95.33340168960783,false
Person_6826,54,33.13001372659898,true
Person_6827,69,63.227330426876215,false
Person_6828,70,40.44779118587979,true
Person_6829,42,38.15325248005047,false
Person_6830,22,79.42172125199399,true
Person_6831,43,65.12353704409499,false
Person_6832,32,0.5693027032387166,true
Person_6833,51,36.81843160590867,false
Person_6834,55,55.7430213584495,false
Person_6835,79,11.807687241551934,false
Person_6836,40,70.14909782534241,false
Person_6837,32,17.044513788096026,true
Person_6838,52,87.50595175199345,false
Person_6839,54,6.678128874025302,false
Person_6840,52,25.778046524131113,false
Person_6841,21,21.807054632853763,false
Person_6842,76,85.30106615821248,false
Person_6843,64,20.27466699365119,true
Person_6844,21,59.64578542478377,false
Person_6845,73,38.286792758700514,false
Person_6846,65,52.16045419356663,true
Person_6847,50,30.615118497624096,false
Person_6848,31,21.647325962897533,false
Person_6849,23,73.21195740520422,false
Person_6850,28,19.406096863332177,true
Person_6851,40,50.87463852173612,true
Person_6852,77,75.53185893146312,false
Person_6853,74,92.1410971002603,true
Person_6854,78,48.36421565656861,true
Person_6855,79,95.13959044496507,false
Person_6856,60,97.57789156091437,true
Person_6857,26,33.447892649739664,false
Person_6858,39,45.79535641541519,true
Person_6859,20,73.29301709386331,false
Person_6860,78,73.36503843671444,false
Person_6861,46,70.17356535117293,true
Person_6862,24,86.58219321811956,true
Person_6863,33,55.117033391012136,false
Person_6864,18,59.61959529713023,true
Person_6865,71,27.378429495464218,true
Person_6866,41,44.21349458397016,false
Person_6867,65,86.22421109489376,true
Person_6868,77,96.3552620089847,false
Person_6869,80,51.646530474697194,false
Person_6870,30,9.500569303068618,true
Person_6871,29,72.42039227285049,false
Person_6872,68,10.881338375300498,true
Person_6873,60,90.1979965781516,false
Person_6874,59,4.801172848967472,true
Person_6875,19,56.26010166405576,true
Person_6876,47,42.94226546025748,false
Person_6877,55,65.03477364554844,true
Person_6878,18,29.201592619440152,true
Person_6879,38,81.41198683149987,false
Person_6880,52,91.98561641871608,true
Person_6881,20,97.48209688126063,true
Person_6882,64,19.4533311705572,true
Person_6883,51,49.30569825640811,false
Person_6884,27,76.60800968902663,true
Person_6885,38,75.6697075646203,false
Person_6886,55,5.076276820870684,false
Person_6887,64,74.83010663428395,true
Person_6888,54,15.504497689786623,true
Person_6889,19,76.69665011514327,true
Person_6890,72,44.38133430984639,false
Person_6891,79,56.1359273637384,false
Person_6892,38,81.05523631789472,false
Person_6893,41,1.0137116714956096,false
Person_6894,37,83.36819127535499,false
Person_6895,74,71.43836791062662,false
Person_6896,27,75.09126574992723,false
Person_6897,47,17.322218777763098,true
Person_6898,56,22.919275323338773,false
Person_6899,70,38.954024436527426,true
Person_6900,80,36.30058173109332,true
Person_6901,61,48.49137188394509,false
Person_6902,21,72.64729638540311,false
Person_6903,68,43.991013994723446,false
Person_6904,29,72.30915091515536,true
Person_6905,30,44.13353425121007,false
Person_6906,74,35.88297504802805,false
Person_6907,69,21.397645147224043,false
Person_6908,33,70.68894013323114,false
Person_6909,53,97.7741948700094,true
Person_6910,66,20.39723352242071,true
Person_6911,79,7.391715216585082,true
Person_6912,54,95.52007260193605,true
Person_6913,39,28.427349178080007,true
Person_6914,38,84.4199838164387,false
Person_6915,32,78.20322183632709,false
Person_6916,79,40.11686040538082,true
Person_6917,30,97.4519839434601,true
Person_6918,70,63.80301039188807,false
Person_6919,80,23.826040466297393,false
Person_6920,32,2.4687989043752023,true
Person_6921,64,32.055912108198555,false
Person_6922,18,2.594379538193292,true
Person_6923,74,51.94521364064182,false
Person_6924,43,49.54123798970298,false
Person_6925,25,68.88194558938729,true
Person_6926,47,70.03033982534939,true
Person_6927,35,20.635568655511705,true
Person_6928,30,57.42235420483707,false
Person_6929,70,97.14910246047069,true
Person_6930,34,50.73931819112028,false
Person_6931,34,30.077953784673007,false
Person_6932,19,45.28113783738402,true
Person_6933,54,6.578238006750404,false
Person_6934,27,51.33058114760984,true
Person_6935,77,34.31894066598142,false
Person_6936,67,57.196581659539824,true
Person_6937,73,31.790878530842303,true
Person_6938,22,40.92925014909208,true
Person_6939,27,91.3970620737946,true
Person_6940,18,27.703147436953834,true
Person_6941,70,4.869001738798762,false
Person_6942,28,83.29272676591053,true
Person_6943,44,88.0663193964378,false
Person_6944,21,4.822594790661605,false
Person_6945,47,49.17655300105553,false
Person_6946,78,72.3076371002981,true
Person_6947,41,33.81238544399039,true
Person_6948,60,91.00785076445757,false
Person_6949,34,79.19935101123149,false
Person_6950,36,69.89756714534238,true
Person_6951,80,27.605037790999233,false
Person_6952,49,12.603453347814641,true
Person_6953,50,97.8304254922308,false
Person_6954,55,88.23600795118743,true
Person_6955,79,93.67835752464269,false
Person_6956,74,16.699673510022794,false
Person_6957,78,76.24133693837382,false
Person_6958,68,43.275847262711544,true
Person_6959,65,80.03490006843673,true
Person_6960,26,70.3050646805677,false
Person_6961,75,79.25925466733479,false
Person_6962,24,57.61839894002573,true
Person_6963,40,40.672055052800204,false
Person_6964,68,68.1386527226183,true
Person_6965,37,96.36257797180937,true
Person_6966,40,14.594144415464715,true
Person_6967,52,60.40736675012337,false
Person_6968,74,71.69892898819349,true
Person_6969,48,69.4344586082995,false
Person_6970,19,40.420336854571936,true
Person_6971,55,88.84403231441435,true
Person_6972,59,82.66799847129515,true
Person_6973,54,66.3004113995055,true
Person_6974,48,92.6492316765115,true
Person_6975,46,10.497318510060216,false
Person_6976,25,16.144683272428406,true
Person_6977,64,7.933644859150091,true
Person_6978,54,7.8367853601347015,true
Person_6979,41,58.422641434701575,false
Person_6980,71,65.12101834942632,false
Person_6981,30,34.025582870308114,false
Person_6982,61,64.34800190290039,true
Person_6983,72,41.56001348776398,true
Person_6984,41,47.73699214631573,false
Person_6985,49,11.993966635946018,false
Person_6986,30,8.224134230549963,true
Person_6987,32,13.832765657912505,true
Person_6988,40,53.93667098598915,true
Person_6989,40,72.46484839068063,false
Person_6990,63,59.05916958662303,false
Person_6991,22,54.10690429655214,true
Person_6992,80,52.677211134293664,false
Person_6993,46,70.72806045700547,false
Person_6994,53,46.64676186191723,true
Person_6995,78,37.09089680409083,true
Person_6996,35,96.94852533906871,true
Person_6997,35,49.630376776823724,true
Person_6998,66,51.993494222817596,true
Person_6999,78,98.05433877405707,true
Person_7000,77,75.63262461725992,false
Person_7001,36,22.082700419851786,false
Person_7002,71,1.1949906196507265,true
Person_7003,71,46.49503048948833,true
Person_7004,58,79.67804349823889,true
Person_7005,44,3.78555893672734,false
Person_7006,46,87.06973632544413,true
Person_7007,70,4.480954815874217,false
Person_7008,58,4.347948873022633,true
Person_7009,19,43.104016068457454,false
Person_7010,25,49.194448780580345,true
Person_7011,33,16.692551655054512,true
Person_7012,67,56.65236460173247,false
Person_7013,32,96.21562507532154,false
Person_7014,36,64.5277167939374,true
Person_7015,39,24.81034664061188,false
Person_7016,40,18.875757611583776,false
Person_7017,70,17.42116671932741,true
Person_7018,59,99.96865320771985,true
Person_7019,20,24.81415269245111,false
Person_7020,75,8.60971242437899,false
Person_7021,75,5.8835037784389925,true
Person_7022,25,77.70600303494537,true
Person_7023,56,79.80542353315101,true
Person_7024,19,49.21267984456152,false
Person_7025,44,44.12740761843222,true
Person_7026,80,6.4736219428825015,false
Person_7027,18,28.853616288741655,true
Person_7028,19,63.38734377928708,true
Person_7029,60,41.18734159028583,true
Person_7030,27,62.119475001233724,false
Person_7031,38,77.99616738440449,true
Person_7032,47,20.774050215200912,false
Person_7033,32,76.12171065041241,true
Person_7034,35,43.1933768433167,true
Person_7035,64,56.4399731460168,true
Person_7036,74,32.74947174882665,true
Person_7037,67,32.58429228191289,true
Person_7038,76,54.6083330352076,true
Person_7039,50,22.00494116199698,true
Person_7040,32,29.31870619543545,true
Person_7041,70,7.390633877634867,false
Person_7042,73,9.262018180271392,true
Person_7043,56,22.316619623339317,true
Person_7044,52,41.80192944240858,true
Person_7045,27,31.825784312762785,false
Person_7046,44,46.97054837485821,false
Person_7047,66,31.7786088500168,true
Person_7048,75,50.93864120474976,true
Person_7049,45,35.05389612331261,true
Person_7050,46,87.66792920505378,false
Person_7051,59,39.734183008752325,false
Person_7052,68,50.72608941097144,false
Person_7053,46,15.812834817665077,false
Person_7054,49,7.279827235630487,false
Person_7055,37,81.51321419209758,false
Person_7056,78,7.4975719058789085,false
Person_7057,38,11.505375415793328,true
Person_7058,72,15.12926844501724,true
Person_7059,69,81.32089960805193,true
Person_7060,34,90.19253431966587,false
Person_7061,28,50.03418841745937,false
Person_7062,48,54.17698367553925,false
Person_7063,65,73.25217816560512,false
Person_7064,25,19.349534509509848,true
Person_7065,70,42.65899095631755,true
Person_7066,23,50.87868504619911,true
Person_7067,64,37.34594950666147,true
Person_7068,39,81.54612038265711,false
Person_7069,32,92.06222085512475,false
Person_7070,76,39.64282688802957,true
Person_7071,45,55.768556390641464,true
Person_7072,70,35.52746002550631,true
Person_7073,56,76.54317678158465,false
Person_7074,79,90.54943588478992,false
Person_7075,59,20.864612806882466,false
Person_7076,25,21.57139517034746,true
Person_7077,28,11.965245058571416,false
Person_7078,70,67.48107390033674,true
Person_7079,50,66.31147981921369,true
Person_7080,71,96.34468086355652,true
Person_7081,78,51.51119856834774,true
Person_7082,55,1.2493657793013702,false
Person_7083,63,18.427448348128017,true
Person_7084,19,14.914146706666298,false
Person_7085,64,24.598007392811162,true
Person_7086,53,2.8920570262932266,true
Person_7087,75,63.37795481526513,false
Person_7088,26,16.49471429995494,true
Person_7089,44,69.73157083354482,true
Person_7090,67,27.83568645321981,true
Person_7091,79,86.22375779589842,false
Person_7092,78,98.99920710249378,false
Person_7093,75,72.27107014977574,false
Person_7094,72,22.281286867469053,false
Person_7095,24,96.3612606429366,false
Person_7096,78,4.389281979846871,true
Person_7097,59,12.996011514469396,true
Person_7098,28,30.12591919555696,true
Person_7099,39,53.28117684207832,false
Person_7100,71,72.65053895347224,true
Person_7101,56,41.15844711551997,true
Person_7102,57,43.65252874943732,false
Person_7103,61,15.172853091256522,false
Person_7104,26,41.317990840218556,true
Person_7105,43,52.453972163626425,false
Person_7106,77,75.94695409912936,false
Person_7107,25,88.58860561597352,false
Person_7108,76,72.16944351278414,true
Person_7109,65,50.31560241229174,false
Person_7110,36,17.69363661669765,true
Person_7111,28,17.420980389824535,true
Person_7112,63,80.2855771184534,true
Person_7113,61,21.95853746821681,false
Person_7114,59,15.688493390767688,false
Person_7115,64,71.61516276171785,false
Person_7116,27,57.0231801910021,false
Person_7117,35,65.1252202876114,true
Person_7118,70,74.77382396375543,false
Person_7119,34,54.30614146678402,true
Person_7120,20,41.44361420345989,true
Person_7121,63,57.33427224881026,false
Person_7122,30,19.690337221844313,false
Person_7123,43,58.27728468770288,true
Person_7124,43,65.11700974507042,false
Person_7125,73,19.930926110127235,false
Person_7126,70,15.396364179892984,true
Person_7127,29,56.21840727321788,true
Person_7128,18,35.52734087661087,true
Person_7129,48,60.79900113777107,false
Person_7130,51,1.8370776072708317,false
Person_7131,27,32.390201037208655,true
Person_7132,33,5.605638094673326,false
Person_7133,38,60.566584180243325,true
Person_7134,27,85.14621179523452,true
Person_7135,22,75.40609892337578,false
Person_7136,52,51.405501891289795,true
Person_7137,32,4.17749229112988,false
Person_7138,78,27.83146669337636,false
Person_7139,50,37.1480791100101,true
Person_7140,40,28.017951113174313,true
Person_7141,23,72.84729275135545,false
Person_7142,19,96.50305045062592,false
Person_7143,41,25.864219626479713,true
Person_7144,54,23.53282222310834,false
Person_7145,30,25.40723030952121,true
Person_7146,68,1.9217878376098119,false
Person_7147,57,16.255295570976326,true
Person_7148,69,34.59703858775368,false
Person_7149,60,75.82431653410676,false
Person_7150,35,44.483057219624456,true
Person_7151,55,34.01572557748316,false
Person_7152,57,8.910089306536884,false
Person_7153,34,86.15872813094366,false
Person_7154,59,73.46943157768722,false
Person_7155,73,43.18739598566804,true
Person_7156,71,79.70504272186666,false
Person_7157,32,32.09384490651136,false
Person_7158,76,48.05886866435025,true
Person_7159,42,46.531778382013876,true
Person_7160,54,89.75757135557836,true
Person_7161,68,61.502735927197236,false
Person_7162,37,39.89089775268582,false
Person_7163,70,87.04879187277537,true
Person_7164,40,82.20965470053315,true
Person_7165,54,1.6146050160609993,false
Person_7166,27,73.53696247073319,false
Person_7167,50,76.01223668474188,true
Person_7168,68,10.441857715380232,false
Person_7169,80,63.1152291064475,true
Person_7170,60,54.16997780996399,false
Person_7171,49,53.07717647400827,true
Person_7172,69,20.82821300800871,false
Person_7173,19,93.029455015825,false
Person_7174,76,53.857864165445854,true
Person_7175,34,23.827712501882438,false
Person_7176,49,70.22357377613156,false
Person_7177,22,32.53492752211975,true
Person_7178,68,7.634847172417403,true
Person_7179,22,68.95956051957532,false
Person_7180,59,16.713539070703497,false
Person_7181,59,1.1089962547199295,true
Person_7182,35,15.780343849080868,false
Person_7183,74,19.286789445778453,false
Person_7184,53,39.7961475009955,true
Person_7185,39,75.59194518444352,false
Person_7186,31,30.349734784854686,false
Person_7187,73,59.55712270031744,false
Person_7188,72,47.850026430918206,true
Person_7189,27,72.44318335691875,false
Person_7190,64,90.5714958796414,false
Person_7191,42,39.756668887761094,true
Person_7192,73,3.8239388667747787,false
Person_7193,31,34.39754802575122,false
Person_7194,38,1.126783493029715,true
Person_7195,63,72.81098013572316,true
Person_7196,37,93.83518694352983,true
Person_7197,32,19.565928720167335,false
Person_7198,47,15.983669130950052,true
Person_7199,54,24.00893241074449,false
Person_7200,34,46.47785879031282,true
Person_7201,21,0.26153517027460715,true
Person_7202,70,17.678151216874728,false
Person_7203,75,71.91227260643664,false
Person_7204,80,32.629988250895245,false
Person_7205,18,24.421015177209426,true
Person_7206,32,96.69757369515182,false
Person_7207,68,67.81456247768666,false
Person_7208,24,9.231219587175232,false
Person_7209,74,1.6952337967624964,false
Person_7210,46,96.94504862985308,false
Person_7211,27,51.344624432789765,false
Person_7212,45,58.1954375692438,true
Person_7213,33,42.82744905659713,false
Person_7214,38,54.01303891751692,true
Person_7215,23,2.7327774647122327,false
Person_7216,29,76.6446337847269,true
Person_7217,37,52.22136863141483,true
Person_7218,24,42.83158653866621,false
Person_7219,60,60.50861111397368,true
Person_7220,74,37.42703522102684,false
Person_7221,70,13.053686876120995,false
Person_7222,52,27.924299559770517,true
Person_7223,18,96.70181514676676,false
Person_7224,26,92.26352478993988,false
Person_7225,24,71.47031946581619,false
Person_7226,46,15.321070782226409,true
Person_7227,50,86.03271394791325,false
Person_7228,56,44.94469678312868,true
Person_7229,30,87.53259791525836,true
Person_7230,32,80.27290867187578,false
Person_7231,20,56.602076506642504,false
Person_7232,18,28.235075886902116,false
Person_7233,26,23.150859384440558,false
Person_7234,20,86.27518796920646,true
Person_7235,73,22.01225812310913,true
Person_7236,31,42.04339777987638,true
Person_7237,41,77.03202713874472,false
Person_7238,71,84.76438653588687,false
Person_7239,20,58.90938491522111,false
Person_7240,43,39.82079089776004,false
Person_7241,64,83.23399404987951,true
Person_7242,26,93.36899044101764,false
Person_7243,31,80.27621020764761,true
Person_7244,54,24.284012727855075,false
Person_7245,77,20.162797258225286,true
Person_7246,63,46.40117284973682,false
Person_7247,70,76.17516323932063,false
Person_7248,55,65.85747553275658,true
Person_7249,54,13.359521316701272,true
Person_7250,70,66.18750284197183,true
Person_7251,28,59.27629598152689,true
Person_7252,34,19.356748191551667,true
Person_7253,46,21.48222301787921,false
Person_7254,78,25.87530335965046,false
Person_7255,61,64.44553477059549,false
Person_7256,76,0.14607879498883536,true
Person_7257,46,9.9877791529135,false
Person_7258,80,85.25323378066028,true
Person_7259,36,50.554864505269904,false
Person_7260,75,44.374369259904945,false
Person_7261,52,70.32292682433273,false
Person_7262,62,17.09445777315679,true
Person_7263,37,38.38040904935607,false
Person_7264,31,61.66285738758648,true
Person_7265,63,28.287227042882478,false
Person_7266,22,73.5144300030133,false
Person_7267,58,76.86946551361186,true
Person_7268,18,93.43771091808097,false
Person_7269,71,90.86424649366268,false
Person_7270,26,42.76862862011117,false
Person_7271,72,71.14407178838873,false
Person_7272,34,8.223232833119344,true
Person_7273,79,70.21941123321352,true
Person_7274,39,92.99844872461098,false
Person_7275,30,26.123921104167312,false
Person_7276,23,25.65137106155432,false
Person_7277,27,39.85468779451986,false
Person_7278,44,89.25251588388174,true
Person_7279,39,58.16435203490806,false
Person_7280,74,35.57592642146702,true
Person_7281,29,57.69403091387303,true
Person_7282,68,56.40600968339179,true
Person_7283,39,68.52759713456528,false
Person_7284,68,58.10506162817587,true
Person_7285,79,54.85209289980788,true
Person_7286,43,8.094065231487125,false
Person_7287,53,19.01047794012043,false
Person_7288,42,73.5514832814094,false
Person_7289,51,62.58744535518586,false
Person_7290,75,28.042115159007754,true
Person_7291,57,2.379077148057074,false
Person_7292,48,28.836930737488675,false
Person_7293,74,42.62650220412385,false
Person_7294,75,54.80089916183556,false
Person_7295,18,18.533140169406025,true
Person_7296,36,1.4675574346937559,false
Person_7297,21,50.18711719491764,false
Person_7298,74,31.406885647952354,false
Person_7299,19,81.82182169036696,false
Person_7300,21,43.776633250344666,true
Person_7301,42,77.27121889448799,true
Person_7302,24,53.60304544302531,true
Person_7303,18,30.34615927421742,false
Person_7304,68,67.99272490898211,true
Person_7305,64,90.96705306753574,true
Person_7306,25,38.816016624102055,true
Person_7307,80,81.76789090846474,true
Person_7308,36,62.37919230260489,false
Person_7309,59,52.598730955922576,true
Person_7310,62,44.64672614347771,true
Person_7311,70,19.32655349404677,true
Person_7312,38,96.38909578339147,true
Person_7313,69,55.89630966400806,true
Person_7314,66,47.899962239066916,false
Person_7315,24,30.949503515483944,false
Person_7316,57,65.79779650179745,true
Person_7317,71,8.480359915733759,false
Person_7318,31,99.61711515087867,true
Person_7319,46,18.815158479262106,true
Person_7320,29,15.737352926715097,true
Person_7321,62,64.65950841332403,true
Person_7322,75,64.05348398025292,true
Person_7323,30,39.70915176158809,true
Person_7324,22,54.148714102217944,true
Person_7325,35,20.625932177211183,false
Person_7326,49,30.72461477272813,false
Person_7327,32,61.81734966342381,true
Person_7328,67,63.023322364286685,true
Person_7329,19,79.6578331235633,true
Person_7330,62,14.243929618270402,true
Person_7331,55,67.79378604390214,true
Person_7332,79,76.31190937134903,false
Person_7333,53,50.01212284343588,true
Person_7334,73,32.984796881184174,false
Person_7335,57,18.298359130884467,true
Person_7336,80,77.18273570379189,false
Person_7337,56,97.46542515652554,false
Person_7338,49,75.78020929562373,true
Person_7339,23,48.94801658124043,true
Person_7340,76,26.737658290272492,false
Person_7341,41,13.333584893722506,true
Person_7342,78,99.98762531119235,false
Person_7343,22,9.576017549057758,true
Person_7344,68,60.55039952149281,false
Person_7345,79,13.241349217112997,true
Person_7346,46,81.81209523309356,true
Person_7347,29,11.856876554866647,true
Person_7348,53,6.167482264826763,false
Person_7349,72,77.73208221895496,true
Person_7350,71,74.59884419750176,false
Person_7351,20,55.958069924717634,false
Person_7352,52,27.613936507499847,false
Person_7353,25,90.48131721711773,true
Person_7354,38,25.0880647601054,false
Person_7355,23,59.08423155413188,true
Person_7356,30,89.83943121593849,false
Person_7357,34,6.451942290138046,false
Person_7358,42,76.20941508980368,true
Person_7359,78,89.75947626560735,false
Person_7360,64,54.69795586957513,true
Person_7361,37,76.93772440664264,false
Person_7362,74,87.03346734961174,false
Person_7363,71,81.41588987134732,true
Person_7364,26,87.7668341274789,false
Person_7365,44,28.176805792236493,true
Person_7366,46,80.30482370309277,false
Person_7367,61,76.80502027354399,true
Person_7368,30,52.436807637283565,false
Person_7369,44,16.80714406755631,true
Person_7370,41,29.04235248652838,false
Person_7371,55,25.35344430055565,false
Person_7372,69,52.85723954053289,true
Person_7373,25,44.56209831402217,false
Person_7374,28,6.0246089178959465,false
Person_7375,72,33.636110690168884,true
Person_7376,41,92.80745176241733,true
Person_7377,42,50.85906786826458,false
Person_7378,80,85.95932476768165,true
Person_7379,44,34.96877131456473,false
Person_7380,79,8.317909052658823,false
Person_7381,58,89.38463931449843,false
Person_7382,60,95.1137343329156,false
Person_7383,46,81.9960348420655,true
Person_7384,20,67.56195649485214,true
Person_7385,21,70.18582053926139,true
Person_7386,56,29.64419525595564,false
Person_7387,78,2.5180584651029236,false
Person_7388,28,26.59046614030104,true
Person_7389,30,49.39580223497868,false
Person_7390,32,64.16195583030787,true
Person_7391,79,79.59942856363122,false
Person_7392,73,2.919298219847488,false
Person_7393,46,63.61793203934318,false
Person_7394,78,3.88994891258424,true
Person_7395,67,67.01029929265812,true
Person_7396,41,72.67129511703642,false
Person_7397,69,82.57720110074621,true
Person_7398,18,69.80287943311997,false
Person_7399,46,59.96314243870362,false
Person_7400,28,7.699937885421393,true
Person_7401,61,73.8551622222346,true
Person_7402,62,31.063707149131602,false
Person_7403,57,68.93294732446435,false
Person_7404,59,97.7951671304307,true
Person_7405,49,77.32168223607965,true
Person_7406,79,69.77590328069509,false
Person_7407,29,14.581512893804504,false
Person_7408,36,9.159540217891793,false
Person_7409,18,15.238618688507433,true
Person_7410,51,51.04888452152802,true
Person_7411,34,19.514209972956287,false
Person_7412,57,33.13662844054285,false
Person_7413,77,89.42307306352274,false
Person_7414,78,63.33444088046931,false
Person_7415,70,98.48769169888335,true
Person_7416,60,24.66224853272231,false
Person_7417,50,54.35068750486995,true
Person_7418,27,72.05309721156432,true
Person_7419,44,23.550640407048206,false
Person_7420,20,79.03298951242202,true
Person_7421,41,87.73372608279239,true
Person_7422,53,37.75147320618015,false
Person_7423,39,1.0131699136495365,true
Person_7424,24,20.07846373845724,true
Person_7425,58,33.24796476319971,true
Person_7426,45,72.06876867025585,true
Person_7427,62,23.085639640348866,false
Person_7428,66,10.86804652463682,false
Person_7429,20,19.554754517664374,true
Person_7430,64,77.5204165499918,true
Person_7431,59,57.31040763178375,false
Person_7432,50,0.35985756732357377,true
Person_7433,49,52.960652310715304,false
Person_7434,53,18.179965161287637,false
Person_7435,70,7.588836276526467,false
Person_7436,58,90.0180038766459,true
Person_7437,45,13.565231170046822,false
Person_7438,29,38.02777311463037,false
Person_7439,41,88.63735641939046,false
Person_7440,51,37.011087109696774,true
Person_7441,40,81.04473602558436,true
Person_7442,50,26.182030319536096,false
Person_7443,35,70.36561965944162,true
Person_7444,59,31.199271758736213,false
Person_7445,65,59.644772534763824,true
Person_7446,25,92.22729490348601,false
Person_7447,76,91.34553757184376,true
Person_7448,30,73.51558767633259,false
Person_7449,65,13.105846267147703,false
Person_7450,18,22.876838499344764,false
Person_7451,19,16.556402238793012,true
Person_7452,66,49.073832091554856,true
Person_7453,58,89.94940597376976,true
Person_7454,37,70.91057240199483,true
Person_7455,35,80.92456077514932,true
Person_7456,64,18.702693890567133,false
Person_7457,58,53.32406511372151,true
Person_7458,61,14.304574443639762,true
Person_7459,27,35.37272082253015,false
Person_7460,72,74.90027979667263,false
Person_7461,75,61.522597094951024,false
Person_7462,47,5.015381561329379,true
Person_7463,73,75.04148067070236,false
Person_7464,45,99.71740473251198,true
Person_7465,40,10.05968453225371,true
Person_7466,61,56.1675881892855,true
Person_7467,24,17.12395091178436,true
Person_7468,78,4.139283254525661,false
Person_7469,60,13.73256853023328,true
Person_7470,29,82.86844649815438,false
Person_7471,45,31.8003914947251,true
Person_7472,62,40.29324519924526,true
Person_7473,48,26.355557882907398,true
Person_7474,75,87.55753652995756,true
Person_7475,69,79.61724731080298,true
Person_7476,33,9.281774384482755,false
Person_7477,75,32.498488424564975,false
Person_7478,34,93.57426120642745,true
Person_7479,58,5.592295805465842,true
Person_7480,62,14.413316639995088,true
Person_7481,75,47.65093061377714,false
Person_7482,42,47.95915082556923,true
Person_7483,57,85.79833835426177,true
Person_7484,74,77.16109677778518,true
Person_7485,40,8.464863339369067,true
Person_7486,67,77.20937320638166,false
Person_7487,73,65.2664805037568,false
Person_7488,39,31.201571788251336,false
Person_7489,52,19.6111519441732,true
Person_7490,23,61.95195382626659,true
Person_7491,37,95.1291682210291,true
Person_7492,75,17.14372126916218,true
Person_7493,22,23.026224513074755,true
Person_7494,35,76.79291696114795,false
Person_7495,73,33.23848449775452,true
Person_7496,37,94.06292097495232,false
Person_7497,24,53.47089792024835,false
Person_7498,20,61.60551969130529,true
Person_7499,41,47.410882365589735,true
Person_7500,41,0.818999507400775,true
Person_7501,24,16.9976725873611,true
Person_7502,79,69.05967952429644,true
Person_7503,72,4.460406516973913,false
Person_7504,60,48.30690570440107,true
Person_7505,35,71.46978046468301,true
Person_7506,71,42.3518494834166,false
Person_7507,46,9.878401406880199,true
Person_7508,34,67.82608368585032,false
Person_7509,35,12.535905004060721,false
Person_7510,37,9.241405037043894,true
Person_7511,61,40.563243928251616,true
Person_7512,78,72.02054475606234,false
Person_7513,55,1.0638689562739057,false
Person_7514,40,36.27295644632517,false
Person_7515,31,7.776259933234808,false
Person_7516,34,12.276488233324622,true
Person_7517,33,19.335881643358597,true
Person_7518,31,46.78503957967206,true
Person_7519,42,39.86223275703124,true
Person_7520,38,93.40788147528858,false
Person_7521,48,15.78190686404406,true
Person_7522,80,20.865339510976312,true
Person_7523,72,64.3000723599803,false
Person_7524,72,23.250846255258395,true
Person_7525,55,39.703430059036734,true
Person_7526,51,92.63960083914955,true
Person_7527,45,67.32623024796165,true
Person_7528,49,57.798631016927935,true
Person_7529,63,29.032506582970008,false
Person_7530,29,10.680990063407936,true
Person_7531,44,29.873652894293524,true
Person_7532,49,42.4636516286708,false
Person_7533,60,72.33779949783609,false
Person_7534,49,85.7261076240063,false
Person_7535,49,99.92028824162253,true
Person_7536,61,92.70815508068782,true
Person_7537,77,81.14953600107245,false
Person_7538,54,9.740116715109481,true
Person_7539,74,73.15535041203466,true
Person_7540,32,28.648807476955984,true
Person_7541,39,14.577606968008027,true
Person_7542,41,21.61455356954731,true
Person_7543,78,11.794423519519182,true
Person_7544,69,55.11788011781512,false
Person_7545,32,32.530791767844526,false
Person_7546,56,70.08132584511026,true
Person_7547,36,41.3554825054384,true
Person_7548,78,43.62802042553786,false
Person_7549,31,33.49389063298486,true
Person_7550,77,41.27063860787462,true
Person_7551,50,21.829317981747387,false
Person_7552,22,5.0041254672572695,false
Person_7553,64,23.560508344517594,false
Person_7554,65,80.21883558019772,false
Person_7555,21,17.8943734632519,false
Person_7556,47,1.95625110989196,false
Person_7557,22,58.656143848764444,true
Person_7558,74,63.52458973358813,true
Person_7559,51,30.95308037069302,true
Person_7560,49,39.09840224735503,true
Person_7561,50,56.17507635858095,false
Person_7562,29,66.96332284513821,false
Person_7563,32,16.62081197747097,false
Person_7564,58,94.95836913553207,false
Person_7565,66,63.62902519804161,false
Person_7566,36,13.039828309416347,false
Person_7567,27,68.73942736519133,true
Person_7568,21,77.97245392958389,false
Person_7569,41,94.10317289406498,false
Person_7570,51,61.15106157217639,false
Person_7571,33,11.434808933782314,true
Person_7572,48,36.9993584917362,false
Person_7573,60,45.69838682708978,false
Person_7574,37,39.99973248544354,true
Person_7575,61,15.629660746866369,false
Person_7576,77,23.169536005550228,true
Person_7577,26,31.10237231081735,false
Person_7578,73,1.7242729732540152,false
Person_7579,69,91.35504298839766,true
Person_7580,33,95.34176942406431,true
Person_7581,39,1.1490447724541109,true
Person_7582,60,64.90650796751686,true
Person_7583,36,36.956351303218874,true
Person_7584,45,83.79584534426918,true
Person_7585,38,5.595761781756781,false
Person_7586,52,60.37114874178301,true
Person_7587,74,49.54517943221386,true
Person_7588,37,17.428369654847266,false
Person_7589,37,45.89594150136192,false
Person_7590,49,77.58687429477644,false
Person_7591,66,90.45002399947752,false
Person_7592,70,71.76862718091725,true
Person_7593,26,0.13061685890476404,false
Person_7594,35,82.40807100496616,false
Person_7595,29,47.40761971128609,true
Person_7596,45,61.71365871505944,true
Person_7597,28,78.92295188660887,true
Person_7598,65,68.56488791759558,true
Person_7599,31,89.10082056961627,false
Person_7600,53,66.3982991270156,true
Person_7601,23,98.0896012909115,true
Person_7602,44,93.93252253271396,true
Person_7603,56,10.51922877992142,false
Person_7604,45,28.407236473441145,true
Person_7605,38,80.26850934114199,false
Person_7606,43,27.863019377635055,true
Person_7607,50,46.67821010752596,true
Person_7608,55,46.702423641917015,true
Person_7609,37,64.76502664127162,false
Person_7610,77,50.45599791091399,true
Person_7611,70,85.8562537849523,false
Person_7612,18,74.10978863180968,false
Person_7613,78,52.80426188879067,false
Person_7614,34,5.889470728860802,true
Person_7615,74,65.64849283997661,false
Person_7616,47,45.380493457329464,true
Person_7617,19,82.45183768319781,true
Person_7618,48,92.59219634597746,true
Person_7619,35,77.66313641415297,false
Person_7620,37,45.918359691970025,true
Person_7621,24,6.540805561560981,true
Person_7622,56,88.34429216075978,true
Person_7623,22,72.36542865315847,true
Person_7624,58,57.60721227170674,true
Person_7625,18,80.0871838708175,false
Person_7626,52,4.9164445588579575,false
Person_7627,40,63.96918446804404,true
Person_7628,48,78.24817339092233,false
Person_7629,29,0.8730876599629456,false
Person_7630,51,63.48138584603209,false
Person_7631,34,80.24762157317201,true
Person_7632,39,29.536050101035617,false
Person_7633,48,93.42101765462809,true
Person_7634,19,99.62634550118604,false
Person_7635,56,24.202933358382793,false
Person_7636,23,46.25718897945356,true
Person_7637,30,56.45234171533764,true
Person_7638,20,47.1165988876334,false
Person_7639,32,91.85795543774657,false
Person_7640,40,28.205076309058143,true
Person_7641,22,79.33865480449586,false
Person_7642,78,29.192347306207722,false
Person_7643,19,75.41758242860782,true
Person_7644,72,90.24773910784305,true
Person_7645,75,13.984601839776555,false
Person_7646,19,71.16736003857142,true
Person_7647,26,25.169138492720165,true
Person_7648,40,17.371910425005545,false
Person_7649,19,8.79583247155573,false
Person_7650,47,8.471545617866472,false
Person_7651,68,23.727911010030745,true
Person_7652,20,75.07415756245523,true
Person_7653,58,75.16059151708582,false
Person_7654,29,79.47546331831235,true
Person_7655,79,79.62470176112161,false
Person_7656,29,70.72508216182212,false
Person_7657,52,59.200141817856874,false
Person_7658,35,71.41982405590308,false
Person_7659,65,23.10908352079314,false
Person_7660,42,58.304340477458716,true
Person_7661,35,43.2802663164834,true
Person_7662,66,7.62727792733866,false
Person_7663,78,63.315954470289604,true
Person_7664,45,88.05294484257068,false
Person_7665,79,15.832297826254326,false
Person_7666,66,12.392665413715642,false
Person_7667,64,9.436531912605851,true
Person_7668,35,3.919143092148525,false
Person_7669,24,50.706962206928864,true
Person_7670,70,25.43840586844146,false
Person_7671,69,58.270216810412364,true
Person_7672,70,0.2400963751087004,false
Person_7673,40,35.4044293692415,false
Person_7674,50,65.30032402870066,true
Person_7675,39,16.953394342419227,false
Person_7676,68,67.49090335792658,false
Person_7677,35,27.844288001267724,true
Person_7678,51,50.82395977137245,false
Person_7679,49,84.43718284089154,true
Person_7680,51,81.04725047877022,false
Person_7681,26,23.302754109769154,true
Person_7682,38,86.20072144531431,true
Person_7683,64,21.748917923747456,true
Person_7684,18,34.816210285338315,true
Person_7685,20,78.71493158135388,false
Person_7686,26,72.78237721892545,false
Person_7687,56,41.42515839691513,false
Person_7688,21,52.77295726131705,true
Person_7689,43,79.13488422810005,true
Person_7690,28,87.70883509116163,false
Person_7691,45,88.98832504773131,true
Person_7692,62,93.52023032220963,true
Person_7693,49,89.80048777730832,false
Person_7694,26,72.04554391872338,false
Person_7695,73,70.13360414024632,true
Person_7696,65,51.74010887136414,true
Person_7697,73,18.881803906386562,true
Person_7698,67,94.68804084216418,false
Person_7699,19,12.784429054650403,true
Person_7700,25,5.286262693201882,true
Person_7701,29,9.534617098761789,false
Person_7702,50,29.293503328370175,false
Person_7703,49,24.91505939674582,true
Person_7704,35,14.111147455291517,true
Person_7705,35,52.3245312462714,true
Person_7706,67,78.68069001531633,false
Person_7707,20,90.05611163378792,false
Person_7708,60,96.74136475690993,true
Person_7709,23,47.14836146652068,false
Person_7710,78,31.340359385910656,false
Person_7711,75,59.95236345330779,false
Person_7712,72,7.692737092029322,true
Person_7713,77,77.66569414052397,true
Person_7714,69,94.51390559090943,true
Person_7715,41,62.53091888338195,true
Person_7716,62,27.410286615655156,false
Person_7717,46,21.919744283024556,false
Person_7718,20,89.03135775314836,true
Person_7719,38,29.08354020231272,false
Person_7720,63,39.64856732139401,false
Person_7721,64,10.822665700663393,true
Person_7722,80,56.80331178300797,false
Person_7723,62,81.54758065554633,true
Person_7724,55,60.49667291017175,true
Person_7725,46,0.8824502233261367,false
Person_7726,51,1.0469628469172876,false
Person_7727,46,4.222744012108137,true
Person_7728,61,59.00569859594298,false
Person_7729,64,88.62692679721751,false
Person_7730,53,60.08919972369312,true
Person_7731,54,24.21452875922028,true
Person_7732,80,56.833501790431676,true
Person_7733,29,2.965542890022388,true
Person_7734,34,47.7558084778427,true
Person_7735,78,29.438651156586428,false
Person_7736,57,59.84160184215461,true
Person_7737,79,65.130293870595,true
Person_7738,29,80.94263656954507,true
Person_7739,34,18.22745123920029,true
Person_7740,71,49.28269910556824,true
Person_7741,77,73.17244906962985,true
Person_7742,75,86.64459823689799,false
Person_7743,46,89.46609791814507,true
Person_7744,21,59.83485484404384,false
Person_7745,37,8.64960592834837,true
Person_7746,39,17.56990556091702,false
Person_7747,43,89.29846492233139,false
Person_7748,24,64.5423811412415,false
Person_7749,55,93.91592860118263,true
Person_7750,32,41.33192174870249,true
Person_7751,58,66.12960099198672,false
Person_7752,68,36.92859298572589,true
Person_7753,32,46.8906201983474,true
Person_7754,79,8.326018571113957,false
Person_7755,35,99.12604699174345,false
Person_7756,30,30.73662980643993,false
Person_7757,64,89.02560279592848,false
Person_7758,55,18.760954805596207,true
Person_7759,34,88.34690555323225,false
Person_7760,74,77.27449553276375,false
Person_7761,62,91.65499385848233,true
Person_7762,68,51.182785074055325,false
Person_7763,36,3.8367762003174044,true
Person_7764,52,41.4884818771041,true
Person_7765,65,63.359665321135516,false
Person_7766,18,77.07988546202972,true
Person_7767,54,14.475461802897783,true
Person_7768,59,1.8550183013870902,false
Person_7769,63,89.86291276469413,true
Person_7770,26,91.8231403773591,true
Person_7771,20,38.11730030716076,false
Person_7772,58,18.423755013912967,false
Person_7773,20,69.903372244527,false
Person_7774,53,61.68702325506479,true
Person_7775,37,51.47970290524593,true
Person_7776,47,37.38128629681415,false
Person_7777,72,4.33289062524902,true
Person_7778,40,12.155214711601692,true
Person_7779,25,31.913059167727553,false
Person_7780,23,90.62141286123487,true
Person_7781,30,73.98750884974541,false
Person_7782,19,20.99865601286148,false
Person_7783,68,99.49718227413774,false
Person_7784,46,43.314520602701556,true
Person_7785,23,6.263197572333135,false
Person_7786,20,99.92412830646668,false
Person_7787,33,97.22662693159835,false
Person_7788,73,13.360241288269204,true
Person_7789,35,56.23857457952083,false
Person_7790,73,69.71635151527019,true
Person_7791,63,42.65757102619132,false
Person_7792,56,63.01290594502839,false
Person_7793,53,30.92654634597929,true
Person_7794,70,29.64538680253318,false
Person_7795,23,40.09885078346228,false
Person_7796,80,71.82555464560048,true
Person_7797,20,53.452814224015775,true
Person_7798,55,52.56584391490644,false
Person_7799,25,15.592283981601208,false
Person_7800,23,33.43491502109297,false
Person_7801,19,31.644440227501303,false
Person_7802,42,81.66571828893993,true
Person_7803,58,33.541178751874234,true
Person_7804,30,70.5444835577269,false
Person_7805,32,69.20133191807187,false
Person_7806,37,97.05188329473746,false
Person_7807,79,22.684698948493853,true
Person_7808,64,11.679292031167565,false
Person_7809,71,88.65813383323162,false
Person_7810,80,71.05546070836228,false
Person_7811,62,24.581818712139412,false
Person_7812,39,43.58798125934133,true
Person_7813,38,36.491968863462,true
Person_7814,32,67.07621890163054,false
Person_7815,53,99.81724078123776,false
Person_7816,62,56.30583784412322,true
Person_7817,79,98.92790335375501,true
Person_7818,31,45.375248935025326,false
Person_7819,63,14.829150770319055,true
Person_7820,21,41.770561960416245,false
Person_7821,27,17.214921396610183,true
Person_7822,35,0.5620398932915105,true
Person_7823,29,34.91452076503485,true
Person_7824,78,73.27860266748787,true
Person_7825,65,88.99598146268501,false
Person_7826,42,59.16522062531533,false
Person_7827,61,97.92137189849174,true
Person_7828,59,62.736123847542466,true
Person_7829,67,72.87380619811088,false
Person_7830,63,4.076141866462802,true
Person_7831,31,4.8073813540846055,false
Person_7832,26,55.6723032822226,true
Person_7833,44,57.40970124739001,true
Person_7834,21,28.37596472809163,true
Person_7835,24,70.53760671685487,true
Person_7836,76,23.45898500060606,true
Person_7837,34,12.250471967478527,true
Person_7838,61,68.05786535033612,false
Person_7839,42,48.308138036792755,false
Person_7840,30,33.31342156594598,false
Person_7841,35,38.95999092067524,true
Person_7842,29,2.8270956634506628,false
Person_7843,61,36.46748502920971,false
Person_7844,42,26.73629666232027,true
Person_7845,28,42.632518426933174,false
Person_7846,24,3.1988072152330793,false
Person_7847,55,84.61466955503772,false
Person_7848,74,21.632177618789306,true
Person_7849,55,89.4987194141033,true
Person_7850,42,30.792007748005123,false
Person_7851,74,1.7935360779304133,false
Person_7852,72,96.00553549699993,true
Person_7853,71,26.59772801878694,true
Person_7854,59,90.43661608894858,false
Person_7855,62,47.63719175933833,true
Person_7856,42,22.86735288356434,false
Person_7857,47,99.07325476289151,true
Person_7858,33,30.474913861261665,false
Person_7859,31,40.256280593587746,false
Person_7860,32,99.98209849522716,true
Person_7861,69,55.2366518075033,true
Person_7862,28,64.86803237368352,false
Person_7863,47,3.5558892416736265,false
Person_7864,64,9.735470976354865,false
Person_7865,24,96.02721532693502,false
Person_7866,63,78.33975678965597,false
Person_7867,29,5.693659238329207,false
Person_7868,39,58.30190800121899,false
Person_7869,72,76.90075922347862,true
Person_7870,52,36.46012460281946,false
Person_7871,46,80.53066272619577,true
Person_7872,53,39.17338734591445,true
Person_7873,73,25.680105571037025,true
Person_7874,78,47.72623894179028,true
Person_7875,63,58.34405842879193,false
Person_7876,34,43.60955765399773,true
Person_7877,20,30.248693665459047,false
Person_7878,71,98.97746924402279,false
Person_7879,51,18.118895668444512,false
Person_7880,18,47.648679780109106,true
Person_7881,42,19.481819521782363,true
Person_7882,67,90.13138728354161,false
Person_7883,41,1.5353616185777907,false
Person_7884,44,13.903725828450785,false
Person_7885,65,32.09289840369319,true
Person_7886,43,6.418275673913055,false
Person_7887,72,19.74162931961333,false
Person_7888,63,26.160237956217447,false
Person_7889,74,36.722468156696785,true
Person_7890,54,27.80810310658839,false
Person_7891,43,59.96507571548967,true
Person_7892,69,85.67730073146954,false
Person_7893,51,66.77172105759568,true
Person_7894,61,95.4819123519993,true
Person_7895,25,12.57813715381496,true
Person_7896,52,91.38524946977549,true
Person_7897,21,61.49710786951855,true
Person_7898,29,83.80767778967336,true
Person_7899,75,40.281161325008455,false
Person_7900,50,8.020135863219934,false
Person_7901,41,15.76890539683038,false
Person_7902,68,31.970816575523,true
Person_7903,71,75.28634346868334,true
Person_7904,59,10.798691911445458,true
Person_7905,60,88.60909327305191,true
Person_7906,54,72.0075251571012,false
Person_7907,19,86.42492516289997,false
Person_7908,33,66.46741735122134,false
Person_7909,34,30.943924054260187,false
Person_7910,69,45.677588670050376,true
Person_7911,66,26.16507052361762,false
Person_7912,53,26.26298097686639,false
Person_7913,50,60.76145663677174,true
Person_7914,41,18.014759522500622,false
Person_7915,32,2.776321197320597,true
Person_7916,64,65.65007429690274,true
Person_7917,56,74.23958974415578,false
Person_7918,67,96.2710086152169,false
Person_7919,56,15.420613753594326,true
Person_7920,42,6.530010805939368,false
Person_7921,72,18.79440869227631,true
Person_7922,19,3.548647325537979,false
Person_7923,65,54.41788324482524,false
Person_7924,79,75.18327755676624,false
Person_7925,32,25.227279699021075,true
Person_7926,73,54.8194856040326,true
Person_7927,62,29.560448909960467,false
Person_7928,68,2.8304565601210308,false
Person_7929,78,74.78159509138939,false
Person_7930,77,48.69783382415122,false
Person_7931,22,25.61236766323548,false
Person_7932,22,55.273411556615216,false
Person_7933,41,39.133320819917614,false
Person_7934,73,70.44440599203679,true
Person_7935,33,22.557986162042177,true
Person_7936,36,96.67001397624804,false
Person_7937,28,7.980285051839308,false
Person_7938,67,63.77069350582117,true
Person_7939,74,59.996051566196016,true
Person_7940,47,82.0666329828417,false
Person_7941,29,6.376651918668951,true
Person_7942,58,86.38968113732442,true
Person_7943,20,28.66523683828851,false
Person_7944,40,53.68291940354617,false
Person_7945,27,1.8644899285429894,false
Person_7946,48,20.729608935959398,true
Person_7947,54,69.09368506049954,true
Person_7948,58,65.48547119466953,false
Person_7949,64,72.01618404518486,true
Person_7950,41,95.98593045692915,true
Person_7951,28,12.834039939080554,false
Person_7952,61,47.47453904907283,false
Person_7953,65,3.8120366834378805,false
Person_7954,62,10.055001290434761,true
Person_7955,75,61.56978261356081,true
Person_7956,24,87.49003819454758,false
Person_7957,74,30.346594889507518,false
Person_7958,60,10.23860991518325,true
Person_7959,39,2.938404536709882,true
Person_7960,73,5.425989005175724,true
Person_7961,26,88.42291758752322,true
Person_7962,46,19.62310072591784,false
Person_7963,37,94.4115660929504,false
Person_7964,52,29.882674704209577,false
Person_7965,31,32.44852603582061,false
Person_7966,41,9.62573241912188,true
Person_7967,32,32.63029167669813,false
Person_7968,74,67.37263316997806,false
Person_7969,80,43.323923236499006,true
Person_7970,30,18.382005620873077,false
Person_7971,70,35.16688722756038,true
Person_7972,54,25.947004581867283,true
Person_7973,74,68.22407185475437,true
Person_7974,32,90.59467497126775,false
Person_7975,71,86.0296585332415,false
Person_7976,51,72.78675298310779,false
Person_7977,70,43.75457369757888,false
Person_7978,60,98.31256084456953,true
Person_7979,29,34.876345246624176,true
Person_7980,49,57.82525743599906,true
Person_7981,53,12.903041505639056,false
Person_7982,50,32.05869503116014,false
Person_7983,22,55.37075757128254,false
Person_7984,44,16.794593263658918,false
Person_7985,21,80.00245249596531,true
Person_7986,33,47.30751525907869,false
Person_7987,20,58.09860689301587,true
Person_7988,72,34.739363746987195,true
Person_7989,72,53.69772548059313,true
Person_7990,18,8.257124567196673,true
Person_7991,33,11.117976262203133,false
Person_7992,37,78.80678085846694,false
Person_7993,51,76.9868881573472,true
Person_7994,69,46.83071628606309,true
Person_7995,52,74.38598504412572,false
Person_7996,28,87.03365418755295,false
Person_7997,33,56.110946748249944,false
Person_7998,44,71.288766380469,true
Person_7999,29,5.8657952171716214,true
Person_8000,80,15.849373124644838,false
Person_8001,36,19.7382585216772,false
Person_8002,31,36.329103556065334,true
Person_8003,48,17.82094502593742,true
Person_8004,73,81.05579799198782,true
Person_8005,30,73.43640637537561,false
Person_8006,77,6.988299499343542,false
Person_8007,61,6.344644225450735,true
Person_8008,39,3.1139431958029373,true
Person_8009,40,83.15087368089925,false
Person_8010,58,96.06043757379011,false
Person_8011,70,32.90342894177242,true
Person_8012,32,1.7239477653644641,false
Person_8013,58,63.68631775448124,false
Person_8014,58,7.071699564920664,false
Person_8015,53,5.025286264596995,false
Person_8016,23,55.55434582728071,false
Person_8017,30,74.8183586553618,true
Person_8018,23,45.179833777567424,true
Person_8019,49,74.24064211955897,false
Person_8020,22,33.9421025923845,false
Person_8021,69,20.787263594746296,true
Person_8022,78,70.47178096804807,false
Person_8023,36,80.37265839068232,true
Person_8024,36,56.64068273592421,true
Person_8025,35,12.056935871559837,true
Person_8026,26,19.09707962001589,false
Person_8027,25,8.82203261509671,false
Person_8028,29,52.18962134606002,false
Person_8029,53,88.74966238061951,false
Person_8030,46,20.46092175245452,true
Person_8031,65,45.67257690880506,false
Person_8032,46,40.660302494424,false
Person_8033,67,17.04370801830688,true
Person_8034,78,30.12303291827059,false
Person_8035,65,66.6812938823158,false
Person_8036,48,0.341482027426121,false
Person_8037,67,12.380920102193283,true
Person_8038,64,36.96446250140847,false
Person_8039,79,92.63924140303534,false
Person_8040,21,9.530106590992604,false
Person_8041,79,1.5836449845622491,false
Person_8042,40,40.378986189911146,false
Person_8043,54,64.3085148241993,false
Person_8044,50,69.40032523761602,false
Person_8045,31,87.01702128818867,false
Person_8046,29,62.291079294924515,false
Person_8047,56,10.65630161944221,false
Person_8048,32,63.73229430849931,false
Person_8049,46,64.38905208087048,false
Person_8050,80,83.70168367319566,true
Person_8051,44,81.96961063640738,true
Person_8052,45,77.10776387781571,false
Person_8053,79,57.4794616613009,true
Person_8054,49,10.620110601066424,false
Person_8055,69,89.44711944261721,false
Person_8056,64,70.63474804921718,false
Person_8057,79,17.107405893544957,false
Person_8058,69,43.84711201618512,false
Person_8059,65,15.037406779886064,false
Person_8060,65,99.62177896561612,true
Person_8061,61,86.92339890785945,false
Person_8062,26,79.37706229495483,false
Person_8063,45,29.307700689122505,false
Person_8064,37,55.96028779911357,false
Person_8065,54,44.24356661257082,true
Person_8066,29,1.5437009800067125,false
Person_8067,70,21.180301089055064,true
Person_8068,66,19.622443084035325,true
Person_8069,65,2.7552579636818675,false
Person_8070,35,64.30592712530824,true
Person_8071,41,84.51482369903297,true
Person_8072,53,42.90876311560662,false
Person_8073,53,81.55360643737863,true
Person_8074,25,0.832939224668694,true
Person_8075,75,21.564947411723978,false
Person_8076,36,37.54597499563388,true
Person_8077,26,85.79859526536822,true
Person_8078,56,97.83378462037975,true
Person_8079,22,59.550979305504235,false
Person_8080,58,13.964727173724988,true
Person_8081,55,18.96223808934574,false
Person_8082,70,33.12804711926416,true
Person_8083,32,73.63325939497064,false
Person_8084,60,90.5759805521069,false
Person_8085,64,32.79462586936164,false
Person_8086,22,52.77557421981965,false
Person_8087,34,68.06126575430402,true
Person_8088,36,63.69043618832432,true
Person_8089,23,53.00668315565063,true
Person_8090,28,68.29694931554293,false
Person_8091,72,92.26042132130429,true
Person_8092,80,66.71064408654188,false
Person_8093,42,17.91652466503445,true
Person_8094,28,66.59969444945352,false
Person_8095,28,49.75021005051226,false
Person_8096,79,13.939453896582288,false
Person_8097,56,98.87912750519925,false
Person_8098,21,12.692780587757667,false
Person_8099,33,22.21304955524562,false
Person_8100,76,96.87700352346009,false
Person_8101,76,17.648225116879,true
Person_8102,44,71.09639982310955,false
Person_8103,62,90.88209748159699,false
Person_8104,80,74.59898308162704,false
Person_8105,50,58.17556691193998,false
Person_8106,34,12.956314940844738,false
Person_8107,43,32.50846108194797,false
Person_8108,41,31.906785150498816,false
Person_8109,67,69.22980711883308,false
Person_8110,36,8.327292509286144,false
Person_8111,60,70.22404966902147,true
Person_8112,42,89.96303708882805,false
Person_8113,61,58.24199267125927,false
Person_8114,69,2.403375870076474,false
Person_8115,62,5.873147809327106,false
Person_8116,54,20.0443662947694,true
Person_8117,60,85.39606645642993,false
Person_8118,76,54.740946162998796,false
Person_8119,79,92.5376133707829,true
Person_8120,52,99.98946762219188,true
Person_8121,20,78.005954289425,false
Person_8122,80,63.407705573112636,true
Person_8123,52,85.81211214820563,true
Person_8124,36,67.5737552747092,true
Person_8125,69,60.074251626970806,false
Person_8126,33,59.00241057741178,false
Person_8127,22,54.870321647418564,false
Person_8128,31,94.3292532594825,true
Person_8129,20,84.97150275465162,true
Person_8130,31,51.65096278895186,true
Person_8131,63,34.2383470050729,false
Person_8132,44,91.18691779652035,false
Person_8133,49,97.60121305994961,false
Person_8134,21,34.270173050492815,true
Person_8135,46,51.68752036541102,false
Person_8136,27,17.96765921281891,false
Person_8137,62,33.52514364517317,true
Person_8138,64,75.42934436927999,true
Person_8139,19,4.480628846701784,false
Person_8140,37,66.13842824224413,false
Person_8141,64,31.89730579108846,true
Person_8142,63,88.79357789779097,false
Person_8143,58,49.205506428471345,false
Person_8144,25,23.31775441122551,false
Person_8145,48,46.051243702465115,false
Person_8146,36,63.02322712259839,true
Person_8147,62,75.1556896524377,false
Person_8148,29,85.53781274910662,true
Person_8149,20,47.04045214423404,true
Person_8150,24,80.20543466218906,false
Person_8151,24,28.723202154004056,false
Person_8152,33,11.804097923747392,false
Person_8153,61,65.73325284653029,true
Person_8154,19,80.10211982233861,false
Person_8155,45,97.35265784409489,false
Person_8156,78,16.808601657321155,true
Person_8157,43,56.37708564498543,false
Person_8158,45,65.80586255601025,true
Person_8159,60,20.593289817899997,false
Person_8160,69,25.824771384545663,true
Person_8161,20,82.49079468693284,true
Person_8162,78,34.774792493843286,true
Person_8163,19,44.270638562581446,false
Person_8164,80,99.10366307234537,true
Person_8165,57,42.92695120765914,false
Person_8166,69,85.86988303693899,true
Person_8167,67,18.435337466784883,false
Person_8168,38,27.775076685707802,true
Person_8169,60,17.22057311692774,true
Person_8170,79,78.48454232591524,true
Person_8171,61,10.276213304984982,true
Person_8172,30,74.34925756041635,true
Person_8173,60,4.688333297670577,true
Person_8174,71,9.390029449442117,false
Person_8175,79,98.62750307857424,true
Person_8176,60,68.99225786168412,true
Person_8177,46,41.5286096258325,false
Person_8178,37,64.43378005376582,false
Person_8179,60,13.113320222323367,false
Person_8180,74,50.765622754349074,false
Person_8181,49,88.54228350887328,true
Person_8182,58,82.26577241078041,true
Person_8183,23,7.323820133961534,false
Person_8184,34,93.60832369458599,true
Person_8185,33,70.58884269957784,false
Person_8186,79,72.10743020573477,false
Person_8187,36,20.45441177117795,true
Person_8188,23,89.70937764692518,false
Person_8189,71,79.83987066085434,true
Person_8190,36,62.53049141454803,true
Person_8191,60,8.818436530545792,true
Person_8192,34,40.75231552909673,false
Person_8193,26,92.2702758539735,true
Person_8194,59,75.98748319571115,false
Person_8195,53,71.76764315787815,false
Person_8196,72,98.11002890599964,false
Person_8197,51,49.991491304917425,false
Person_8198,31,37.50843963970054,false
Person_8199,76,24.651264930431093,false
Person_8200,26,86.79119042227981,false
Person_8201,63,16.148991544560076,false
Person_8202,43,48.355160022996834,true
Person_8203,80,61.686532934517146,false
Person_8204,32,17.8566842039228,false
Person_8205,50,37.36511087905065,true
Person_8206,61,50.285373399450876,true
Person_8207,42,77.63478263289917,true
Person_8208,52,91.51486752100192,true
Person_8209,70,51.77943947668406,false
Person_8210,54,7.724618236536762,false
Person_8211,30,36.50836722267685,true
Person_8212,76,25.175478055916546,true
Person_8213,34,16.541781417123914,true
Person_8214,52,94.2990139752562,true
Person_8215,34,29.54915948016531,false
Person_8216,39,34.19370109104002,true
Person_8217,23,26.729755627733386,false
Person_8218,76,37.86692072455211,false
Person_8219,30,46.56104332411664,false
Person_8220,24,93.13081490489293,false
Person_8221,42,80.16854334872679,true
Person_8222,62,88.88324774918878,false
Person_8223,18,75.4814449946481,true
Person_8224,63,75.16667856240336,false
Person_8225,80,75.1186978138714,false
Person_8226,34,92.94014327087532,true
Person_8227,68,60.337539070978586,true
Person_8228,54,30.12108891091142,false
Person_8229,29,26.556509425235085,true
Person_8230,25,43.94345132444556,true
Person_8231,58,94.32064184655809,false
Person_8232,18,38.342783551977966,false
Person_8233,73,84.04852294915536,false
Person_8234,25,12.182454360532669,true
Person_8235,40,96.94302480575034,true
Person_8236,34,82.99492248761523,true
Person_8237,38,10.342408115953805,true
Person_8238,32,91.7528818974782,true
Person_8239,53,73.84429007170861,true
Person_8240,45,35.90342122683051,false
Person_8241,66,91.65872196925373,true
Person_8242,23,79.92146171615524,true
Person_8243,79,86.31723674562832,false
Person_8244,48,44.4041731802382,true
Person_8245,78,88.29078703326726,false
Person_8246,49,8.545939509486477,false
Person_8247,79,22.572561237825518,false
Person_8248,77,42.851738524466334,false
Person_8249,69,4.138758166794587,true
Person_8250,51,45.672838177785046,true
Person_8251,73,10.553845754224422,true
Person_8252,70,74.25846187193895,false
Person_8253,31,12.140542190649272,false
Person_8254,42,99.51715732077098,true
Person_8255,79,76.87722926711137,true
Person_8256,49,8.820751880952704,false
Person_8257,19,0.36530661115696805,false
Person_8258,53,95.99156969071332,true
Person_8259,69,66.46273785948581,true
Person_8260,28,6.881500486033776,true
Person_8261,32,59.83068849081731,true
Person_8262,20,16.596126319790507,true
Person_8263,39,47.2831477423278,false
Person_8264,66,76.38521398122724,true
Person_8265,72,22.01864166199693,false
Person_8266,75,34.95850070985767,false
Person_8267,45,93.6364408778589,false
Person_8268,21,94.27983086691778,false
Person_8269,25,4.162437870809777,false
Person_8270,48,82.63242931331328,true
Person_8271,41,61.27146313177689,true
Person_8272,46,97.22033107714753,true
Person_8273,53,50.93444518215428,false
Person_8274,74,91.22868975451914,false
Person_8275,59,7.376314055019851,true
Person_8276,65,32.4387932817491,true
Person_8277,78,39.97717514399919,false
Person_8278,20,13.161231424216025,true
Person_8279,64,48.09885170563059,true
Person_8280,38,40.63549560264658,false
Person_8281,61,65.58284450160669,true
Person_8282,72,91.37507626056436,false
Person_8283,51,6.332855707526585,true
Person_8284,24,29.682387834253966,false
Person_8285,61,97.57445089596786,false
Person_8286,43,59.244179673983076,false
Person_8287,26,76.60918648901259,false
Person_8288,55,0.3227451709850171,true
Person_8289,77,52.85005335392792,true
Person_8290,41,88.38169167813652,false
Person_8291,47,15.05201930539073,true
Person_8292,29,53.15982742221485,true
Person_8293,46,74.53092337142984,true
Person_8294,57,59.58559470118283,false
Person_8295,42,2.3059859435953567,false
Person_8296,40,30.26167577820732,true
Person_8297,70,15.933821349269639,false
Person_8298,70,4.720747945563519,true
Person_8299,28,2.7809354459851554,true
Person_8300,62,38.443177272932516,false
Person_8301,54,96.66506991956332,false
Person_8302,78,10.85935578333016,true
Person_8303,32,57.436982346180784,true
Person_8304,42,27.365129372773488,true
Person_8305,76,43.83751216423168,false
Person_8306,27,67.78905290259682,false
Person_8307,76,70.27720080614293,true
Person_8308,73,70.07836000211537,true
Person_8309,64,99.4073041551341,false
Person_8310,44,34.794412308967196,false
Person_8311,41,32.11696097016809,false
Person_8312,74,69.8360433737542,false
Person_8313,67,91.08977741363525,false
Person_8314,51,2.217165016725575,false
Person_8315,56,32.41845125006962,true
Person_8316,48,34.25056778597077,false
Person_8317,74,42.557326267338915,true
Person_8318,53,31.481225915169418,false
Person_8319,22,13.904795710955076,false
Person_8320,80,74.26065267553115,true
Person_8321,21,99.38252123740071,false
Person_8322,39,34.06908524709227,false
Person_8323,60,14.259444226445739,true
Person_8324,43,80.94109942852694,true
Person_8325,54,94.08745318222704,false
Person_8326,45,60.576155113268605,false
Person_8327,58,4.75062437407675,false
Person_8328,31,34.69348094969242,false
Person_8329,40,45.60731201423622,true
Person_8330,36,96.25067309462607,true
Person_8331,28,81.80843457680926,false
Person_8332,54,20.549072442244064,false
Person_8333,39,59.67465768108426,true
Person_8334,30,49.00990539112162,true
Person_8335,59,12.047046880014879,true
Person_8336,35,51.1857587043018,true
Person_8337,31,32.04761175974665,false
Person_8338,43,3.569502221161358,false
Person_8339,58,9.294983704372928,true
Person_8340,29,97.88874242322287,false
Person_8341,27,20.946496756619005,true
Person_8342,37,14.398412847288933,false
Person_8343,49,88.13476408752594,true
Person_8344,51,94.34470160471278,false
Person_8345,50,83.72731533799352,true
Person_8346,52,17.387663367773488,false
Person_8347,77,13.243075783187319,false
Person_8348,79,95.90425798916942,false
Person_8349,76,29.046406056725573,false
Person_8350,45,12.99204257489832,false
Person_8351,80,70.45300557214752,false
Person_8352,80,81.73419119986653,true
Person_8353,58,17.070016251119746,false
Person_8354,61,40.6261374571799,false
Person_8355,63,9.834943135172391,false
Person_8356,30,62.09337984823756,false
Person_8357,67,40.39220908298549,false
Person_8358,51,86.0995619591924,true
Person_8359,32,30.8307396910134,false
Person_8360,78,49.99416052650476,false
Person_8361,43,87.7455387871832,false
Person_8362,57,48.95660050144107,true
Person_8363,52,20.597347486618954,true
Person_8364,19,71.72830478258149,true
Person_8365,74,88.16115104390832,true
Person_8366,52,36.74410726395454,true
Person_8367,79,10.825258394811755,false
Person_8368,63,49.11860271586386,true
Person_8369,57,93.71314044086962,true
Person_8370,30,39.93870450798549,false
Person_8371,39,9.685728954205697,false
Person_8372,66,76.83946846174877,false
Person_8373,44,99.09466582588344,true
Person_8374,40,61.713111652762606,false
Person_8375,37,11.575505657635842,true
Person_8376,75,28.025573770276246,false
Person_8377,64,37.262631875964004,false
Person_8378,67,39.64806908960685,false
Person_8379,50,54.1475861250828,false
Person_8380,72,36.29284719431426,false
Person_8381,62,87.08134107466485,false
Person_8382,64,48.68895942229889,true
Person_8383,37,0.2238252467593571,false
Person_8384,23,52.92154066530782,true
Person_8385,51,65.33971238317324,false
Person_8386,18,97.92898836804116,true
Person_8387,69,87.32520405001164,true
Person_8388,70,80.78373500682095,true
Person_8389,50,45.03261625282315,true
Person_8390,39,99.50404628034222,false
Person_8391,20,97.02298440886989,true
Person_8392,18,21.10924414926656,false
Person_8393,69,79.8770690286666,false
Person_8394,70,51.60424125335439,true
Person_8395,70,61.85847638056842,false
Person_8396,68,84.26819935736395,false
Person_8397,76,2.7819932208837495,true
Person_8398,73,73.73700346170907,true
Person_8399,55,92.76026909721912,false
Person_8400,67,94.89057676639197,false
Person_8401,66,10.753673680752208,true
Person_8402,52,48.41660948637917,false
Person_8403,35,57.16749912312339,true
Person_8404,46,50.331816444575196,false
Person_8405,57,80.13919550269671,false
Person_8406,27,33.384934542026336,false
Person_8407,61,36.70023361146092,true
Person_8408,31,78.00249685193617,false
Person_8409,66,33.57230298778916,false
Person_8410,28,38.91604276767854,false
Person_8411,40,10.948806575024761,false
Person_8412,40,1.0503637797429244,false
Person_8413,77,26.38651739837209,false
Person_8414,67,30.006685482494067,false
Person_8415,31,18.706479915161033,false
Person_8416,65,12.579661511748174,false
Person_8417,59,41.736242202627025,true
Person_8418,53,83.39977765347672,false
Person_8419,74,58.322501036353025,false
Person_8420,32,15.680266504363892,true
Person_8421,80,71.73764031921473,true
Person_8422,48,58.75711833150537,false
Person_8423,19,11.025889769699859,true
Person_8424,74,99.61975250727716,true
Person_8425,42,27.0234032248854,true
Person_8426,66,80.91457458453425,true
Person_8427,77,20.026914899628856,true
Person_8428,46,14.89950339774605,false
Person_8429,19,84.12547797584011,false
Person_8430,25,87.55687498695536,false
Person_8431,37,8.276507589329663,false
Person_8432,23,8.925401340620153,true
Person_8433,42,54.22514883206292,true
Person_8434,50,64.42670259952128,true
Person_8435,78,30.815511197792134,false
Person_8436,66,34.71523893186313,true
Person_8437,25,7.190179717392208,true
Person_8438,40,33.97634712598073,true
Person_8439,66,24.3281086069388,true
Person_8440,23,8.552260896304897,false
Person_8441,80,98.03894693698464,false
Person_8442,26,0.7505163801355241,true
Person_8443,34,18.13678584807581,false
Person_8444,51,49.919651504819164,false
Person_8445,33,90.39543620201836,true
Person_8446,18,94.13652782313754,false
Person_8447,68,35.205854877653664,true
Person_8448,24,88.98238208789266,true
Person_8449,20,52.14369575144466,false
Person_8450,78,0.7843165825759946,true
Person_8451,34,55.80461061611349,false
Person_8452,71,71.7106656304263,false
Person_8453,30,80.82380681800053,true
Person_8454,28,74.29719605076438,true
Person_8455,35,54.42481092466353,false
Person_8456,47,22.01324480022323,false
Person_8457,24,81.45131511150096,false
Person_8458,41,9.030997228152216,true
Person_8459,49,15.520167393161255,false
Person_8460,35,81.70812850044385,true
Person_8461,58,93.76065472109248,false
Person_8462,34,61.34329851780513,false
Person_8463,70,9.910050177127605,true
Person_8464,75,13.622726615356463,true
Person_8465,76,15.29451173526063,false
Person_8466,39,49.95338870505302,false
Person_8467,39,83.69150705890215,false
Person_8468,54,2.0170708494388734,true
Person_8469,56,8.191245414752968,true
Person_8470,59,13.027686537397887,true
Person_8471,41,63.26037933543935,false
Person_8472,18,64.82498099155605,false
Person_8473,64,34.18430844295492,true
Person_8474,57,83.98117351385976,true
Person_8475,62,94.4654892634386,false
Person_8476,28,47.363183525897,false
Person_8477,28,44.02116976458931,true
Person_8478,33,62.53648296044402,true
Person_8479,58,68.70609865173834,true
Person_8480,28,81.48125909634696,false
Person_8481,24,13.732783750191901,true
Person_8482,43,95.79168453937899,false
Person_8483,49,55.58032921704725,true
Person_8484,29,71.02721305129978,true
Person_8485,72,94.60992499880554,false
Person_8486,65,57.15750245649666,true
Person_8487,27,63.29650429246819,false
Person_8488,34,35.135000376246815,false
Person_8489,41,54.44414800516954,false
Person_8490,60,88.06488967049984,true
Person_8491,62,11.556359544078987,false
Person_8492,54,56.81666247291417,true
Person_8493,39,56.23184138158628,true
Person_8494,47,61.551067335072,false
Person_8495,62,54.45318335763286,true
Person_8496,39,28.64989964293422,false
Person_8497,63,48.810236553988176,true
Person_8498,73,38.982783930883215,false
Person_8499,44,37.12941005327466,false
Person_8500,53,1.0884181990592268,false
Person_8501,57,44.059865722508526,false
Person_8502,23,43.143292763531264,false
Person_8503,22,92.14998655925638,false
Person_8504,19,1.7727902084765268,true
Person_8505,24,81.47388745874613,true
Person_8506,46,75.09488222217114,true
Person_8507,26,38.53260714518184,false
Person_8508,49,18.42535300010686,true
Person_8509,26,53.46766986483821,false
Person_8510,61,4.803872234511264,false
Person_8511,62,34.41900701393145,false
Person_8512,68,82.59518944020408,true
Person_8513,56,69.38203159348521,true
Person_8514,69,79.10054737418561,false
Person_8515,79,83.7564700423288,false
Person_8516,25,91.97986875185754,false
Person_8517,55,13.073952397714416,true
Person_8518,30,0.07614002541265208,false
Person_8519,62,69.45015806518184,true
Person_8520,68,25.954196362343996,false
Person_8521,79,41.45236327321064,true
Person_8522,63,72.30215130285647,false
Person_8523,34,28.771822004533853,true
Person_8524,33,76.90945865520237,true
Person_8525,62,45.56850765328131,false
Person_8526,57,18.4539817964678,false
Person_8527,45,34.06373869168866,true
Person_8528,42,80.17188616335598,false
Person_8529,52,14.139037035272128,false
Person_8530,45,1.1963340891151253,true
Person_8531,79,60.960347762764954,true
Person_8532,74,32.13748983108048,false
Person_8533,51,26.920124540484412,false
Person_8534,72,90.18894329937861,false
Person_8535,30,15.076867336714106,false
Person_8536,36,38.196200505822496,false
Person_8537,67,92.49102460675981,false
Person_8538,36,61.99107720480859,true
Person_8539,23,94.55651623234692,true
Person_8540,60,70.2854161587577,false
Person_8541,57,61.0296534306335,false
Person_8542,45,91.6609517816244,false
Person_8543,80,25.98008854186625,false
Person_8544,21,10.583060389232601,true
Person_8545,24,89.11511632656159,true
Person_8546,35,92.33378799855686,true
Person_8547,63,11.737863184428521,false
Person_8548,47,71.29332189004163,true
Person_8549,43,26.300470345556647,true
Person_8550,56,47.51796800178937,true
Person_8551,64,35.94204146793438,false
Person_8552,51,41.84179434825387,true
Person_8553,72,86.8130022478134,false
Person_8554,37,96.17530351257507,false
Person_8555,39,49.70768290459553,true
Person_8556,46,22.520727911610848,true
Person_8557,43,77.6643528322839,false
Person_8558,60,49.83042428155652,false
Person_8559,59,38.83319247816486,true
Person_8560,32,97.90158065408755,false
Person_8561,40,16.19197168145371,true
Person_8562,37,39.815328856906596,true
Person_8563,35,10.850608579943266,true
Person_8564,63,40.93409707579136,true
Person_8565,18,1.5221370431733439,false
Person_8566,30,17.713757861374134,true
Person_8567,41,96.82484567780469,false
Person_8568,49,94.39181746893708,true
Person_8569,72,76.87725740608587,true
Person_8570,51,95.65261591262913,false
Person_8571,46,75.45146787397346,false
Person_8572,51,52.74876053840356,true
Person_8573,75,65.23463208813908,false
Person_8574,24,56.6154665480738,false
Person_8575,25,58.17079524631591,false
Person_8576,74,95.50799321888978,true
Person_8577,71,91.75848380767242,false
Person_8578,41,97.77417703313458,false
Person_8579,48,85.27415663929924,true
Person_8580,53,78.0535910789864,false
Person_8581,38,25.41750308651416,true
Person_8582,52,0.044211700373608664,false
Person_8583,38,98.16348468228172,true
Person_8584,71,19.210700113579183,true
Person_8585,79,2.571456129880545,true
Person_8586,27,19.700628509647487,true
Person_8587,33,59.444270254846565,true
Person_8588,21,19.14551620113074,false
Person_8589,53,65.15818206848745,false
Person_8590,26,12.285524054154685,false
Person_8591,43,1.8004089961640712,true
Person_8592,52,67.42825733562056,true
Person_8593,68,48.211869653276054,false
Person_8594,31,69.28883409577031,false
Person_8595,20,40.113537701247026,true
Person_8596,77,97.8548848762835,true
Person_8597,40,34.87424688315277,false
Person_8598,62,83.82827549154186,true
Person_8599,46,86.24558772214023,false
Person_8600,23,37.097680968354396,true
Person_8601,42,99.51285028740396,true
Person_8602,69,24.44586842132912,true
Person_8603,54,57.40261864331928,true
Person_8604,63,41.45424057331339,true
Person_8605,40,79.24243440887732,true
Person_8606,76,61.01410289446003,true
Person_8607,34,86.10367899912515,false
Person_8608,21,72.93602691286752,false
Person_8609,79,21.825176495072853,false
Person_8610,64,81.3931618575973,true
Person_8611,67,97.59392654165516,false
Person_8612,70,62.53237245910873,true
Person_8613,57,6.998266879573178,true
Person_8614,53,94.93166398769806,false
Person_8615,44,80.66677045520304,true
Person_8616,44,94.37318278101318,true
Person_8617,45,24.131007180039553,true
Person_8618,80,22.322522752189766,true
Person_8619,41,37.28452362283584,true
Person_8620,45,72.70551229246689,true
Person_8621,32,61.242856231780266,true
Person_8622,23,24.7370899769897,false
Person_8623,31,91.23362849306051,false
Person_8624,29,31.97299972348393,false
Person_8625,63,20.510320676173222,false
Person_8626,69,59.99743591325299,false
Person_8627,55,21.681894139949577,false
Person_8628,39,21.469900912649997,false
Person_8629,56,84.640709146302,true
Person_8630,43,27.19114635412171,true
Person_8631,80,92.11979289269412,false
Person_8632,29,16.39276979321229,true
Person_8633,35,69.45795642115064,false
Person_8634,76,95.20596285972927,false
Person_8635,56,32.290833557388574,true
Person_8636,38,26.791771452196578,false
Person_8637,26,98.55165086211125,true
Person_8638,50,11.087096041296352,false
Person_8639,45,52.83875731611981,true
Person_8640,52,76.94216975650392,false
Person_8641,67,52.44534519924813,true
Person_8642,78,57.85569948141374,true
Person_8643,36,78.4168571905477,false
Person_8644,75,13.373148476256436,false
Person_8645,40,83.14491049333785,true
Person_8646,55,81.31981455287303,true
Person_8647,25,46.19739355068803,true
Person_8648,75,50.06509993063126,true
Person_8649,54,74.68769466023201,true
Person_8650,63,6.4650254117166845,true
Person_8651,56,43.37631776330514,false
Person_8652,24,54.3687917638017,false
Person_8653,58,44.343937795235476,false
Person_8654,70,33.590041548484365,false
Person_8655,38,54.333548010579094,true
Person_8656,39,37.381749346384815,true
Person_8657,22,2.8670434947310475,true
Person_8658,70,38.175293987483,false
Person_8659,67,57.75012339298077,true
Person_8660,34,54.013445193844454,true
Person_8661,28,72.03851905181008,false
Person_8662,79,29.969490510064357,false
Person_8663,54,14.650397866858578,false
Person_8664,69,47.11943983092378,true
Person_8665,33,59.83083517694926,false
Person_8666,75,1.4728534239416446,false
Person_8667,39,99.8482738476449,true
Person_8668,29,34.84308025263313,true
Person_8669,61,34.82921355701906,false
Person_8670,76,68.83728258843172,true
Person_8671,75,13.761413480098206,true
Person_8672,47,12.474540667900557,false
Person_8673,76,51.055229881907714,true
Person_8674,43,40.6410441147287,false
Person_8675,54,22.25343607372654,false
Person_8676,74,18.224842180397626,false
Person_8677,18,8.174962025740996,false
Person_8678,31,9.348417938084841,false
Person_8679,56,1.8646245975104447,true
Person_8680,36,63.02228338590531,true
Person_8681,69,67.81780224341277,true
Person_8682,65,20.620275558525524,true
Person_8683,61,33.72685158898242,true
Person_8684,23,72.7103991870355,true
Person_8685,64,53.361945451206395,true
Person_8686,61,5.245791190475124,true
Person_8687,50,51.14514366868915,true
Person_8688,76,52.55544771252715,false
Person_8689,77,17.776940266253927,false
Person_8690,57,50.9178407693366,false
Person_8691,74,43.38687846152898,false
Person_8692,27,23.824155256771284,false
Person_8693,57,29.190711359340128,false
Person_8694,39,5.688168926302827,false
Person_8695,40,73.58916134657704,false
Person_8696,41,25.349735558038677,true
Person_8697,19,2.269475278104238,false
Person_8698,75,66.15855380360419,false
Person_8699,66,64.24629093370193,false
Person_8700,46,81.23929174307469,false
Person_8701,51,83.10645322957282,true
Person_8702,52,88.71255725310621,false
Person_8703,47,41.75747119080986,false
Person_8704,40,73.57046393019063,false
Person_8705,63,99.70951364896925,false
Person_8706,18,35.27580783280071,false
Person_8707,66,21.22743803464263,true
Person_8708,38,46.051360493814066,false
Person_8709,58,56.28063736257094,true
Person_8710,44,9.72444130033855,true
Person_8711,60,75.56060397305507,true
Person_8712,34,19.276029629852065,false
Person_8713,27,19.7292465704724,true
Person_8714,30,51.776454007512264,false
Person_8715,43,52.19533772066099,false
Person_8716,48,84.86569270220562,false
Person_8717,30,60.700126947503776,false
Person_8718,49,23.99544604310826,true
Person_8719,66,30.296700211229243,false
Person_8720,56,99.66953610592768,false
Person_8721,37,49.48282616386965,true
Person_8722,32,88.4374194820551,true
Person_8723,56,22.010401846111893,false
Person_8724,34,3.8137760639166185,true
Person_8725,34,41.141768775845314,false
Person_8726,35,67.91166430174827,true
Person_8727,33,56.44833927719929,false
Person_8728,60,18.90244503488003,false
Person_8729,60,87.94890113915412,true
Person_8730,25,76.37214455685074,true
Person_8731,28,30.429405672014376,true
Person_8732,19,7.77087836619611,true
Person_8733,23,61.67260741204652,false
Person_8734,75,45.440254322389286,true
Person_8735,41,60.12205979609395,true
Person_8736,72,79.48834817166768,false
Person_8737,41,64.23176138221997,true
Person_8738,69,50.59612450968467,false
Person_8739,66,98.50881387238408,false
Person_8740,23,42.27589404456601,true
Person_8741,37,46.082870284289854,false
Person_8742,61,47.68388809134447,false
Person_8743,23,78.42972188574672,true
Person_8744,71,94.71648015791746,false
Person_8745,56,71.60748214169035,false
Person_8746,20,32.20535805988256,true
Person_8747,18,45.55070412812285,true
Person_8748,24,4.733515017837375,false
Person_8749,38,9.845944762112035,false
Person_8750,46,2.838093506841599,false
Person_8751,42,45.210993600278684,false
Person_8752,23,25.31895280925657,true
Person_8753,74,28.02216692252929,true
Person_8754,19,7.349290473800707,false
Person_8755,36,28.199924329062075,true
Person_8756,44,93.69839436265214,false
Person_8757,31,19.21588970789826,false
Person_8758,65,10.422585816761586,true
Person_8759,65,7.53631668122734,false
Person_8760,54,52.42422577456536,false
Person_8761,39,70.7774042621323,false
Person_8762,45,78.22904925784418,true
Person_8763,66,96.69748429631744,true
Person_8764,76,32.18694580263445,true
Person_8765,54,36.14294884262954,false
Person_8766,45,67.94898897338433,false
Person_8767,20,2.4618989382182654,false
Person_8768,57,52.18599202917144,true
Person_8769,48,21.542924295143195,false
Person_8770,22,21.915658410689066,true
Person_8771,68,43.47663343955763,true
Person_8772,80,45.56286747441466,false
Person_8773,58,86.13653031782555,false
Person_8774,27,88.14758105553076,false
Person_8775,70,92.438058545818,true
Person_8776,43,91.20294627163982,false
Person_8777,20,93.94928848189613,true
Person_8778,47,54.568082707271536,false
Person_8779,75,12.795153905523836,true
Person_8780,37,87.71531635441164,true
Person_8781,29,81.18885793440597,true
Person_8782,37,56.268614507616554,false
Person_8783,69,29.568131547902265,true
Person_8784,27,33.351036284917555,false
Person_8785,73,9.586062101402625,true
Person_8786,76,50.88938723388223,false
Person_8787,61,69.50468623676097,true
Person_8788,49,55.31773045493418,false
Person_8789,52,86.89582777424366,true
Person_8790,64,99.07822079630273,false
Person_8791,59,55.08145352021593,true
Person_8792,53,62.964580783601576,true
Person_8793,67,5.933509246021029,true
Person_8794,19,4.775601130010143,true
Person_8795,69,36.05200090493897,false
Person_8796,40,75.50026407526164,true
Person_8797,29,83.6933551083675,false
Person_8798,56,54.428206241397625,true
Person_8799,58,61.58094573527373,false
Person_8800,70,20.423237574378874,false
Person_8801,70,61.821997805348616,false
Person_8802,32,71.94413432332752,false
Person_8803,21,71.31753366816754,false
Person_8804,72,22.55461693295021,true
Person_8805,43,92.5030452989471,false
Person_8806,79,90.6905823412995,true
Person_8807,61,91.50991592419892,false
Person_8808,36,2.617014850076882,true
Person_8809,23,17.837465810810237,false
Person_8810,72,85.58881865030509,false
Person_8811,19,95.10881944022688,false
Person_8812,47,42.07353222484811,true
Person_8813,26,70.7206649094145,true
Person_8814,52,92.74464502469743,false
Person_8815,40,74.89958201804657,true
Person_8816,23,91.78756978964928,false
Person_8817,44,48.76775134569541,false
Person_8818,61,67.02352974232701,true
Person_8819,75,77.65583512135808,true
Person_8820,21,22.825082528983355,true
Person_8821,34,5.769096937735196,true
Person_8822,42,87.46193722516652,false
Person_8823,45,76.60921753974777,false
Person_8824,76,19.369224573951904,true
Person_8825,77,44.341625090173665,false
Person_8826,26,33.99558658738445,true
Person_8827,42,42.19032376734445,false
Person_8828,58,56.62010775778105,true
Person_8829,41,99.95294923704479,true
Person_8830,44,86.17643960175688,true
Person_8831,18,36.66195147412705,true
Person_8832,72,30.743927600379585,true
Person_8833,73,89.61489453965014,false
Person_8834,51,3.8846637389709726,false
Person_8835,40,83.17712343039842,false
Person_8836,57,36.06691691573138,false
Person_8837,72,58.57749833017864,true
Person_8838,67,13.39766593704873,false
Person_8839,28,68.6868243854556,false
Person_8840,30,51.874938555553726,true
Person_8841,64,17.889942826108395,false
Person_8842,44,71.07055831715363,false
Person_8843,41,32.216075845569605,false
Person_8844,70,10.925840698143663,true
Person_8845,29,59.6543526397315,false
Person_8846,62,5.45139031558084,true
Person_8847,71,59.64463322158762,false
Person_8848,45,41.08721860666701,true
Person_8849,71,47.84738845965476,false
Person_8850,55,31.9005622372716,false
Person_8851,72,92.28893463435054,true
Person_8852,23,17.325075629235233,false
Person_8853,29,15.222473258979797,true
Person_8854,32,64.40732967553292,true
Person_8855,41,53.137806010289204,false
Person_8856,61,40.34529265044614,true
Person_8857,48,50.36809829227953,false
Person_8858,33,8.182184240223911,false
Person_8859,28,96.83413582943784,false
Person_8860,21,19.637775965379024,false
Person_8861,18,88.656619374698,false
Person_8862,29,25.314604829004427,false
Person_8863,78,73.4889317373519,true
Person_8864,54,89.82398623949345,true
Person_8865,75,26.083629792518124,false
Person_8866,56,32.50636103221039,true
Person_8867,58,89.5065527657392,true
Person_8868,37,58.52238023297682,true
Person_8869,41,71.97522777295092,false
Person_8870,48,54.996114904831636,true
Person_8871,19,15.007601130063508,false
Person_8872,22,85.04355873562098,true
Person_8873,28,71.60990777512394,false
Person_8874,55,92.57132149419553,false
Person_8875,72,11.611923600153752,true
Person_8876,35,24.282579183925456,false
Person_8877,48,65.85982281433895,false
Person_8878,53,8.123410134762022,false
Person_8879,69,14.350927230052768,false
Person_8880,54,27.239987753872153,true
Person_8881,35,58.40577553769004,false
Person_8882,70,16.99016054079082,false
Person_8883,30,65.82500180178663,true
Person_8884,48,52.531271177428486,false
Person_8885,59,56.00922222170692,false
Person_8886,49,41.064114689778584,false
Person_8887,48,74.51870095542603,false
Person_8888,36,23.296697847252734,false
Person_8889,63,17.100023199533865,false
Person_8890,39,6.4381266472926635,false
Person_8891,25,92.40082237354594,true
Person_8892,78,98.99066604555978,true
Person_8893,18,71.1157420292333,true
Person_8894,50,52.92106264384947,true
Person_8895,72,47.02522337123361,false
Person_8896,58,77.02906158944151,false
Person_8897,58,80.14914510620092,true
Person_8898,49,94.07652864944596,true
Person_8899,18,84.85267428745172,true
Person_8900,57,82.27154135675046,false
Person_8901,30,37.60857640653599,true
Person_8902,77,28.608074448708,false
Person_8903,78,53.7469242300005,true
Person_8904,72,25.035809093493743,false
Person_8905,59,86.22393800246779,false
Person_8906,24,84.40433362688157,true
Person_8907,46,24.321237254514816,true
Person_8908,45,46.36854474716265,true
Person_8909,58,84.56909048134912,true
Person_8910,71,71.27419191622009,true
Person_8911,37,67.20689980512495,true
Person_8912,59,2.909129013576095,false
Person_8913,34,86.3056322339333,true
Person_8914,74,49.3658344384148,true
Person_8915,30,80.28175780083461,true
Person_8916,60,67.32029782566855,false
Person_8917,72,35.841725617402,false
Person_8918,26,68.77574872038396,false
Person_8919,56,54.659817776304585,true
Person_8920,59,42.934935151498664,true
Person_8921,34,5.042088530053423,true
Person_8922,32,86.12103173545192,true
Person_8923,53,40.516191685540804,true
Person_8924,47,61.17008288349173,false
Person_8925,19,63.443221558474974,true
Person_8926,64,70.10722590187926,true
Person_8927,39,9.241773361724182,false
Person_8928,37,37.7055828154578,true
Person_8929,67,81.7886851873527,false
Person_8930,26,22.14490425049197,true
Person_8931,24,6.782372861213437,true
Person_8932,37,22.63031646011564,true
Person_8933,68,62.48617270497514,false
Person_8934,80,62.367997787177664,true
Person_8935,38,14.907422994499909,false
Person_8936,72,93.22107476785611,false
Person_8937,37,32.472061845752854,false
Person_8938,62,8.415631014756976,true
Person_8939,42,45.937203450399835,true
Person_8940,51,27.80312634819644,true
Person_8941,58,33.71124896461575,true
Person_8942,70,56.90494892381104,false
Person_8943,35,39.109581348859244,true
Person_8944,55,76.45323925375975,true
Person_8945,64,80.16753596954803,false
Person_8946,62,3.1054944130147533,true
Person_8947,31,78.65617401688898,false
Person_8948,59,68.31721361052874,false
Person_8949,63,54.05855436956701,true
Person_8950,52,68.02453842569804,true
Person_8951,79,6.811867286484141,true
Person_8952,20,7.933494248378093,false
Person_8953,52,81.02045870470627,true
Person_8954,50,4.300238573629778,false
Person_8955,68,96.67375907466447,true
Person_8956,19,44.46225006409357,false
Person_8957,65,57.40777327588241,true
Person_8958,66,57.82365085219243,false
Person_8959,76,6.6730866526989345,false
Person_8960,60,89.51248404752292,true
Person_8961,28,62.19568363921763,true
Person_8962,59,54.38470629939486,false
Person_8963,54,53.12994077999393,true
Person_8964,37,2.969235950533722,true
Person_8965,36,45.5881883058785,true
Person_8966,69,70.14498054377889,true
Person_8967,32,77.31067145541225,true
Person_8968,34,29.591376327747053,false
Person_8969,18,33.012802991702216,true
Person_8970,35,40.839196816437315,false
Person_8971,35,65.74042266366877,false
Person_8972,34,80.55133701991268,true
Person_8973,72,0.26351505481209125,false
Person_8974,22,77.93373667026583,true
Person_8975,37,98.71951665061034,true
Person_8976,60,87.99452533949733,true
Person_8977,79,27.309768124068302,false
Person_8978,69,72.4100016887476,true
Person_8979,75,96.23835430659305,true
Person_8980,36,50.50760996948945,true
Person_8981,38,98.99282510463225,false
Person_8982,21,77.25083681607568,true
Person_8983,72,55.04422453935857,false
Person_8984,69,51.88245370196453,true
Person_8985,59,15.185167556620183,false
Person_8986,56,71.25118198630314,false
Person_8987,36,4.217685894353574,true
Person_8988,61,83.2631504987041,false
Person_8989,46,33.68407990961079,true
Person_8990,42,41.8430778055221,true
Person_8991,39,71.23356984694205,false
Person_8992,36,8.466082660609143,true
Person_8993,72,86.34761635879427,false
Person_8994,44,89.71044898313596,false
Person_8995,54,10.187463715859312,true
Person_8996,55,45.94281882421354,true
Person_8997,43,71.79868843717642,true
Person_8998,48,4.892279850625814,true
Person_8999,60,79.44985980151132,false
Person_9000,75,99.66229242916536,true
Person_9001,43,83.27251585733968,false
Person_9002,73,9.769191240432818,false
Person_9003,69,45.93464862591965,true
Person_9004,34,59.95631033601816,true
Person_9005,76,12.564030034201945,false
Person_9006,54,19.424334149459543,false
Person_9007,24,84.96037356074025,true
Person_9008,44,46.21995439080341,false
Person_9009,22,16.431661804352093,true
Person_9010,21,70.78375040553236,false
Person_9011,79,33.03186458366194,false
Person_9012,49,28.565129965050097,false
Person_9013,61,97.93565897014798,true
Person_9014,61,44.05360412575363,false
Person_9015,34,77.71530465238907,false
Person_9016,75,1.7716856966681904,false
Person_9017,43,93.56693470769561,false
Person_9018,20,1.3529579845026452,false
Person_9019,53,37.026650692700144,true
Person_9020,30,82.3951875216435,false
Person_9021,78,73.59075575046415,false
Person_9022,36,22.08448471859542,true
Person_9023,23,6.119789516928775,false
Person_9024,60,37.958890640301746,true
Person_9025,66,59.99588951113167,true
Person_9026,51,84.20622291442453,true
Person_9027,41,46.846465672678804,false
Person_9028,21,78.16821118760768,false
Person_9029,28,81.87197658641594,true
Person_9030,35,18.723942621268918,true
Person_9031,44,8.698618520031188,true
Person_9032,38,86.7775107300062,true
Person_9033,68,45.88766016497428,true
Person_9034,58,79.77671717559012,true
Person_9035,57,62.80706866900027,false
Person_9036,19,47.828983388602474,true
Person_9037,69,73.23227981521705,true
Person_9038,64,21.203497718288823,false
Person_9039,72,16.216665618627204,true
Person_9040,71,55.53671460269498,true
Person_9041,26,21.75227966468778,true
Person_9042,67,86.51520580253646,false
Person_9043,34,80.58175861098722,false
Person_9044,20,43.69772444579462,true
Person_9045,30,34.34731049093783,true
Person_9046,72,17.44498690448413,false
Person_9047,78,99.9905451988238,false
Person_9048,28,59.91695819521989,false
Person_9049,38,96.76106148407186,true
Person_9050,33,15.502471260658869,false
Person_9051,68,60.07425709154147,false
Person_9052,66,87.45501795886229,true
Person_9053,35,59.4086580764616,true
Person_9054,47,55.580631732983385,true
Person_9055,69,84.02885583455614,true
Person_9056,42,23.24924266135213,false
Person_9057,24,3.367871738896555,true
Person_9058,23,9.880424176282387,false
Person_9059,56,98.27932551622976,true
Person_9060,36,16.046257274711138,true
Person_9061,68,37.50572135564495,true
Person_9062,71,9.326900664744608,false
Person_9063,52,80.69036393458741,false
Person_9064,72,36.8174229256095,true
Person_9065,23,60.927815363789506,true
Person_9066,33,49.77196031619366,true
Person_9067,58,91.22739052391567,true
Person_9068,45,35.91337387437964,true
Person_9069,51,91.79569694771833,true
Person_9070,64,40.501440212693126,true
Person_9071,68,32.99469561159255,false
Person_9072,29,77.32186471801032,true
Person_9073,59,52.56242683490403,false
Person_9074,31,49.125058448073176,false
Person_9075,78,32.74831979343848,true
Person_9076,30,68.13486100292366,true
Person_9077,23,46.765853342845176,false
Person_9078,28,29.144563124010936,true
Person_9079,43,52.076118563614806,true
Person_9080,75,21.710145668881587,true
Person_9081,68,69.68367430483879,true
Person_9082,64,97.00411441748145,false
Person_9083,19,94.32291479073515,false
Person_9084,71,24.246437970051293,false
Person_9085,52,24.559003961193426,true
Person_9086,74,26.629043816030407,false
Person_9087,35,48.016838015933075,false
Person_9088,24,24.959010415116644,true
Person_9089,21,85.86866995439902,false
Person_9090,43,24.373993407448292,true
Person_9091,79,65.38523282306393,false
Person_9092,49,70.4204965170242,true
Person_9093,67,68.08320288781509,true
Person_9094,39,82.58389183202124,true
Person_9095,44,5.354821841566726,true
Person_9096,61,9.469049936673713,false
Person_9097,64,47.53661366564243,true
Person_9098,45,9.59284871440328,true
Person_9099,79,87.40780862184081,false
Person_9100,20,29.782039124312586,false
Person_9101,26,10.739825396307722,true
Person_9102,51,85.92165790475259,false
Person_9103,23,38.664798442130135,true
Person_9104,54,63.44941324887493,false
Person_9105,28,22.597747923149548,true
Person_9106,30,5.468944615282345,false
Person_9107,68,96.85157844695166,false
Person_9108,42,64.3318856107142,false
Person_9109,60,7.957688701324484,false
Person_9110,46,16.890791783453896,false
Person_9111,34,22.69904156924012,false
Person_9112,61,29.991144790711456,false
Person_9113,52,59.66349676060507,true
Person_9114,65,23.227019853361973,false
Person_9115,78,6.418913061340192,false
Person_9116,80,63.068215318839506,true
Person_9117,58,64.88756060572085,false
Person_9118,28,67.43275492421515,true
Person_9119,31,17.96000822309646,false
Person_9120,45,26.722719924294047,true
Person_9121,74,48.80310849480285,true
Person_9122,79,96.74574240838378,false
Person_9123,60,0.5738064576243262,false
Person_9124,26,10.913929575019488,false
Person_9125,64,58.68795706647919,true
Person_9126,57,94.54574209899978,true
Person_9127,40,14.51512651429887,false
Person_9128,43,29.722983116946345,true
Person_9129,38,49.795524626315945,false
Person_9130,30,8.387927751212699,false
Person_9131,36,11.87574845911924,false
Person_9132,48,83.39450620588151,false
Person_9133,32,56.75390963108951,false
Person_9134,67,68.73175473685771,false
Person_9135,66,9.787751060846595,false
Person_9136,55,11.269988235753525,true
Person_9137,58,87.48444748069373,false
Person_9138,78,20.882468214169304,false
Person_9139,22,77.2197387446613,true
Person_9140,41,96.8200135186566,true
Person_9141,53,1.6951951044846703,true
Person_9142,30,26.30391356190759,false
Person_9143,54,78.37303215900565,true
Person_9144,35,75.81964751931817,true
Person_9145,66,5.788542726030654,true
Person_9146,58,44.520998493392796,true
Person_9147,44,50.31038916281821,true
Person_9148,51,42.40774514866036,true
Person_9149,63,25.147915324409443,true
Person_9150,47,65.87477826245247,false
Person_9151,52,3.471137097863619,true
Person_9152,32,31.972325619210196,false
Person_9153,59,89.05914146267955,true
Person_9154,18,50.18309484312902,true
Person_9155,55,98.77206418411228,true
Person_9156,22,68.03880863823639,false
Person_9157,59,37.825526238837185,true
Person_9158,73,63.147087341937066,false
Person_9159,35,9.875152448907453,false
Person_9160,79,77.82606824911392,false
Person_9161,49,45.230388713550795,true
Person_9162,31,95.40936535032414,true
Person_9163,60,93.2089862987587,true
Person_9164,38,38.817075375075696,true
Person_9165,79,62.57819035662104,false
Person_9166,19,46.293186512404596,true
Person_9167,68,73.95569120784286,true
Person_9168,20,43.677708544992285,true
Person_9169,28,5.872047045200612,false
Person_9170,53,50.253922700575714,true
Person_9171,58,2.329141622446773,true
Person_9172,31,14.01999179393959,false
Person_9173,21,37.33694706904846,true
Person_9174,23,60.94101980499953,false
Person_9175,32,58.080523319948405,true
Person_9176,47,48.94168528332327,true
Person_9177,61,73.78210010641769,true
Person_9178,66,86.77979368754566,false
Person_9179,47,68.7221364422715,false
Person_9180,43,47.804924162624864,true
Person_9181,79,36.38996210730126,true
Person_9182,75,0.25491065531498824,false
Person_9183,47,84.80075658703117,false
Person_9184,29,8.391254491659716,false
Person_9185,50,56.56869721002884,true
Person_9186,63,75.71628783999795,false
Person_9187,19,87.1187143762502,false
Person_9188,58,46.42480661987031,false
Person_9189,72,86.25844284768536,true
Person_9190,28,26.40721459539118,true
Person_9191,80,67.68533859058824,true
Person_9192,55,65.99823254607006,true
Person_9193,78,30.49248238561849,false
Person_9194,40,99.00416836223597,false
Person_9195,48,4.762992142970502,false
Person_9196,52,28.1135252058896,true
Person_9197,37,44.3453118810457,false
Person_9198,79,64.3890021943871,true
Person_9199,29,1.3646151961804631,true
Person_9200,78,14.601037529273086,false
Person_9201,70,63.30102348406717,true
Person_9202,36,59.099479288622724,true
Person_9203,20,45.831646402810456,false
Person_9204,55,84.53190964391312,true
Person_9205,39,11.274482054078927,false
Person_9206,45,13.348770408512479,false
Person_9207,79,63.759680778026876,false
Person_9208,50,64.68009408467165,true
Person_9209,58,83.08059683476033,false
Person_9210,66,55.136619950856016,false
Person_9211,19,93.88741279973331,false
Person_9212,76,54.626098684300615,false
Person_9213,72,50.49661470993948,true
Person_9214,77,4.042705195832042,true
Person_9215,47,57.91078851487126,true
Person_9216,48,69.0866278271016,true
Person_9217,33,29.559242137152186,true
Person_9218,48,57.577070389242515,true
Person_9219,55,83.69842529241416,false
Person_9220,22,75.35419230829623,false
Person_9221,36,36.80696676482196,true
Person_9222,46,6.118699952617912,false
Person_9223,32,28.460014511143783,true
Person_9224,39,5.3892913769100765,false
Person_9225,30,10.554947736921616,true
Person_9226,34,56.39371363197749,false
Person_9227,74,57.94225986598526,false
Person_9228,50,81.99454988962603,true
Person_9229,26,52.197427435559106,true
Person_9230,49,4.065670704665436,false
Person_9231,34,15.369233212774757,false
Person_9232,37,26.903514692278907,false
Person_9233,42,68.27688623978379,true
Person_9234,42,93.45587930787916,false
Person_9235,33,52.99582039660867,true
Person_9236,49,92.76776945690874,false
Person_9237,18,17.88403021118595,false
Person_9238,43,42.600873946237485,true
Person_9239,30,88.64714929509297,false
Person_9240,79,8.823270406436311,true
Person_9241,49,40.871653555823016,true
Person_9242,80,24.407829144285298,true
Person_9243,72,25.816561814014527,true
Person_9244,50,25.838017611535026,false
Person_9245,70,21.86349756977958,false
Person_9246,45,39.60157586088636,true
Person_9247,18,2.9623495330874383,false
Person_9248,29,23.590391839928728,false
Person_9249,75,62.98377045627277,false
Person_9250,42,83.00095495818138,true
Person_9251,77,92.89933966478041,true
Person_9252,22,9.169282213772622,true
Person_9253,46,38.961751322025094,true
Person_9254,74,77.93357084412537,false
Person_9255,76,45.634395321954266,true
Person_9256,69,58.914933701014185,true
Person_9257,27,96.74400677784672,false
Person_9258,34,31.251457770661307,true
Person_9259,56,40.23134157351706,true
Person_9260,22,12.079281449815948,true
Person_9261,65,13.852266126688273,true
Person_9262,28,30.28902057232772,true
Person_9263,32,35.05927734659375,true
Person_9264,28,18.948756591489623,true
Person_9265,65,23.58070988234845,false
Person_9266,74,90.56626375323884,false
Person_9267,26,10.64523684179165,false
Person_9268,55,81.38301358682398,false
Person_9269,47,63.06040385823479,false
Person_9270,79,66.40065468745794,true
Person_9271,52,73.08949625079633,true
Person_9272,71,68.78693823689012,false
Person_9273,76,5.221220251194625,false
Person_9274,30,73.54669939199377,true
Person_9275,47,28.529754246909235,true
Person_9276,65,12.953761150267395,false
Person_9277,53,12.892649437776315,false
Person_9278,76,82.68437259944673,true
Person_9279,58,24.557457763550605,true
Person_9280,70,38.69159597866051,true
Person_9281,21,15.29914433663998,true
Person_9282,23,15.53390867687967,true
Person_9283,55,49.43505609336432,true
Person_9284,71,26.562236840104948,true
Person_9285,70,2.924774657694973,false
Person_9286,34,75.79265751084057,false
Person_9287,66,97.07143042566005,false
Person_9288,24,12.392806387838807,true
Person_9289,69,15.319452430280279,true
Person_9290,47,69.18843759989922,true
Person_9291,21,8.9911651062063,true
Person_9292,18,37.246701781660754,true
Person_9293,78,60.21527493298938,true
Person_9294,62,77.22602506599516,true
Person_9295,68,20.365196483885295,true
Person_9296,49,65.84899028484116,true
Person_9297,45,83.18783727092126,false
Person_9298,26,68.93586402996577,true
Person_9299,25,76.38070505479523,false
Person_9300,30,29.550365439022798,false
Person_9301,34,32.61729445937852,true
Person_9302,49,6.929811866079638,false
Person_9303,50,76.42555177455048,false
Person_9304,61,3.313590067452976,false
Person_9305,63,88.29953158131458,false
Person_9306,23,45.10960536352036,true
Person_9307,40,89.37157182570763,false
Person_9308,19,19.529280193324063,false
Person_9309,72,70.60454965758241,false
Person_9310,56,31.85353119073303,true
Person_9311,76,84.65088108536206,false
Person_9312,69,52.14614946510147,true
Person_9313,69,36.14612619939128,false
Person_9314,63,57.03358521516688,false
Person_9315,18,44.13116835054299,true
Person_9316,59,89.89397728222055,true
Person_9317,60,76.66881440636539,false
Person_9318,42,14.730211051057573,true
Person_9319,49,3.1921485110994463,false
Person_9320,39,17.830364586133584,true
Person_9321,61,99.73030330373722,true
Person_9322,77,89.39011530300226,false
Person_9323,30,33.59132912218963,false
Person_9324,69,87.55740514361042,false
Person_9325,41,96.69613056401441,true
Person_9326,52,27.642303125410084,false
Person_9327,47,49.40685942660712,false
Person_9328,43,66.64788794255867,true
Person_9329,55,63.84017689153261,false
Person_9330,34,91.1502482017777,true
Person_9331,33,95.10042599958871,false
Person_9332,41,26.679407745527207,true
Person_9333,46,3.8484759215938413,false
Person_9334,63,0.15295309346698982,true
Person_9335,21,92.32039078466158,false
Person_9336,78,42.89658770784573,false
Person_9337,60,62.85034707878335,false
Person_9338,78,98.80632707420894,false
Person_9339,27,62.132310353471624,false
Person_9340,38,76.09241688160023,true
Person_9341,39,77.80549881128275,true
Person_9342,26,67.42759513396052,false
Person_9343,52,91.42965269438771,false
Person_9344,53,14.462755448073672,false
Person_9345,55,20.630326271028466,false
Person_9346,80,48.54034305094713,true
Person_9347,19,99.38333290353128,true
Person_9348,51,70.06103975845386,true
Person_9349,71,19.787679367450504,true
Person_9350,18,79.717942376913,false
Person_9351,78,11.769677422170366,true
Person_9352,80,88.28596062073154,true
Person_9353,71,33.58941457742258,true
Person_9354,54,9.811729627435694,false
Person_9355,46,94.7793206400146,false
Person_9356,56,31.059187518767327,false
Person_9357,28,55.36475078206043,true
Person_9358,78,62.08992257395401,true
Person_9359,59,56.31795194904207,false
Person_9360,64,39.6572305992391,true
Person_9361,23,23.85199464519716,false
Person_9362,62,51.64019139820869,true
Person_9363,62,36.68566134744435,true
Person_9364,28,87.98127084565989,true
Person_9365,41,61.54706707039923,true
Person_9366,73,56.41383802755675,true
Person_9367,44,54.27064038168379,true
Person_9368,72,79.70018472772857,true
Person_9369,60,50.357674660471666,false
Person_9370,21,44.63120333408072,false
Person_9371,21,5.992540549219716,true
Person_9372,32,89.68196011699818,false
Person_9373,65,23.40830677929877,true
Person_9374,30,95.20773085704006,true
Person_9375,54,70.08565075237502,false
Person_9376,50,65.35787895016504,true
Person_9377,36,70.16330499741586,true
Person_9378,22,15.4395943740394,false
Person_9379,61,5.269685790470868,true
Person_9380,46,61.91262584244733,false
Person_9381,32,12.549996998665092,true
Person_9382,46,19.32824486536191,false
Person_9383,53,2.5574634343105918,true
Person_9384,50,33.36152878831747,true
Person_9385,59,24.9797585015611,false
Person_9386,18,55.05037160525434,false
Person_9387,68,48.938517529922535,false
Person_9388,64,74.73895698005725,true
Person_9389,78,63.504488609047584,false
Person_9390,19,52.91494451690259,true
Person_9391,34,40.20902293913154,false
Person_9392,24,84.22845571270842,false
Person_9393,51,70.48597246636167,false
Person_9394,22,71.38486166666237,false
Person_9395,22,74.03564712321821,true
Person_9396,60,12.022542345695776,false
Person_9397,46,18.555453642647237,false
Person_9398,58,77.63276669385564,true
Person_9399,73,76.45637431494404,true
Person_9400,19,12.327692688120372,false
Person_9401,45,46.35861688336712,false
Person_9402,23,85.47704855895033,true
Person_9403,50,52.45911797800419,true
Person_9404,26,79.31563896345875,true
Person_9405,21,5.225914841896628,true
Person_9406,33,1.415255689296524,true
Person_9407,28,4.349485871080983,false
Person_9408,62,33.41495856012141,true
Person_9409,44,62.81067744069898,true
Person_9410,35,78.17116720526765,false
Person_9411,32,17.2674969164055,true
Person_9412,26,30.199366657125072,true
Person_9413,24,88.2390211270507,false
Person_9414,79,70.83327060605376,true
Person_9415,64,4.750583286507903,false
Person_9416,42,1.4716932301217844,false
Person_9417,30,69.44728253380323,false
Person_9418,67,94.5442529252366,true
Person_9419,49,1.7763350186366655,false
Person_9420,66,44.20986820932378,false
Person_9421,55,39.63547310608101,false
Person_9422,47,81.69416793338016,true
Person_9423,39,78.42507905775871,true
Person_9424,61,21.747353254009827,false
Person_9425,78,11.806127292929325,false
Person_9426,35,58.09957126027889,false
Person_9427,29,59.51994721104388,false
Person_9428,39,67.1604188545371,true
Person_9429,25,47.37826653095624,false
Person_9430,52,46.194370847151255,true
Person_9431,78,94.83888611101644,false
Person_9432,57,60.04827758302639,false
Person_9433,72,34.76566392934055,false
Person_9434,38,27.30916024746176,true
Person_9435,53,33.57221083915371,true
Person_9436,36,58.66505795414645,true
Person_9437,33,48.73550308352181,true
Person_9438,65,50.549669269259255,false
Person_9439,50,31.42186995870061,false
Person_9440,75,90.90535855067776,false
Person_9441,29,20.21193207001196,false
Person_9442,43,89.28451912317139,false
Person_9443,60,7.926427252756096,false
Person_9444,75,73.88662595094605,false
Person_9445,51,79.88693828379067,false
Person_9446,72,43.03770974428147,false
Person_9447,76,16.062543939696795,false
Person_9448,50,75.7822626999223,true
Person_9449,23,68.7550328432286,true
Person_9450,59,16.31639563963735,false
Person_9451,66,39.26430210447851,false
Person_9452,53,77.33488973128154,true
Person_9453,59,64.75279162295651,false
Person_9454,63,60.91095205684069,false
Person_9455,33,78.82627925689954,true
Person_9456,57,23.322832383980728,true
Person_9457,73,94.88336351412585,true
Person_9458,52,10.26860758351421,true
Person_9459,71,71.37484239696012,false
Person_9460,58,55.429479486538405,false
Person_9461,36,39.49501506020111,false
Person_9462,64,86.54015183196047,true
Person_9463,52,23.584767111640513,false
Person_9464,48,43.600169184401985,false
Person_9465,58,78.91842002310977,true
Person_9466,80,96.68940179362785,true
Person_9467,25,72.60786101738567,false
Person_9468,68,31.37852790884017,false
Person_9469,23,57.67855229208097,true
Person_9470,47,15.677673836518835,false
Person_9471,69,97.88303359266402,true
Person_9472,46,14.771613359924496,true
Person_9473,37,1.5690385252887684,false
Person_9474,22,25.89615959396291,true
Person_9475,59,21.87969279689662,true
Person_9476,73,31.700192351161594,true
Person_9477,31,61.34950494199109,true
Person_9478,75,79.51820418422251,true
Person_9479,59,60.93011287862561,false
Person_9480,43,8.765068474141568,true
Person_9481,68,63.33124154434028,true
Person_9482,78,51.8874560880489,false
Person_9483,64,74.94435880576019,true
Person_9484,56,1.5186299422000116,false
Person_9485,41,67.93884919463414,true
Person_9486,62,75.59905079875486,false
Person_9487,69,52.74944609333744,false
Person_9488,62,98.95588896976611,false
Person_9489,48,13.747924177509041,true
Person_9490,70,77.21687898108878,true
Person_9491,78,53.62634432041952,true
Person_9492,38,52.95248890597729,true
Person_9493,56,35.37664776754852,false
Person_9494,27,46.34314797605595,false
Person_9495,19,83.80084487000765,false
Person_9496,24,8.854071890578041,false
Person_9497,48,45.81003088268518,false
Person_9498,34,15.913927200689237,true
Person_9499,23,10.047883159418824,false
Person_9500,35,35.256449332309195,true
Person_9501,19,88.11666681442509,false
Person_9502,32,12.033927245651842,false
Person_9503,36,29.996669163697256,true
Person_9504,67,83.23390237641792,false
Person_9505,44,47.437484066451276,true
Person_9506,69,72.92094153560885,false
Person_9507,54,79.89598210515935,true
Person_9508,64,21.670067977265028,false
Person_9509,80,20.93080764075075,false
Person_9510,41,67.8609190388566,false
Person_9511,45,83.30169737909563,false
Person_9512,36,92.27399558132004,false
Person_9513,65,42.91265378457548,true
Person_9514,61,5.6059161698716276,false
Person_9515,40,22.007372357493928,true
Person_9516,56,82.17100898348261,true
Person_9517,40,23.764435897901105,true
Person_9518,59,70.04109613590163,true
Person_9519,49,1.9738475490350793,true
Person_9520,27,13.605628653852142,false
Person_9521,18,6.584999344134124,false
Person_9522,79,96.68657494154249,true
Person_9523,51,0.01617912700137003,false
Person_9524,51,25.70324372847681,false
Person_9525,25,2.407399648550823,false
Person_9526,22,64.81857618326714,false
Person_9527,59,73.81827086833655,true
Person_9528,29,73.41521471154306,false
Person_9529,73,63.27961994544604,false
Person_9530,20,7.214491034709248,false
Person_9531,67,15.247748475643519,false
Person_9532,29,75.01158044268279,true
Person_9533,62,95.75963199154798,false
Person_9534,58,65.60564385720069,false
Person_9535,34,14.981154491460046,false
Person_9536,44,85.57726946857035,false
Person_9537,18,89.71595234149301,true
Person_9538,37,32.7662822195181,true
Person_9539,29,21.991843386587494,true
Person_9540,50,88.02197234442856,false
Person_9541,68,60.730115087447444,false
Person_9542,62,96.69694667596461,false
Person_9543,36,98.42534298939424,true
Person_9544,59,9.921506279722859,true
Person_9545,50,7.702754534418787,true
Person_9546,32,74.69468461036823,true
Person_9547,70,24.673675810523733,true
Person_9548,50,45.27894318088938,false
Person_9549,66,37.752379065702314,true
Person_9550,68,0.6692230763941431,false
Person_9551,61,0.323469974961621,false
Person_9552,26,26.906099894358583,true
Person_9553,62,2.9267151171264882,false
Person_9554,54,99.19857527370397,true
Person_9555,46,62.87434567253438,false
Person_9556,44,63.812371133329236,true
Person_9557,52,32.33454702157892,false
Person_9558,30,79.10982857943144,true
Person_9559,74,45.4407427440909,true
Person_9560,29,40.90560431501673,true
Person_9561,59,52.27744186845792,false
Person_9562,75,91.21113375954091,true
Person_9563,34,64.91760435847803,false
Person_9564,79,92.5165170431447,false
Person_9565,18,57.90739036714175,false
Person_9566,70,24.677189636372333,true
Person_9567,24,18.87358534163843,true
Person_9568,44,66.17030258506898,false
Person_9569,50,99.80722896660835,true
Person_9570,52,1.925193219362098,false
Person_9571,73,35.59786330128243,false
Person_9572,49,89.72030148530676,true
Person_9573,42,69.80207762280071,false
Person_9574,39,31.554211103165585,true
Person_9575,35,31.655937319155235,false
Person_9576,54,23.538617993469057,false
Person_9577,21,18.373182903703945,true
Person_9578,31,46.9164676544238,true
Person_9579,67,90.28856441762673,true
Person_9580,23,47.1760166993517,true
Person_9581,55,30.787345206591144,true
Person_9582,44,97.15651871678632,true
Person_9583,34,89.11916956242266,false
Person_9584,43,28.88567353708823,true
Person_9585,75,77.53602883353005,false
Person_9586,58,49.20021134384643,false
Person_9587,31,40.00456446603498,true
Person_9588,27,63.93739010966728,true
Person_9589,69,70.4393842207166,true
Person_9590,48,41.0166633366966,true
Person_9591,52,22.921046235278332,false
Person_9592,34,29.795193150620204,true
Person_9593,75,34.228075578445186,true
Person_9594,28,8.42452308249937,false
Person_9595,28,78.83169218067101,true
Person_9596,72,37.18222313888554,false
Person_9597,32,75.33919305811858,false
Person_9598,22,21.915237926173102,false
Person_9599,23,21.23903335852354,false
Person_9600,25,87.36469396178322,true
Person_9601,36,79.47129450844388,false
Person_9602,34,70.28954954036561,false
Person_9603,61,49.28817279807583,false
Person_9604,42,37.972979148591804,true
Person_9605,31,90.27622921263617,true
Person_9606,72,21.200709373861905,false
Person_9607,43,59.78120015439917,false
Person_9608,73,29.059225855626025,true
Person_9609,33,98.72610553686995,true
Person_9610,72,78.22232346733807,true
Person_9611,75,23.88940903327964,true
Person_9612,33,68.57725278988582,false
Person_9613,48,17.840994222620342,false
Person_9614,79,73.04017126648031,true
Person_9615,23,89.04113741143746,false
Person_9616,22,69.04292874883807,false
Person_9617,37,22.73783839112906,false
Person_9618,50,56.393784173174076,true
Person_9619,39,79.4111477825388,true
Person_9620,64,81.29220767316362,true
Person_9621,72,43.60734924851924,false
Person_9622,47,17.957358373782228,true
Person_9623,73,59.58734625816964,true
Person_9624,30,62.12942478168737,true
Person_9625,31,15.183748673936803,false
Person_9626,18,26.799744402857208,false
Person_9627,52,70.06540133355253,true
Person_9628,68,49.78232965176132,false
Person_9629,51,36.79787676576625,true
Person_9630,27,69.77322445314066,true
Person_9631,56,34.47062560440926,true
Person_9632,42,27.881674394049348,false
Person_9633,79,55.13050111483939,true
Person_9634,55,25.939687357021825,true
Person_9635,52,72.30263793477778,true
Person_9636,68,70.5961912728619,false
Person_9637,43,71.8659433962056,false
Person_9638,39,10.759494728614015,false
Person_9639,30,87.8463175665777,false
Person_9640,47,23.43019529359376,false
Person_9641,64,97.29184362358394,true
Person_9642,72,66.67133270490432,false
Person_9643,46,16.61399515822999,true
Person_9644,78,58.55560548967016,true
Person_9645,59,69.83747888477335,true
Person_9646,26,4.730254998349148,true
Person_9647,18,50.9170292411038,true
Person_9648,39,38.0919416697282,true
Person_9649,52,92.1767884097963,false
Person_9650,74,34.95779895029864,false
Person_9651,39,89.96977887131203,true
Person_9652,25,80.23250155682648,true
Person_9653,21,68.09922662923525,false
Person_9654,69,45.10287929613601,true
Person_9655,32,61.584800875220424,false
Person_9656,23,84.71775093227222,false
Person_9657,31,69.36030580800819,false
Person_9658,72,73.17950564980859,true
Person_9659,47,31.198314719244202,true
Person_9660,57,50.45768810530606,true
Person_9661,67,33.20182540167963,true
Person_9662,61,29.18653086450678,false
Person_9663,52,48.934539791169044,false
Person_9664,33,57.50590756533222,true
Person_9665,35,43.92211516202739,false
Person_9666,78,44.662340642971735,false
Person_9667,48,66.7125870665217,false
Person_9668,42,33.203210247711645,false
Person_9669,53,75.3734083777929,false
Person_9670,46,57.014962348394214,true
Person_9671,34,36.241277844298516,true
Person_9672,34,38.493228991337645,false
Person_9673,29,40.56579891581127,false
Person_9674,73,6.788430850603467,true
Person_9675,56,37.32799717419682,false
Person_9676,73,73.43709311834073,true
Person_9677,32,96.29363482422661,false
Person_9678,41,22.540186458900425,true
Person_9679,23,50.34559614313581,true
Person_9680,36,57.97868893239634,true
Person_9681,25,32.81523053881663,true
Person_9682,24,67.48416467696457,false
Person_9683,66,3.32747687959134,false
Person_9684,69,66.78261790368461,true
Person_9685,39,64.12565215174914,true
Person_9686,18,62.17248337725142,true
Person_9687,19,8.237312930058117,false
Person_9688,25,35.8951971782238,false
Person_9689,67,0.7980887905689737,false
Person_9690,79,7.283221971979126,false
Person_9691,41,63.00181598113742,false
Person_9692,70,32.99556843085861,false
Person_9693,63,60.59199543188196,false
Person_9694,43,76.07928785298863,true
Person_9695,41,3.8909200055384674,true
Person_9696,32,72.33722939030426,true
Person_9697,38,76.86046292848381,true
Person_9698,47,24.581093964971313,true
Person_9699,23,30.587797661791083,true
Person_9700,66,25.370535947908568,true
Person_9701,66,86.01583378850184,true
Person_9702,31,29.91482656082023,true
Person_9703,71,52.65604891627325,false
Person_9704,60,96.21463129914152,false
Person_9705,42,10.35359569940506,false
Person_9706,37,31.370028261185233,true
Person_9707,55,50.01507998021928,false
Person_9708,55,0.26552685436679324,false
Person_9709,21,41.63358443772033,false
Person_9710,23,64.45553357348822,false
Person_9711,28,68.16841317297397,false
Person_9712,70,13.210461303456922,false
Person_9713,58,77.90352116700826,false
Person_9714,72,70.3104782909966,false
Person_9715,35,0.3815181366453757,true
Person_9716,49,28.42401938379695,true
Person_9717,66,42.143232034271016,false
Person_9718,69,46.93600595409569,true
Person_9719,45,8.296695225539018,false
Person_9720,73,99.07654884240151,true
Person_9721,78,80.2869717010861,true
Person_9722,62,10.073226116342216,true
Person_9723,61,7.994408043942169,false
Person_9724,33,54.27444823305705,true
Person_9725,19,51.405189659359166,true
Person_9726,57,99.46625509894852,true
Person_9727,72,8.270983560963408,true
Person_9728,59,94.06943617517133,false
Person_9729,28,56.62046678762576,true
Person_9730,19,67.5627980290556,false
Person_9731,62,78.56265745010293,false
Person_9732,61,22.54049177051003,false
Person_9733,78,51.38516863251581,false
Person_9734,44,27.58314808670922,false
Person_9735,51,96.90378584415902,true
Person_9736,66,36.09634444681261,true
Person_9737,20,88.41747912002062,false
Person_9738,77,60.56247170180718,false
Person_9739,74,0.6576902313521371,true
Person_9740,43,28.537684332719117,true
Person_9741,22,38.894628627923986,true
Person_9742,77,9.311025078993085,false
Person_9743,67,67.2754574318227,false
Person_9744,24,92.29047006416528,true
Person_9745,50,29.18404978834325,true
Person_9746,50,13.467496220844744,true
Person_9747,26,23.080958532487127,true
Person_9748,71,67.19521207229296,false
Person_9749,58,10.143211034843358,false
Person_9750,35,50.357340727184194,true
Person_9751,21,58.96931248542179,false
Person_9752,57,33.64078903987687,false
Person_9753,57,60.81989646549627,true
Person_9754,48,0.5877089407845038,false
Person_9755,76,94.09754014025197,false
Person_9756,39,8.733246646430025,false
Person_9757,38,25.163540766680036,true
Person_9758,80,83.44791660661606,false
Person_9759,77,50.420479528782224,false
Person_9760,22,50.95430010136345,true
Person_9761,78,83.73554216468378,true
Person_9762,25,32.77808360397113,false
Person_9763,45,8.859300283208238,false
Person_9764,28,32.86731550899401,true
Person_9765,59,46.26646946034335,false
Person_9766,73,52.580455327340495,false
Person_9767,43,72.69819617251169,false
Person_9768,52,44.67665530974265,false
Person_9769,66,97.82924394614862,false
Person_9770,68,84.7956053354309,false
Person_9771,28,97.10007937497738,false
Person_9772,18,61.30830450826795,false
Person_9773,33,92.57612482673684,true
Person_9774,55,81.13846170107314,false
Person_9775,60,3.8951528732859675,true
Person_9776,35,84.45309669121195,true
Person_9777,65,99.37862203988362,true
Person_9778,32,26.885754400572324,true
Person_9779,20,53.77605935880491,true
Person_9780,61,96.74429879066948,true
Person_9781,64,30.570463141077266,true
Person_9782,38,0.8291703474264778,true
Person_9783,78,40.25266830642615,false
Person_9784,31,19.74066484951791,true
Person_9785,75,52.6663761949953,true
Person_9786,66,91.46816801086048,true
Person_9787,48,77.41150846786982,true
Person_9788,79,14.067967614975686,true
Person_9789,37,40.661583994840264,true
Person_9790,21,61.729499755058605,false
Person_9791,77,91.1547400651834,false
Person_9792,32,35.55654134602243,false
Person_9793,54,55.13170837613281,false
Person_9794,75,48.30058170830965,false
Person_9795,38,45.45252210117059,true
Person_9796,37,60.054895686879206,false
Person_9797,20,66.62842197368725,true
Person_9798,41,99.3013705944969,true
Person_9799,68,9.270850634783246,false
Person_9800,67,58.51183042261309,false
Person_9801,57,12.434827887417333,false
Person_9802,30,81.1454719752125,false
Person_9803,65,5.603765382581094,true
Person_9804,30,38.91019238976452,true
Person_9805,65,60.44089159448033,false
Person_9806,56,32.42050484918241,false
Person_9807,32,79.28366989776633,true
Person_9808,66,30.127355337496866,true
Person_9809,54,49.24778485305203,true
Person_9810,29,4.941926156272669,true
Person_9811,39,25.93287036444719,true
Person_9812,43,89.69771134537991,false
Person_9813,41,99.30497292250753,false
Person_9814,55,89.37695280943637,true
Person_9815,62,30.122459009410917,true
Person_9816,60,77.22407339035327,true
Person_9817,78,3.756019322763249,true
Person_9818,47,93.0577498900967,false
Person_9819,54,81.30145904097701,true
Person_9820,74,24.94335640201719,false
Person_9821,76,22.003827052404713,true
Person_9822,27,2.4541981160196014,false
Person_9823,65,84.76544558518793,false
Person_9824,69,30.572290468400908,false
Person_9825,53,3.587644240789689,false
Person_9826,47,24.682390403851706,true
Person_9827,33,55.56456555951883,false
Person_9828,77,9.855676968863026,false
Person_9829,44,35.26806895986674,true
Person_9830,54,21.525094153191848,false
Person_9831,28,19.612166657556873,false
Person_9832,31,91.86137920728584,true
Person_9833,48,61.38012596477351,true
Person_9834,52,85.78214964508535,true
Person_9835,74,24.95821862695674,false
Person_9836,51,66.36783507147582,false
Person_9837,31,88.95566312556772,true
Person_9838,77,31.43774488008203,true
Person_9839,56,86.69002800152383,false
Person_9840,25,67.23627308269077,false
Person_9841,33,99.92469001875928,true
Person_9842,59,90.18852656586932,true
Person_9843,28,77.06660027747331,false
Person_9844,72,68.73402069525206,false
Person_9845,31,8.087298097672413,false
Person_9846,66,32.97548778475552,false
Person_9847,80,96.9284479327301,true
Person_9848,25,82.64680346881998,false
Person_9849,43,59.021094159470664,false
Person_9850,25,8.876286224611574,true
Person_9851,73,77.9203461881872,true
Person_9852,68,57.24314409298814,true
Person_9853,59,61.31808291030255,false
Person_9854,64,63.24260753078034,true
Person_9855,61,43.947042991493454,true
Person_9856,79,47.90023774926075,true
Person_9857,68,47.68258293863548,true
Person_9858,64,42.9757812296957,false
Person_9859,44,0.18562150944647637,true
Person_9860,47,94.97620001488724,true
Person_9861,76,83.37154151262875,false
Person_9862,78,97.68738024685129,false
Person_9863,79,25.103939208942027,true
Person_9864,27,52.973365915737325,false
Person_9865,37,9.224490504849324,false
Person_9866,62,22.678943470194636,false
Person_9867,47,52.16480993256951,false
Person_9868,21,52.56146826098982,false
Person_9869,73,6.988557761799652,true
Person_9870,42,8.077652920173506,false
Person_9871,18,38.38082606651977,true
Person_9872,63,64.40574288308285,true
Person_9873,55,90.48027897449799,false
Person_9874,60,16.20303368872821,true
Person_9875,72,93.47465269196454,false
Person_9876,50,90.90398185187132,true
Person_9877,41,29.911893746469364,false
Person_9878,75,59.189046201167564,false
Person_9879,80,60.08538434027879,true
Person_9880,26,45.878879136110214,true
Person_9881,19,21.45419567039569,true
Person_9882,52,66.37948389322761,false
Person_9883,40,47.319872115252004,true
Person_9884,27,86.10633461891204,false
Person_9885,33,34.36556806532418,true
Person_9886,18,0.08552664325918169,false
Person_9887,25,21.079082992008924,true
Person_9888,41,4.004854886261288,false
Person_9889,72,44.20693218122238,false
Person_9890,71,15.647820071151862,false
Person_9891,79,61.61220900870875,true
Person_9892,77,31.858851457791136,true
Person_9893,65,61.9047701064808,false
Person_9894,25,74.03773251769924,false
Person_9895,57,79.28354115390164,true
Person_9896,59,85.79904835047336,true
Person_9897,60,57.18155675916127,true
Person_9898,74,37.7841746147113,false
Person_9899,69,29.95381471741395,true
Person_9900,48,27.149640528870744,false
Person_9901,79,70.86295887043616,true
Person_9902,57,97.28460400596308,false
Person_9903,59,60.31368989085719,true
Person_9904,18,0.7791477933737134,false
Person_9905,24,54.31132567172057,true
Person_9906,46,67.6059891865517,true
Person_9907,48,15.859724188378788,false
Person_9908,43,33.15254848820204,true
Person_9909,22,34.71626173746864,false
Person_9910,55,87.97839587822288,true
Person_9911,78,98.2355690743534,false
Person_9912,35,37.23440185755119,false
Person_9913,56,53.87158243976421,true
Person_9914,75,97.89156781926278,true
Person_9915,65,0.5963265228397407,false
Person_9916,62,31.099494515973337,false
Person_9917,35,99.87526267060709,false
Person_9918,62,96.35224496573186,true
Person_9919,37,69.73916968174647,false
Person_9920,43,31.57257641169221,true
Person_9921,33,12.25289672372476,false
Person_9922,33,87.39338188016652,false
Person_9923,31,87.68775171644032,true
Person_9924,19,45.79722309580557,false
Person_9925,61,63.72311493000821,false
Person_9926,60,53.5216101637644,false
Person_9927,59,31.962675305688528,false
Person_9928,75,23.763870986330605,false
Person_9929,61,63.65211979193294,false
Person_9930,65,35.37848716033404,true
Person_9931,53,51.390036615982815,false
Person_9932,46,55.23894000119552,true
Person_9933,48,11.200230760093987,false
Person_9934,59,30.81170581774432,false
Person_9935,60,59.40887618001327,true
Person_9936,19,7.74338716479509,false
Person_9937,39,12.585264563374999,true
Person_9938,80,29.58090846199485,true
Person_9939,61,98.52474624648131,false
Person_9940,78,83.84744120185643,true
Person_9941,19,91.14882010083053,false
Person_9942,57,63.78171075828843,true
Person_9943,73,24.21666381850742,true
Person_9944,53,16.911049244813658,false
Person_9945,59,53.1395323970728,true
Person_9946,40,91.20291804341754,true
Person_9947,73,2.1904827205389554,true
Person_9948,59,53.792322190044615,true
Person_9949,46,7.348101051267941,true
Person_9950,47,48.823621387998394,false
Person_9951,37,78.7817889092373,false
Person_9952,66,81.06159804985012,false
Person_9953,71,52.024416521919456,false
Person_9954,49,20.47963869422331,true
Person_9955,39,59.7131023193296,false
Person_9956,80,79.6009206600335,false
Person_9957,59,31.49686836707175,true
Person_9958,52,26.55203247649933,true
Person_9959,66,50.20107498648214,true
Person_9960,34,58.69275360210575,true
Person_9961,60,47.79341845380593,true
Person_9962,20,6.574927375905048,false
Person_9963,46,24.78197426979666,true
Person_9964,57,85.95366704968939,true
Person_9965,65,84.9470628272301,true
Person_9966,64,54.544954352600705,false
Person_9967,64,83.68860889604312,true
Person_9968,44,91.48790626951285,true
Person_9969,57,42.060976741993294,false
Person_9970,57,87.91602778976745,false
Person_9971,24,33.9936012526899,true
Person_9972,31,14.643545854940287,false
Person_9973,60,32.852962885023295,false
Person_9974,41,21.912697937861058,false
Person_9975,74,49.69235163058801,true
Person_9976,52,44.218163764460094,false
Person_9977,37,67.82127462305696,true
Person_9978,26,16.8382514101325,true
Person_9979,73,99.1362690870786,false
Person_9980,75,96.46082650964874,false
Person_9981,59,86.59122593466363,false
Person_9982,40,29.202233235692386,false
Person_9983,39,66.38911929775435,false
Person_9984,72,19.624189085464426,false
Person_9985,38,73.0632753595707,false
Person_9986,55,27.696464036290102,true
Person_9987,72,27.774777110566827,false
Person_9988,20,48.51028046383522,false
Person_9989,62,87.93199639619468,false
Person_9990,33,38.939917438133676,false
Person_9991,59,2.5950564529126363,false
Person_9992,46,39.00361516923273,true
Person_9993,38,11.559329130948138,false
Person_9994,53,49.62987307270278,true
Person_9995,45,71.83550527934777,false
Person_9996,68,61.61325889955117,true
Person_9997,73,72.77538352313971,false
Person_9998,47,32.90101514367228,false
Person_9999,42,74.10638891267045,false
